id_oglasa,naslov,tip_nepremicnine,stevilo_sob_opis,stevilo_sob,cena,valuta,m2,leto_gradnje,nadstropje,opis_kratek,url_oglasa
7111539,"BRDO, LUKSUZ NA GRBINI",Stanovanje,3-sobno,3.0,3100.0,EUR,286.6,2009,P,"286,6 m2, 3-sobno, zgrajeno l. 2009, adaptirano l. 2025, pritličje, oddamo. Cena: 3.100,00 EUR/mes",https://www.nepremicnine.net/oglasi-oddaja/brdo-luksuz-na-grbini-stanovanje_7111539/
7408946,DRAVLJE,Stanovanje,4-sobno,4.0,2700.0,EUR,106.0,2019,4/4,"106 m2, 4-sobno, zgrajeno l. 2019, 4/4 nad., oddamo. Cena: 2.700,00 EUR/mes",https://www.nepremicnine.net/oglasi-oddaja/dravlje-stanovanje_7408946/
7078051,"KAMNIK, MALOGRAJSKI DVOR",Stanovanje,Apartma,,3500.0,EUR,260.0,1800,3/3,"260 m2, apartma, ""penthouse"", zgrajen l. 1800, adaptiran l. 2010, 600 m2 zemljišča, 3/3 nad., oddamo. Cena: 3....",https://www.nepremicnine.net/oglasi-oddaja/kamnik-malograjski-dvor-stanovanje_7078051/
6848932,"LJ. BEŽIGRAD, LJ",Stanovanje,Soba,,500.0,EUR,25.0,1980,,"25 m2, soba, zgrajena l. 1980, adaptirana l. 2019, nadstandardna enoposteljna soba s svojo kopalnico za bežigradom v lju...",https://www.nepremicnine.net/oglasi-oddaja/lj-bezigrad-lj-stanovanje_6848932/
7375310,"LJ. CENTER, RESLJEVA",Stanovanje,5 in večsobno,,5300.0,EUR,190.0,1920,2/7,"190 m2, 5 in večsobno, zgrajeno l. 1920, adaptirano l. 2024, 2/7 nad., oddamo. Cena: 5.300,00 EUR/mes",https://www.nepremicnine.net/oglasi-oddaja/lj-center-resljeva-stanovanje_7375310/
7041648,"LJ. MOSTE, POKOPALIŠKA 49",Stanovanje,4-sobno,4.0,3500.0,EUR,238.0,2006,4/4,"238 m2, 4-sobno, ""penthouse"", zgrajeno l. 2006, 4/4 nad., od 1.6.2026 dalje, oddamo. Cena: 3.500,00 EUR/mes",https://www.nepremicnine.net/oglasi-oddaja/lj-moste-pokopaliska-49-stanovanje_7041648/
7366136,LOGATEC,Stanovanje,"2,5-sobno",2.5,700.0,EUR,80.0,1957,1/1,"80 m2, 2,5-sobno, zgrajeno l. 1957, adaptirano l. 2026, 1/1 nad., oddamo. Cena: 700,00 EUR/mes",https://www.nepremicnine.net/oglasi-oddaja/logatec-stanovanje_7366136/
7363354,LOGATEC,Stanovanje,4-sobno,4.0,1550.0,EUR,135.0,2005,3/4,"135 m2, 4-sobno, zgrajeno l. 2005, 3/4 nad., Oddajamo Svetlo, Moderno & Prostorno stanovanje z ložo - samo 25 km od ...",https://www.nepremicnine.net/oglasi-oddaja/logatec-stanovanje_7363354/
7398412,"SAVSKO NASELJE, LJ. BEŽIGRAD",Stanovanje,2-sobno,2.0,1150.0,EUR,45.0,1960,1/4,"45 m2, 2-sobno, zgrajeno l. 1960, adaptirano l. 2026, 1/4 nad., oddamo. Cena: 1.150,00 EUR/mes",https://www.nepremicnine.net/oglasi-oddaja/savsko-naselje-lj-bezigrad-stanovanje_7398412/
7381181,STARA LJ.,Stanovanje,3-sobno,3.0,2800.0,EUR,171.6,1896,4,"171,6 m2, 3-sobno, zgrajeno l. 1896, adaptirano l. 2002, 4. nad., oddamo. Cena: 2.800,00 EUR/mes",https://www.nepremicnine.net/oglasi-oddaja/stara-lj-stanovanje_7381181/
7383825,"ZUPANČIČEVA JAMA, CENTER",Stanovanje,"2,5-sobno",2.5,1100.0,EUR,60.0,1965,4/4,"60 m2, 2,5-sobno, zgrajeno l. 1965, adaptirano l. 2023, 4/4 nad., Oddamo 2,5-sobno stanovanje in garažo v Župančičevi ja...",https://www.nepremicnine.net/oglasi-oddaja/zupanciceva-jama-center-stanovanje_7383825/
6988009,AJDOVŠČINA,Stanovanje,Soba,,170.0,EUR,15.0,2002,P,"15 m2, soba, zgrajena l. 2002, pritličje, oddamo. Cena: 170,00 EUR/mes",https://www.nepremicnine.net/oglasi-oddaja/ajdovscina-stanovanje_6988009/
6988010,AJDOVŠČINA,Stanovanje,Soba,,190.0,EUR,15.0,2002,P,"15 m2, soba, zgrajena l. 2002, pritličje, oddamo. Cena: 190,00 EUR/mes",https://www.nepremicnine.net/oglasi-oddaja/ajdovscina-stanovanje_6988010/
6988011,AJDOVŠČINA,Stanovanje,Soba,,220.0,EUR,15.0,2002,P,"15 m2, soba, zgrajena l. 2002, pritličje, oddamo. Cena: 220,00 EUR/mes",https://www.nepremicnine.net/oglasi-oddaja/ajdovscina-stanovanje_6988011/
7350073,AJDOVŠČINA,Stanovanje,2-sobno,2.0,650.0,EUR,59.4,1959,,"59,4 m2, 2-sobno, zgrajeno l. 1959, oddamo. Cena: 650,00 EUR/mes",https://www.nepremicnine.net/oglasi-oddaja/ajdovscina-stanovanje_7350073/
7310094,AJDOVŠČINA,Stanovanje,"3,5-sobno",3.5,1200.0,EUR,105.0,2024,4/4,"105 m2, 3,5-sobno, zgrajeno l. 2024, 4/4 nad., Varščina za najem nepremičnine, oddamo. Cena: cca 1.200,00 EUR/mes",https://www.nepremicnine.net/oglasi-oddaja/ajdovscina-stanovanje_7310094/
7398180,"AJŠEVICA, NOVA GORICA",Stanovanje,"3,5-sobno",3.5,850.0,EUR,85.0,2019,P/1,"85 m2, 3,5-sobno, zgrajeno l. 2019, P/1 nad., oddamo. Cena: 850,00 EUR/mes",https://www.nepremicnine.net/oglasi-oddaja/ajsevica-nova-gorica-stanovanje_7398180/
7414275,ANKARAN,Stanovanje,Garsonjera,,700.0,EUR,24.0,2025,2/2,"24 m2, garsonjera, adaptirana l. 2025, 2/2 nad., oddamo. Cena: cca 700,00 EUR/mes",https://www.nepremicnine.net/oglasi-oddaja/ankaran-stanovanje_7414275/
7394440,ANKARAN,Stanovanje,2-sobno,2.0,990.0,EUR,50.0,1990,1/1,"50 m2, 2-sobno, zgrajeno l. 1990, 1/1 nad., oddamo. Cena: 990,00 EUR/mes",https://www.nepremicnine.net/oglasi-oddaja/ankaran-stanovanje_7394440/
7389059,"ANKARAN, ZELENA OAZA 2000",Stanovanje,1-sobno,1.0,1000.0,EUR,52.2,2000,P/2,"52,2 m2, 1-sobno, zgrajeno l. 2000, adaptirano l. 2021, P/2 nad., Novejše, prenovljeno in opremljeno stanovanje na izred...",https://www.nepremicnine.net/oglasi-oddaja/ankaran-zelena-oaza-2000-stanovanje_7389059/
6934995,APNENIK PRI BOŠTANJU,Stanovanje,2-sobno,2.0,650.0,EUR,75.0,2014,,"75 m2, 2-sobno, zgrajeno l. 2014, oddamo. Cena: 650,00 EUR/mes",https://www.nepremicnine.net/oglasi-oddaja/apnenik-pri-bostanju-stanovanje_6934995/
6900330,APNENIK PRI BOŠTANJU,Stanovanje,"2,5-sobno",2.5,650.0,EUR,75.0,2014,,"75 m2, 2,5-sobno, zgrajeno l. 2014, oddamo. Cena: 650,00 EUR/mes",https://www.nepremicnine.net/oglasi-oddaja/apnenik-pri-bostanju-stanovanje_6900330/
7266683,AUGUST SENOA,Stanovanje,1-sobno,1.0,1100.0,EUR,60.0,1929,,"60 m2, 1-sobno, zgrajeno l. 1929, oddamo. Cena: 1.100,00 EUR/mes",https://www.nepremicnine.net/oglasi-oddaja/august-senoa-stanovanje_7266683/
7372597,AUGUST SENOA,Stanovanje,1-sobno,1.0,1500.0,EUR,89.0,1907,,"89 m2, 1-sobno, zgrajeno l. 1907, oddamo. Cena: 1.500,00 EUR/mes",https://www.nepremicnine.net/oglasi-oddaja/august-senoa-stanovanje_7372597/
7164671,AUGUST SENOA,Stanovanje,Drugo,,3000.0,EUR,200.0,,,"200 m2, stanovanje, oddamo. Cena: 3.000,00 EUR/mes",https://www.nepremicnine.net/oglasi-oddaja/august-senoa-stanovanje_7164671/
7361114,"AUGUST SENOA, CENTAR",Stanovanje,2-sobno,2.0,1500.0,EUR,107.0,,,"107 m2, 2-sobno, oddamo. Cena: 1.500,00 EUR/mes",https://www.nepremicnine.net/oglasi-oddaja/august-senoa-centar-stanovanje_7361114/
7404791,"AUGUST SENOA, DONJI GRAD",Stanovanje,1-sobno,1.0,750.0,EUR,33.0,,,"33 m2, 1-sobno, oddamo. Cena: 750,00 EUR/mes",https://www.nepremicnine.net/oglasi-oddaja/august-senoa-donji-grad-stanovanje_7404791/
7404793,"AUGUST SENOA, DONJI GRAD",Stanovanje,1-sobno,1.0,750.0,EUR,33.0,,,"33 m2, 1-sobno, oddamo. Cena: 750,00 EUR/mes",https://www.nepremicnine.net/oglasi-oddaja/august-senoa-donji-grad-stanovanje_7404793/
7404792,"AUGUST SENOA, DONJI GRAD",Stanovanje,1-sobno,1.0,750.0,EUR,33.0,,,"33 m2, 1-sobno, oddamo. Cena: 750,00 EUR/mes",https://www.nepremicnine.net/oglasi-oddaja/august-senoa-donji-grad-stanovanje_7404792/
7368089,"AUGUST SENOA, DONJI GRAD",Stanovanje,3-sobno,3.0,3400.0,EUR,170.0,,,"170 m2, 3-sobno, oddamo. Cena: 3.400,00 EUR/mes",https://www.nepremicnine.net/oglasi-oddaja/august-senoa-donji-grad-stanovanje_7368089/
7285346,"AUGUST SENOA, GUNDULIĆEVA",Stanovanje,3-sobno,3.0,1100.0,EUR,80.0,,,"80 m2, 3-sobno, oddamo. Cena: 1.100,00 EUR/mes",https://www.nepremicnine.net/oglasi-oddaja/august-senoa-gunduliceva-stanovanje_7285346/
7283081,"AUGUST SENOA, MARULIĆEV TRG",Stanovanje,4-sobno,4.0,3900.0,EUR,280.0,,,"280 m2, 4-sobno, oddamo. Cena: 3.900,00 EUR/mes",https://www.nepremicnine.net/oglasi-oddaja/august-senoa-marulicev-trg-stanovanje_7283081/
7400398,"AUGUST SENOA, PALMOTIĆEVA ULICA",Stanovanje,3-sobno,3.0,2700.0,EUR,133.0,,,"133 m2, 3-sobno, oddamo. Cena: 2.700,00 EUR/mes",https://www.nepremicnine.net/oglasi-oddaja/august-senoa-palmoticeva-ulica-stanovanje_7400398/
7131920,"AVSTRIJA, BAD RADKERSBURG",Stanovanje,2-sobno,2.0,650.0,EUR,55.0,1968,1/4,"55 m2, 2-sobno, zgrajeno l. 1968, 1/4 nad., prenovljeno 60 m2 2-sobno najemniško stanovanje z balkonom v bad radkersburg...",https://www.nepremicnine.net/oglasi-oddaja/avstrija-bad-radkersburg-stanovanje_7131920/
7005245,BABNO POLJE,Stanovanje,2-sobno,2.0,400.0,EUR,100.0,1975,P+1,"100 m2, 2-sobno, zgrajeno l. 1975, adaptirano l. 2025, 704 m2 zemljišča, P+1, oddamo. Cena: cca 400,00 EUR/mes",https://www.nepremicnine.net/oglasi-oddaja/babno-polje-stanovanje_7005245/
7338695,BAČVICE - FIRULE,Stanovanje,2-sobno,2.0,1000.0,EUR,42.0,,,"42 m2, 2-sobno, oddamo. Cena: 1.000,00 EUR/mes",https://www.nepremicnine.net/oglasi-oddaja/bacvice-firule-stanovanje_7338695/
7062417,BAČVICE - FIRULE,Stanovanje,2-sobno,2.0,1300.0,EUR,65.0,,,"65 m2, 2-sobno, oddamo. Cena: 1.300,00 EUR/mes",https://www.nepremicnine.net/oglasi-oddaja/bacvice-firule-stanovanje_7062417/
7285391,BAČVICE - FIRULE,Stanovanje,2-sobno,2.0,1400.0,EUR,70.0,,,"70 m2, 2-sobno, oddamo. Cena: 1.400,00 EUR/mes",https://www.nepremicnine.net/oglasi-oddaja/bacvice-firule-stanovanje_7285391/
6822320,BAČVICE - FIRULE,Stanovanje,2-sobno,2.0,3000.0,EUR,75.0,,,"75 m2, 2-sobno, oddamo. Cena: 3.000,00 EUR/mes",https://www.nepremicnine.net/oglasi-oddaja/bacvice-firule-stanovanje_6822320/
7372220,BAČVICE - FIRULE,Stanovanje,2-sobno,2.0,1700.0,EUR,82.0,,,"82 m2, 2-sobno, oddamo. Cena: 1.700,00 EUR/mes",https://www.nepremicnine.net/oglasi-oddaja/bacvice-firule-stanovanje_7372220/
7060041,BAČVICE - FIRULE,Stanovanje,2-sobno,2.0,2000.0,EUR,82.0,,,"82 m2, 2-sobno, oddamo. Cena: 2.000,00 EUR/mes",https://www.nepremicnine.net/oglasi-oddaja/bacvice-firule-stanovanje_7060041/
7285811,BAČVICE - FIRULE,Stanovanje,4-sobno,4.0,1500.0,EUR,105.0,,,"105 m2, 4-sobno, oddamo. Cena: 1.500,00 EUR/mes",https://www.nepremicnine.net/oglasi-oddaja/bacvice-firule-stanovanje_7285811/
7365562,BAČVICE - FIRULE,Stanovanje,3-sobno,3.0,1200.0,EUR,115.0,,,"115 m2, 3-sobno, oddamo. Cena: 1.200,00 EUR/mes",https://www.nepremicnine.net/oglasi-oddaja/bacvice-firule-stanovanje_7365562/
7372024,"BAČVICE - FIRULE, SPINCICEVA",Stanovanje,4-sobno,4.0,2650.0,EUR,140.0,,,"140 m2, 4-sobno, oddamo. Cena: 2.650,00 EUR/mes",https://www.nepremicnine.net/oglasi-oddaja/bacvice-firule-spinciceva-stanovanje_7372024/
7078479,"BAČVICE - FIRULE, ZENTA",Stanovanje,2-sobno,2.0,2500.0,EUR,103.0,,,"103 m2, 2-sobno, oddamo. Cena: 2.500,00 EUR/mes",https://www.nepremicnine.net/oglasi-oddaja/bacvice-firule-zenta-stanovanje_7078479/
7252272,"BAKARAC, ŠMRIKA, KRALJEVICA",Stanovanje,1-sobno,1.0,220.0,EUR,60.0,,,"60 m2, 1-sobno, oddamo. Cena: 220,00 EUR/mes",https://www.nepremicnine.net/oglasi-oddaja/bakarac-smrika-kraljevica-stanovanje_7252272/
7338899,BANOVCI,Stanovanje,2-sobno,2.0,330.0,EUR,42.0,2006,,"42 m2, 2-sobno, zgrajeno l. 2006, oddamo. Cena: 330,00 EUR/mes",https://www.nepremicnine.net/oglasi-oddaja/banovci-stanovanje_7338899/
7363233,BAŠANIJA,Stanovanje,3-sobno,3.0,850.0,EUR,85.0,2008,,"85 m2, 3-sobno, zgrajeno l. 2008, oddamo. Cena: 850,00 EUR/mes",https://www.nepremicnine.net/oglasi-oddaja/basanija-stanovanje_7363233/
7409029,"BAŠKA, OB PLAŽI",Stanovanje,"1,5-sobno",1.5,85.0,EUR,40.0,1998,2/2,"40 m2, 1,5-sobno, zgrajeno l. 1998, adaptirano l. 2026, 15 m2 zemljišča, 2/2 nad., izjemna lokacija, možen kakršenkoli d...",https://www.nepremicnine.net/oglasi-oddaja/baska-ob-plazi-stanovanje_7409029/
6675742,BEČ,Stanovanje,3-sobno,3.0,600.0,EUR,55.0,2018,P+1,"55 m2, 3-sobno, adaptirano l. 2018, 2.000 m2 zemljišča, P+1, Beč v občini Cerknica, oddamo hišo,dvostanovanjsko, oddamo....",https://www.nepremicnine.net/oglasi-oddaja/bec-stanovanje_6675742/
7239330,"BEGOVO RAZDOLJE, TUK MRKOPALJSKI, MRKOPALJ",Stanovanje,3-sobno,3.0,600.0,EUR,100.0,,,"100 m2, 3-sobno, oddamo. Cena: 600,00 EUR/mes",https://www.nepremicnine.net/oglasi-oddaja/begovo-razdolje-tuk-mrkopaljski-mrkopalj-stanovanje_7239330/
7268870,BELIŠĆE,Stanovanje,Drugo,,2500.0,EUR,747.0,,,"747 m2, stanovanje, oddamo. Cena: 2.500,00 EUR/mes",https://www.nepremicnine.net/oglasi-oddaja/belisce-stanovanje_7268870/
7407575,BELVEDER,Stanovanje,2-sobno,2.0,700.0,EUR,53.0,,,"53 m2, 2-sobno, oddamo. Cena: 700,00 EUR/mes",https://www.nepremicnine.net/oglasi-oddaja/belveder-stanovanje_7407575/
7401456,BELVEDER,Stanovanje,2-sobno,2.0,800.0,EUR,53.0,,,"53 m2, 2-sobno, oddamo. Cena: 800,00 EUR/mes",https://www.nepremicnine.net/oglasi-oddaja/belveder-stanovanje_7401456/
7409706,BELVEDER,Stanovanje,2-sobno,2.0,700.0,EUR,64.0,,,"64 m2, 2-sobno, oddamo. Cena: 700,00 EUR/mes",https://www.nepremicnine.net/oglasi-oddaja/belveder-stanovanje_7409706/
7410308,BELVEDER,Stanovanje,2-sobno,2.0,800.0,EUR,68.0,,,"68 m2, 2-sobno, oddamo. Cena: 800,00 EUR/mes",https://www.nepremicnine.net/oglasi-oddaja/belveder-stanovanje_7410308/
7403137,BELVEDER,Stanovanje,1-sobno,1.0,1300.0,EUR,75.0,,,"75 m2, 1-sobno, oddamo. Cena: 1.300,00 EUR/mes",https://www.nepremicnine.net/oglasi-oddaja/belveder-stanovanje_7403137/
7406721,BELVEDER,Stanovanje,2-sobno,2.0,1000.0,EUR,96.0,1936,,"96 m2, 2-sobno, zgrajeno l. 1936, oddamo. Cena: 1.000,00 EUR/mes",https://www.nepremicnine.net/oglasi-oddaja/belveder-stanovanje_7406721/
7403081,BELVEDER,Stanovanje,2-sobno,2.0,1500.0,EUR,105.0,,,"105 m2, 2-sobno, oddamo. Cena: 1.500,00 EUR/mes",https://www.nepremicnine.net/oglasi-oddaja/belveder-stanovanje_7403081/
7409122,"BELVEDER, RIJEKA",Stanovanje,2-sobno,2.0,550.0,EUR,39.0,,,"39 m2, 2-sobno, oddamo. Cena: 550,00 EUR/mes",https://www.nepremicnine.net/oglasi-oddaja/belveder-rijeka-stanovanje_7409122/
7392700,"BELVEDER, RIJEKA",Stanovanje,1-sobno,1.0,650.0,EUR,45.0,,,"45 m2, 1-sobno, oddamo. Cena: 650,00 EUR/mes",https://www.nepremicnine.net/oglasi-oddaja/belveder-rijeka-stanovanje_7392700/
7392696,"BELVEDER, RIJEKA",Stanovanje,1-sobno,1.0,650.0,EUR,45.0,,,"45 m2, 1-sobno, oddamo. Cena: 650,00 EUR/mes",https://www.nepremicnine.net/oglasi-oddaja/belveder-rijeka-stanovanje_7392696/
7392926,"BELVEDER, RIJEKA",Stanovanje,2-sobno,2.0,700.0,EUR,50.0,,,"50 m2, 2-sobno, oddamo. Cena: 700,00 EUR/mes",https://www.nepremicnine.net/oglasi-oddaja/belveder-rijeka-stanovanje_7392926/
7410395,"BELVEDER, RIJEKA",Stanovanje,2-sobno,2.0,800.0,EUR,68.0,,,"68 m2, 2-sobno, oddamo. Cena: 800,00 EUR/mes",https://www.nepremicnine.net/oglasi-oddaja/belveder-rijeka-stanovanje_7410395/
7392324,"BELVEDER, RIJEKA",Stanovanje,2-sobno,2.0,700.0,EUR,68.0,,,"68 m2, 2-sobno, oddamo. Cena: 700,00 EUR/mes",https://www.nepremicnine.net/oglasi-oddaja/belveder-rijeka-stanovanje_7392324/
7393413,"BELVEDER, RIJEKA",Stanovanje,2-sobno,2.0,800.0,EUR,72.0,,,"72 m2, 2-sobno, oddamo. Cena: 800,00 EUR/mes",https://www.nepremicnine.net/oglasi-oddaja/belveder-rijeka-stanovanje_7393413/
7393127,"BELVEDER, RIJEKA",Stanovanje,2-sobno,2.0,650.0,EUR,75.0,,,"75 m2, 2-sobno, oddamo. Cena: 650,00 EUR/mes",https://www.nepremicnine.net/oglasi-oddaja/belveder-rijeka-stanovanje_7393127/
7409732,"BELVEDER, RIJEKA",Stanovanje,3-sobno,3.0,800.0,EUR,80.0,,,"80 m2, 3-sobno, oddamo. Cena: 800,00 EUR/mes",https://www.nepremicnine.net/oglasi-oddaja/belveder-rijeka-stanovanje_7409732/
7392175,"BELVEDER, RIJEKA",Stanovanje,5 in večsobno,,125.0,EUR,150.0,,,"150 m2, 5 in večsobno, oddamo. Cena: 125,00 EUR/mes",https://www.nepremicnine.net/oglasi-oddaja/belveder-rijeka-stanovanje_7392175/
7394057,"BELVEDER, ŠKOLJIĆ, RIJEKA",Stanovanje,1-sobno,1.0,700.0,EUR,58.0,,,"58 m2, 1-sobno, oddamo. Cena: 700,00 EUR/mes",https://www.nepremicnine.net/oglasi-oddaja/belveder-skoljic-rijeka-stanovanje_7394057/
7145481,BERIČEVO,Stanovanje,2-sobno,2.0,650.0,EUR,70.0,1970,M/2,"70 m2, 2-sobno, zgrajeno l. 1970, adaptirano l. 2005, M/2 nad., Beričevo 70 m2, 2-sobno, zgrajeno l.1970, prenovljeno l....",https://www.nepremicnine.net/oglasi-oddaja/bericevo-stanovanje_7145481/
7331361,BERTOKI,Stanovanje,Garsonjera,,900.0,EUR,25.0,2021,1/1,"25 m2, garsonjera, adaptirana l. 2021, adaptirana l. 2021, 1/1 nad., Oddamo apartma za 2-3 osebe lahko delavce, blizu Ko...",https://www.nepremicnine.net/oglasi-oddaja/bertoki-stanovanje_7331361/
7410771,BETNAVA,Stanovanje,3-sobno,3.0,1150.0,EUR,98.0,2017,P/17,"98 m2, 3-sobno, adaptirano l. 2017, P/17 nad., oddamo. Cena: 1.150,00 EUR/mes",https://www.nepremicnine.net/oglasi-oddaja/betnava-stanovanje_7410771/
7410840,"BETNAVA, V BLIŽINI MERCATOR CENTRA TABOR",Stanovanje,1-sobno,1.0,480.0,EUR,35.0,1971,4,"35 m2, 1-sobno, zgrajeno l. 1971, 4. nad., Prijetno stanovanje, 35 m2, v urejenem bloku z dvigalom, kletjo in kolesarnic...",https://www.nepremicnine.net/oglasi-oddaja/betnava-v-blizini-mercator-centra-tabor-stanovanje_7410840/
6835626,"BEŽIGRAJSKI DVOR, TOPNIŠKA ULICA",Stanovanje,Soba,,400.0,EUR,10.0,1975,2/4,"10 m2, soba, zgrajena l. 1975, adaptirana l. 2010, 2/4 nad., Enoposteljna soba z balkonom1450 metrov od centra LJ, Topni...",https://www.nepremicnine.net/oglasi-oddaja/bezigrajski-dvor-topniska-ulica-stanovanje_6835626/
7412989,BISTRICA OB DRAVI,Stanovanje,3-sobno,3.0,430.0,EUR,73.0,1985,4/4,"73 m2, 3-sobno, zgrajeno l. 1985, 4/4 nad., bistrica ob dravi - prostorno 3-sobno stanovanje, cca 73 m2, oddamo. Cena: 4...",https://www.nepremicnine.net/oglasi-oddaja/bistrica-ob-dravi-stanovanje_7412989/
7275636,BIZELJSKO,Stanovanje,3-sobno,3.0,450.0,EUR,66.3,1962,2/2,"66,3 m2, 3-sobno, zgrajeno l. 1962, 2/2 nad., oddamo. Cena: 450,00 EUR/mes",https://www.nepremicnine.net/oglasi-oddaja/bizeljsko-stanovanje_7275636/
7412673,BLED,Stanovanje,Soba,,320.0,EUR,15.0,1940,VP/2,"15 m2, soba, zgrajena l. 1940, VP/2 nad., oddamo. Cena: 320,00 EUR/mes",https://www.nepremicnine.net/oglasi-oddaja/bled-stanovanje_7412673/
7255131,BLED,Stanovanje,1-sobno,1.0,1031.0,EUR,25.0,1985,,"25 m2, 1-sobno, zgrajeno l. 1985, adaptirano l. 2024, oddamo. Cena: 1.031,00 EUR/mes",https://www.nepremicnine.net/oglasi-oddaja/bled-stanovanje_7255131/
7395840,BLED,Stanovanje,2-sobno,2.0,900.0,EUR,40.0,2009,P/3,"40 m2, 2-sobno, zgrajeno l. 2009, 16 m2 zemljišča, P/3 nad., Oddaja se prijetno 2-sobno stanovanje z lastnim vhodom, vrt...",https://www.nepremicnine.net/oglasi-oddaja/bled-stanovanje_7395840/
7412666,BLED,Stanovanje,2-sobno,2.0,750.0,EUR,55.0,1940,2/2,"55 m2, 2-sobno, zgrajeno l. 1940, adaptirano l. 2026, 2/2 nad., oddamo. Cena: 750,00 EUR/mes",https://www.nepremicnine.net/oglasi-oddaja/bled-stanovanje_7412666/
7241979,BLED,Stanovanje,4-sobno,4.0,1300.0,EUR,85.2,1973,P,"85,2 m2, 4-sobno, zgrajeno l. 1973, pritličje, oddamo. Cena: 1.300,00 EUR/mes",https://www.nepremicnine.net/oglasi-oddaja/bled-stanovanje_7241979/
7255135,BLED,Stanovanje,"2,5-sobno",2.5,1694.0,EUR,115.0,1985,,"115 m2, 2,5-sobno, zgrajeno l. 1985, adaptirano l. 2024, oddamo. Cena: 1.694,00 EUR/mes",https://www.nepremicnine.net/oglasi-oddaja/bled-stanovanje_7255135/
7255138,BLED,Stanovanje,"3,5-sobno",3.5,1936.0,EUR,115.0,1985,,"115 m2, 3,5-sobno, zgrajeno l. 1985, adaptirano l. 2024, oddamo. Cena: 1.936,00 EUR/mes",https://www.nepremicnine.net/oglasi-oddaja/bled-stanovanje_7255138/
7403594,"BLED, DOBE",Stanovanje,3-sobno,3.0,1000.0,EUR,80.5,2024,VP/2,"80,5 m2, 3-sobno, adaptirano l. 2024, VP/2 nad., Stanovanje je vseljivo od 1.10.2026 dalje, oddamo. Cena: 1.000,00 EUR/m...",https://www.nepremicnine.net/oglasi-oddaja/bled-dobe-stanovanje_7403594/
6740695,BLEJSKA DOBRAVA,Stanovanje,4-sobno,4.0,200.0,EUR,96.0,1968,1/M,"96 m2, 4-sobno, zgrajeno l. 1968, adaptirano l. 2022, 1/M, Oddamo postelje v povsem renoviranem svetlem stanovanju s sou...",https://www.nepremicnine.net/oglasi-oddaja/blejska-dobrava-stanovanje_6740695/
6987610,"BLEJSKA DOBRAVA, 50A",Stanovanje,5 in večsobno,,200.0,EUR,92.0,1961,VP/1,"92 m2, 5 in večsobno, zgrajeno l. 1961, adaptirano l. 2022, 100 m2 zemljišča, VP/1 nad., V vasi Blejska Dobrava je na vo...",https://www.nepremicnine.net/oglasi-oddaja/blejska-dobrava-50a-stanovanje_6987610/
7371721,BOBOVEK,Stanovanje,4-sobno,4.0,900.0,EUR,110.0,1990,1,"110 m2, 4-sobno, zgrajeno l. 1990, 150 m2 zemljišča, 1. nad., oddamo. Cena: 900,00 EUR/mes",https://www.nepremicnine.net/oglasi-oddaja/bobovek-stanovanje_7371721/
7057933,BOHINJSKA BISTRICA,Stanovanje,2-sobno,2.0,880.0,EUR,60.0,2007,2,"60 m2, 2-sobno, zgrajeno l. 2007, 2. nad., Stanovanje s parkirnim mestom v garazi in lastno shrambo v kleti, oddamo. Cen...",https://www.nepremicnine.net/oglasi-oddaja/bohinjska-bistrica-stanovanje_7057933/
7355087,BOHINJSKA BISTRICA,Stanovanje,"3,5-sobno",3.5,950.0,EUR,82.0,2026,P,"82 m2, 3,5-sobno, zgrajeno l. 2026, 300 m2 zemljišča, pritličje, Stanovanje v hiši za dolgoročni najem, oddamo. Cena: cc...",https://www.nepremicnine.net/oglasi-oddaja/bohinjska-bistrica-stanovanje_7355087/
7309308,"BOKANJAC, ZADAR",Stanovanje,1-sobno,1.0,250.0,EUR,57.0,,,"57 m2, 1-sobno, oddamo. Cena: 250,00 EUR/mes",https://www.nepremicnine.net/oglasi-oddaja/bokanjac-zadar-stanovanje_7309308/
7414732,BOŠAMARIN,Stanovanje,Drugo,,650.0,EUR,40.0,2018,M,"40 m2, stanovanje, zgrajeno l. 2018, mansarda, oddamo. Cena: 650,00 EUR/mes",https://www.nepremicnine.net/oglasi-oddaja/bosamarin-stanovanje_7414732/
7409768,BRDO,Stanovanje,Soba,,300.0,EUR,8.0,1968,1/2,"8 m2, soba, zgrajena l. 1968, adaptirana l. 2023, 100 m2 zemljišča, 1/2 nad., oddamo. Cena: 300,00 EUR/mes",https://www.nepremicnine.net/oglasi-oddaja/brdo-stanovanje_7409768/
7386586,BRDO,Stanovanje,Soba,,290.0,EUR,20.0,2023,,"20 m2, soba, adaptirana l. 2023, Na odlični lokaciji na Brdu oddamo svetlo in prostorno dvoposteljno sobo v 2-sobnem sta...",https://www.nepremicnine.net/oglasi-oddaja/brdo-stanovanje_7386586/
7345390,BRDO,Stanovanje,1-sobno,1.0,750.0,EUR,34.0,2014,3/4,"34 m2, 1-sobno, zgrajeno l. 2014, 3/4 nad., Oddamo sveže prebeljeno enosobno stanovanje z novo posteljo in garažnim park...",https://www.nepremicnine.net/oglasi-oddaja/brdo-stanovanje_7345390/
7403894,BRDO,Stanovanje,Garsonjera,,730.0,EUR,38.5,1987,1/3,"38,5 m2, garsonjera, zgrajena l. 1987, adaptirana l. 2017, 1/3 nad., oddamo. Cena: 730,00 EUR/mes",https://www.nepremicnine.net/oglasi-oddaja/brdo-stanovanje_7403894/
7410741,BRDO,Stanovanje,"2,5-sobno",2.5,1200.0,EUR,60.0,1972,1/2,"60 m2, 2,5-sobno, zgrajeno l. 1972, adaptirano l. 2015, 1/2 nad., Stanovanje v večstanovanjski hiši. Stroški bivanja vkl...",https://www.nepremicnine.net/oglasi-oddaja/brdo-stanovanje_7410741/
7369831,BRDO,Stanovanje,3-sobno,3.0,2000.0,EUR,82.0,2026,P/3,"82 m2, 3-sobno, novogradnja - zgr. l. 2026, P/3 nad., Popolnoma novo stanovanje se sedaj opremlja za novega dolgoročnega...",https://www.nepremicnine.net/oglasi-oddaja/brdo-stanovanje_7369831/
7086443,BRDO,Stanovanje,3-sobno,3.0,2120.0,EUR,95.4,2011,1/2,"95,4 m2, 3-sobno, zgrajeno l. 2011, 1/2 nad., oddamo. Cena: 2.120,00 EUR/mes",https://www.nepremicnine.net/oglasi-oddaja/brdo-stanovanje_7086443/
7328642,BRDO,Stanovanje,3-sobno,3.0,3700.0,EUR,114.5,2009,P/2,"114,5 m2, 3-sobno, zgrajeno l. 2009, adaptirano l. 2025, P/2 nad., oddamo. Cena: 3.700,00 EUR/mes",https://www.nepremicnine.net/oglasi-oddaja/brdo-stanovanje_7328642/
7394472,BRDO,Stanovanje,4-sobno,4.0,4000.0,EUR,118.5,2009,P/2,"118,5 m2, 4-sobno, zgrajeno l. 2009, adaptirano l. 2025, P/2 nad., oddamo. Cena: 4.000,00 EUR/mes",https://www.nepremicnine.net/oglasi-oddaja/brdo-stanovanje_7394472/
7347682,BRDO,Stanovanje,"3,5-sobno",3.5,2990.0,EUR,122.0,1999,2/4,"122 m2, 3,5-sobno, zgrajeno l. 1999, adaptirano l. 2022, 2/4 nad., svetlo in prostorno stanovanje z garažnim mestom, z v...",https://www.nepremicnine.net/oglasi-oddaja/brdo-stanovanje_7347682/
7328650,BRDO,Stanovanje,"4,5-sobno",4.5,6100.0,EUR,157.2,2009,2/2,"157,2 m2, 4,5-sobno, zgrajeno l. 2009, adaptirano l. 2025, 2/2 nad., oddamo. Cena: 6.100,00 EUR/mes",https://www.nepremicnine.net/oglasi-oddaja/brdo-stanovanje_7328650/
7352110,BRDO,Stanovanje,"4,5-sobno",4.5,5100.0,EUR,201.5,2009,2/2,"201,5 m2, 4,5-sobno, zgrajeno l. 2009, adaptirano l. 2025, 2/2 nad., oddamo. Cena: 5.100,00 EUR/mes",https://www.nepremicnine.net/oglasi-oddaja/brdo-stanovanje_7352110/
7315767,BRDO,Stanovanje,4-sobno,4.0,6100.0,EUR,243.5,2009,,"243,5 m2, 4-sobno, zgrajeno l. 2009, adaptirano l. 2025, uporabna površina znaša 201,5 m2, 2 parkirni mesti, terasa, odd...",https://www.nepremicnine.net/oglasi-oddaja/brdo-stanovanje_7315767/
7196333,"BRDO, BLIŽINA BANKE, BUS",Stanovanje,4-sobno,4.0,2100.0,EUR,94.2,2011,1/2,"94,2 m2, 4-sobno, zgrajeno l. 2011, 1/2 nad., hodnik, kuhinja z jedilnico in dnevni prostor, manjša soba, ki lahko je pi...",https://www.nepremicnine.net/oglasi-oddaja/brdo-blizina-banke-bus-stanovanje_7196333/
7196341,"BRDO, BLIŽINA BANKE, BUS",Stanovanje,3-sobno,3.0,3100.0,EUR,114.5,2009,P/2,"114,5 m2, 3-sobno, zgrajeno l. 2009, adaptirano l. 2025, 148,8 m2 zemljišča, P/2 nad., kompletno moderno opremljeno, še ...",https://www.nepremicnine.net/oglasi-oddaja/brdo-blizina-banke-bus-stanovanje_7196341/
7315773,"BRDO, BLIŽINA OSNOVNE ŠOLE VIČ",Stanovanje,4-sobno,4.0,4000.0,EUR,124.1,2009,P,"124,1 m2, 4-sobno, zgrajeno l. 2009, adaptirano l. 2025, pritličje, uporabna površina znaša 118,5 m2 (po podatkih gursa)...",https://www.nepremicnine.net/oglasi-oddaja/brdo-blizina-osnovne-sole-vic-stanovanje_7315773/
7315852,"BRDO, CESTA NA",Stanovanje,"3,5-sobno",3.5,1900.0,EUR,113.0,2022,1/2,"113 m2, 3,5-sobno, zgrajeno l. 2022, 1/2 nad., lepo stanovanje z parkiriščem, opremljeno, dvigalo, odlična lokacija, shr...",https://www.nepremicnine.net/oglasi-oddaja/brdo-cesta-na-stanovanje_7315852/
7111611,"BRDO, LUKSUZ NA GRBINI",Stanovanje,4-sobno,4.0,3500.0,EUR,159.7,2009,1,"159,7 m2, 4-sobno, zgrajeno l. 2009, adaptirano l. 2025, 1. nad., oddamo. Cena: 3.500,00 EUR/mes",https://www.nepremicnine.net/oglasi-oddaja/brdo-luksuz-na-grbini-stanovanje_7111611/
7111557,"BRDO, LUKSUZ S POGLEDOM NA GRAD",Stanovanje,"4,5-sobno",4.5,5700.0,EUR,292.4,2009,2/2,"292,4 m2, 4,5-sobno, zgrajeno l. 2009, adaptirano l. 2025, 2/2 nad., oddamo. Cena: 5.700,00 EUR/mes",https://www.nepremicnine.net/oglasi-oddaja/brdo-luksuz-s-pogledom-na-grad-stanovanje_7111557/
7058992,"BRDO, NASELJE ZELENI GAJ",Stanovanje,3-sobno,3.0,1550.0,EUR,74.62,2016,1/5,"74,62 m2, 3-sobno, zgrajeno l. 2016, 1/5 nad., V novejšem naselju Zeleni Gaj na Brdu oddamo v najem svetlo, prijetno in ...",https://www.nepremicnine.net/oglasi-oddaja/brdo-naselje-zeleni-gaj-stanovanje_7058992/
7381168,"BRDO, VILA NOVA, POGLED NA ROŽNIK",Stanovanje,4-sobno,4.0,2500.0,EUR,107.59,2025,2/2,"107,59 m2, 4-sobno, zgrajeno l. 2025, 2/2 nad., V neposredni bližini Rožne Doline, na zelo zaželeni lokaciji, posredujem...",https://www.nepremicnine.net/oglasi-oddaja/brdo-vila-nova-pogled-na-roznik-stanovanje_7381168/
7198085,"BRDO, VRHOVCI, VIČ",Stanovanje,Soba,,400.0,EUR,18.0,2000,P/3,"18 m2, soba, v stavbi zgrajeni l. 2000, adaptirana l. 2024, 700 m2 zemljišča, P/3 nad., LJ - VIČ; Vrhovci, Brdo. Dvostan...",https://www.nepremicnine.net/oglasi-oddaja/brdo-vrhovci-vic-stanovanje_7198085/
7315782,"BRDO, VSA INFRASTRUKTURA V BLIŽINI",Stanovanje,4-sobno,4.0,5100.0,EUR,207.3,2009,2,"207,3 m2, 4-sobno, zgrajeno l. 2009, adaptirano l. 2025, 2. nad., uporabna površina znaša 157,2 m2 (po podatkih gursa), ...",https://www.nepremicnine.net/oglasi-oddaja/brdo-vsa-infrastruktura-v-blizini-stanovanje_7315782/
7315857,"BRDO, ŽAUCERJEVA ULICA",Stanovanje,4-sobno,4.0,3500.0,EUR,159.0,2009,1/2,"159 m2, 4-sobno, zgrajeno l. 2009, adaptirano l. 2025, 1/2 nad., lepa lokacija, balkon, dvigalo, 2 parkirišča v garaži, ...",https://www.nepremicnine.net/oglasi-oddaja/brdo-zaucerjeva-ulica-stanovanje_7315857/
7315860,"BRDO, ŽAUCERJEVA ULICA",Stanovanje,3-sobno,3.0,2800.0,EUR,160.0,2009,1/2,"160 m2, 3-sobno, zgrajeno l. 2009, adaptirano l. 2025, 1/2 nad., lepa lokacija, balkon, dvigalo, 2 parkirišča v garaži, ...",https://www.nepremicnine.net/oglasi-oddaja/brdo-zaucerjeva-ulica-stanovanje_7315860/
7315865,"BRDO, ŽAUCERJEVA ULICA",Stanovanje,4-sobno,4.0,4750.0,EUR,250.4,2009,,"250,4 m2, 4-sobno, zgrajeno l. 2009, adaptirano l. 2025, penthouse, lepa lokacija, velika terasa 50 m2, dvigalo, 2 parki...",https://www.nepremicnine.net/oglasi-oddaja/brdo-zaucerjeva-ulica-stanovanje_7315865/
7315854,"BRDO, ŽAUCERJEVA ULICA",Stanovanje,4-sobno,4.0,3800.0,EUR,276.0,2009,P/2,"276 m2, 4-sobno, zgrajeno l. 2009, adaptirano l. 2025, P/2 nad., lepa lokacija, velika terasa, dvigalo, 2 parkirišča v g...",https://www.nepremicnine.net/oglasi-oddaja/brdo-zaucerjeva-ulica-stanovanje_7315854/
7315856,"BRDO, ŽAUCERJEVA ULICA",Stanovanje,3-sobno,3.0,3100.0,EUR,283.6,2009,P/2,"283,6 m2, 3-sobno, zgrajeno l. 2009, adaptirano l. 2025, P/2 nad., lepa lokacija, velika terasa, dvigalo, 2 parkirišča v...",https://www.nepremicnine.net/oglasi-oddaja/brdo-zaucerjeva-ulica-stanovanje_7315856/
7315863,"BRDO, ŽAUCERJEVA ULICA",Stanovanje,4-sobno,4.0,5700.0,EUR,292.0,2009,,"292 m2, 4-sobno, zgrajeno l. 2009, adaptirano l. 2025, penthouse, lepa lokacija, velika terasa, 3 lože, dvigalo, 2 parki...",https://www.nepremicnine.net/oglasi-oddaja/brdo-zaucerjeva-ulica-stanovanje_7315863/
7243222,"BRDOVEC, PRIGORJE BRDOVEČKO",Stanovanje,2-sobno,2.0,250.0,EUR,75.0,,,"75 m2, 2-sobno, oddamo. Cena: 250,00 EUR/mes",https://www.nepremicnine.net/oglasi-oddaja/brdovec-prigorje-brdovecko-stanovanje_7243222/
7408386,BREG PRI RIBNICI NA DOLENJSKEM,Stanovanje,2-sobno,2.0,600.0,EUR,60.0,1929,VP/1,"60 m2, 2-sobno, zgrajeno l. 1929, adaptirano l. 2025, VP/1 nad., oddamo. Cena: 600,00 EUR/mes",https://www.nepremicnine.net/oglasi-oddaja/breg-pri-ribnici-na-dolenjskem-stanovanje_7408386/
7393850,"BREZA, KLANA",Stanovanje,2-sobno,2.0,450.0,EUR,40.0,,,"40 m2, 2-sobno, oddamo. Cena: 450,00 EUR/mes",https://www.nepremicnine.net/oglasi-oddaja/breza-klana-stanovanje_7393850/
7393846,"BREZA, KLANA",Stanovanje,2-sobno,2.0,600.0,EUR,60.0,,,"60 m2, 2-sobno, oddamo. Cena: 600,00 EUR/mes",https://www.nepremicnine.net/oglasi-oddaja/breza-klana-stanovanje_7393846/
7405269,BREZJE,Stanovanje,2-sobno,2.0,500.0,EUR,50.0,1980,VP,"50 m2, 2-sobno, zgrajeno l. 1980, adaptirano l. 2020, visoko pritličje, Prenovljeno 2-sobno stanovanje v hiši z balkonom...",https://www.nepremicnine.net/oglasi-oddaja/brezje-stanovanje_7405269/
7407481,BREZJE,Stanovanje,2-sobno,2.0,580.0,EUR,65.0,2019,,"65 m2, 2-sobno, zgrajeno l. 2019, maribor - brezje, opremljeno stanovanje s samostojnim vhodom, približno 65 m2, oddamo....",https://www.nepremicnine.net/oglasi-oddaja/brezje-stanovanje_7407481/
7367461,BREZOVICA PRI LJUBLJANI,Stanovanje,2-sobno,2.0,900.0,EUR,100.0,1995,P,"100 m2, 2-sobno, zgrajeno l. 1995, 400 m2 zemljišča, pritličje, Oddam dvosobno stanovanje v pritličju 100m/2 na Brezovic...",https://www.nepremicnine.net/oglasi-oddaja/brezovica-pri-ljubljani-stanovanje_7367461/
7243709,BREZOVICA SEVER,Stanovanje,2-sobno,2.0,180.0,EUR,60.0,,,"60 m2, 2-sobno, oddamo. Cena: 180,00 EUR/mes",https://www.nepremicnine.net/oglasi-oddaja/brezovica-sever-stanovanje_7243709/
7254161,BREZOVICA SEVER,Stanovanje,2-sobno,2.0,200.0,EUR,60.0,,,"60 m2, 2-sobno, oddamo. Cena: 200,00 EUR/mes",https://www.nepremicnine.net/oglasi-oddaja/brezovica-sever-stanovanje_7254161/
7252690,"BREZOVICA SEVER, DEMERJE",Stanovanje,3-sobno,3.0,150.0,EUR,200.0,,,"200 m2, 3-sobno, oddamo. Cena: 150,00 EUR/mes",https://www.nepremicnine.net/oglasi-oddaja/brezovica-sever-demerje-stanovanje_7252690/
6721338,BREŽICE,Stanovanje,Soba,,195.0,EUR,18.0,2007,,"18 m2, soba, zgrajena l. 2007, oddamo. Cena: 195,00 EUR/mes",https://www.nepremicnine.net/oglasi-oddaja/brezice-stanovanje_6721338/
7412022,BREŽICE,Stanovanje,"1,5-sobno",1.5,470.0,EUR,43.0,1961,,"43 m2, 1,5-sobno, zgrajeno l. 1961, oddamo. Cena: 470,00 EUR/mes",https://www.nepremicnine.net/oglasi-oddaja/brezice-stanovanje_7412022/
7314927,BREŽICE,Stanovanje,2-sobno,2.0,600.0,EUR,56.0,1974,,"56 m2, 2-sobno, zgrajeno l. 1974, oddamo. Cena: 600,00 EUR/mes",https://www.nepremicnine.net/oglasi-oddaja/brezice-stanovanje_7314927/
7382196,BREŽICE,Stanovanje,"3,5-sobno",3.5,750.0,EUR,90.0,1970,1/1,"90 m2, 3,5-sobno, zgrajeno l. 1970, adaptirano l. 2026, 1/1 nad., Oddamo v dolgoročni najem prijetno 3,5 sobno stanovanj...",https://www.nepremicnine.net/oglasi-oddaja/brezice-stanovanje_7382196/
7386620,BREŽICE,Stanovanje,3-sobno,3.0,750.0,EUR,100.0,2021,1,"100 m2, 3-sobno, adaptirano l. 2021, 1. nad., V okolici Brežic bo na voljo tri sobno stanovanje na lepi in mirni lokacij...",https://www.nepremicnine.net/oglasi-oddaja/brezice-stanovanje_7386620/
6721752,"BREŽICE, CENTER",Stanovanje,Soba,,350.0,EUR,14.0,2007,P,"14 m2, soba, zgrajena l. 2007, pritličje, oddamo. Cena: 350,00 EUR/mes",https://www.nepremicnine.net/oglasi-oddaja/brezice-center-stanovanje_6721752/
7408319,"BREŽICE, CENTER MESTA, POLEG DOMA",Stanovanje,"1,5-sobno",1.5,800.0,EUR,52.0,2013,2,"52 m2, 1,5-sobno, oskrbovano stanovanje za starejše, zgrajeno l. 2013, 2. nad., oddamo. Cena: cca 800,00 EUR/mes",https://www.nepremicnine.net/oglasi-oddaja/brezice-center-mesta-poleg-doma-stanovanje_7408319/
7357867,"BREŽICE, CESTA BRATOV MILAVCEV 88",Stanovanje,Soba,,250.0,EUR,20.0,2024,2,"20 m2, soba, adaptirana l. 2024, 2. nad., oddamo. Cena: 250,00 EUR/mes",https://www.nepremicnine.net/oglasi-oddaja/brezice-cesta-bratov-milavcev-88-stanovanje_7357867/
7405817,"BREŽICE, TRNJE",Stanovanje,1-sobno,1.0,400.0,EUR,34.3,1987,3/4,"34,3 m2, 1-sobno, zgrajeno l. 1987, 3/4 nad., Z-lega, prostoren balkon (4 m2), v mirnem in urejenem bloku. Primerno za e...",https://www.nepremicnine.net/oglasi-oddaja/brezice-trnje-stanovanje_7405817/
7383289,"BRINJE, BEŽIGRAD",Stanovanje,1-sobno,1.0,800.0,EUR,42.0,1964,VP/2,"42 m2, 1-sobno, zgrajeno l. 1964, adaptirano l. 2008, VP/2 nad., 1-s stanovanje v vrstni hiši z lastnim vhodom orientira...",https://www.nepremicnine.net/oglasi-oddaja/brinje-bezigrad-stanovanje_7383289/
7414730,"BRINJE, LJ. BEŽIGRAD",Stanovanje,2-sobno,2.0,900.0,EUR,60.0,1964,,"60 m2, 2-sobno, zgrajeno l. 1964, 1. nad., primerno za študente (bližina fakultet), oddamo. Cena: 900,00 EUR/mes",https://www.nepremicnine.net/oglasi-oddaja/brinje-lj-bezigrad-stanovanje_7414730/
7412937,BROD,Stanovanje,1-sobno,1.0,650.0,EUR,35.0,2021,PK/1,"35 m2, 1-sobno, adaptirano l. 2021, PK/1 nad., oddamo. Cena: 650,00 EUR/mes",https://www.nepremicnine.net/oglasi-oddaja/brod-stanovanje_7412937/
7404724,BROD,Stanovanje,2-sobno,2.0,1150.0,EUR,37.4,2026,3/5,"37,4 m2, 2-sobno, zgrajeno l. 2026, 3/5 nad., oddamo. Cena: 1.150,00 EUR/mes",https://www.nepremicnine.net/oglasi-oddaja/brod-stanovanje_7404724/
7368845,BROD,Stanovanje,2-sobno,2.0,1050.0,EUR,47.3,2026,1/4,"47,3 m2, 2-sobno, zgrajeno l. 2026, 1/4 nad., ljubljana brod tacen, 47,3 m2 - oddaja, dvosobno stanovanje s parkirnim me...",https://www.nepremicnine.net/oglasi-oddaja/brod-stanovanje_7368845/
7413784,BROD,Stanovanje,"2,5-sobno",2.5,1100.0,EUR,58.52,2006,3/4,"58,52 m2, 2,5-sobno, zgrajeno l. 2006, 3/4 nad., Dvoinpol sobno stanovanje na Brodu, oddamo. Cena: 1.100,00 EUR/mes",https://www.nepremicnine.net/oglasi-oddaja/brod-stanovanje_7413784/
7410282,"BROD, NASELJE TACENSKI DVORI",Stanovanje,2-sobno,2.0,900.0,EUR,61.0,2006,1/4,"61 m2, 2-sobno, zgrajeno l. 2006, 1/4 nad., Opremljeno, 53 m2 uporabne površine, 8 m2 loža, lastniško parkirno mesto v k...",https://www.nepremicnine.net/oglasi-oddaja/brod-naselje-tacenski-dvori-stanovanje_7410282/
7408900,"BROD, PRI TACNU POD ŠMARNO GORO",Stanovanje,2-sobno,2.0,750.0,EUR,70.0,1968,,"70 m2, 2-sobno, zgrajeno l. 1968, oddamo. Cena: 750,00 EUR/mes",https://www.nepremicnine.net/oglasi-oddaja/brod-pri-tacnu-pod-smarno-goro-stanovanje_7408900/
7313575,"BROD, SLOVENIJA",Stanovanje,1-sobno,1.0,850.0,EUR,35.0,1904,1/2,"35 m2, 1-sobno, zgrajeno l. 1904, adaptirano l. 2025, 50 m2 zemljišča, 1/2 nad., oddamo. Cena: cca 850,00 EUR/mes",https://www.nepremicnine.net/oglasi-oddaja/brod-slovenija-stanovanje_7313575/
7407329,"BROD, VIŽMARJE",Stanovanje,2-sobno,2.0,800.0,EUR,52.0,2000,P/3,"52 m2, 2-sobno, zgrajeno l. 2000, adaptirano l. 2024, P/3 nad., Novejše, lepo dvosobno stanovanje v mirnem okolju v Ljub...",https://www.nepremicnine.net/oglasi-oddaja/brod-vizmarje-stanovanje_7407329/
7333138,"BROD, ZNIŽANA CENA",Stanovanje,5 in večsobno,,2250.0,EUR,147.7,2003,4/4,"147,7 m2, 5 in večsobno, zgrajeno l. 2003, adaptirano l. 2017, 4/4 nad., oddamo. Cena: 2.250,00 EUR/mes",https://www.nepremicnine.net/oglasi-oddaja/brod-znizana-cena-stanovanje_7333138/
7396461,BRODARICA - VIŠNJIK,Stanovanje,3-sobno,3.0,1500.0,EUR,105.0,2026,,"105 m2, 3-sobno, novogradnja - zgr. l. 2026, oddamo. Cena: 1.500,00 EUR/mes",https://www.nepremicnine.net/oglasi-oddaja/brodarica-visnjik-stanovanje_7396461/
7343953,BS 3,Stanovanje,"2,5-sobno",2.5,350.0,EUR,52.0,1975,3/4,"52 m2, 2,5-sobno, zgrajeno l. 1975, adaptirano l. 2024, 3/4 nad., Oddam stanovanje za študijsko leto 26/27 od 1.10.2026 ...",https://www.nepremicnine.net/oglasi-oddaja/bs-3-stanovanje_7343953/
7281237,BS 3,Stanovanje,"2,5-sobno",2.5,1100.0,EUR,70.0,1976,P/4,"70 m2, 2,5-sobno, zgrajeno l. 1976, 60 m2 zemljišča, P/4 nad., oddamo. Cena: 1.100,00 EUR/mes",https://www.nepremicnine.net/oglasi-oddaja/bs-3-stanovanje_7281237/
7405845,BS 3,Stanovanje,4-sobno,4.0,1350.0,EUR,107.0,1977,P/4,"107 m2, 4-sobno, zgrajeno l. 1977, adaptirano l. 2006, 96 m2 zemljišča, P/4 nad., oddamo. Cena: 1.350,00 EUR/mes",https://www.nepremicnine.net/oglasi-oddaja/bs-3-stanovanje_7405845/
7281279,"BS 3, BEŽIGRAD, BS3, MAROLTOVA ULICA",Stanovanje,Soba,,240.0,EUR,12.5,1978,2/4,"12,5 m2, soba, zgrajena l. 1978, adaptirana l. 2023, 2/4 nad., V zelo lepo urejenem stanovanju v BS3, kjer so že same št...",https://www.nepremicnine.net/oglasi-oddaja/bs-3-bezigrad-bs3-maroltova-ulica-stanovanje_7281279/
7374996,BTC,Stanovanje,1-sobno,1.0,970.0,EUR,47.0,2026,5/5,"47 m2, 1-sobno, zgrajeno l. 2026, 5/5 nad., Novogradnja, Jelinčičeva 7, Lj. Novo, neopremljeno, oddamo. Cena: 970,00 EUR...",https://www.nepremicnine.net/oglasi-oddaja/btc-stanovanje_7374996/
7364931,BTC,Stanovanje,"2,5-sobno",2.5,850.0,EUR,59.2,1961,2,"59,2 m2, 2,5-sobno, zgrajeno l. 1961, 2. nad., oddamo. Cena: 850,00 EUR/mes",https://www.nepremicnine.net/oglasi-oddaja/btc-stanovanje_7364931/
7273078,BUKOVAC - REMETE,Stanovanje,2-sobno,2.0,1300.0,EUR,74.0,2006,,"74 m2, 2-sobno, zgrajeno l. 2006, oddamo. Cena: 1.300,00 EUR/mes",https://www.nepremicnine.net/oglasi-oddaja/bukovac-remete-stanovanje_7273078/
7377110,BUKOVAC - REMETE,Stanovanje,3-sobno,3.0,900.0,EUR,95.0,1993,,"95 m2, 3-sobno, zgrajeno l. 1993, oddamo. Cena: 900,00 EUR/mes",https://www.nepremicnine.net/oglasi-oddaja/bukovac-remete-stanovanje_7377110/
7266967,BUKOVAC - REMETE,Stanovanje,1-sobno,1.0,1000.0,EUR,100.0,1980,,"100 m2, 1-sobno, zgrajeno l. 1980, oddamo. Cena: 1.000,00 EUR/mes",https://www.nepremicnine.net/oglasi-oddaja/bukovac-remete-stanovanje_7266967/
7375731,BUKOVAC - REMETE,Stanovanje,2-sobno,2.0,1300.0,EUR,103.0,2012,,"103 m2, 2-sobno, zgrajeno l. 2012, oddamo. Cena: 1.300,00 EUR/mes",https://www.nepremicnine.net/oglasi-oddaja/bukovac-remete-stanovanje_7375731/
7373995,BUKOVAC - REMETE,Stanovanje,3-sobno,3.0,1500.0,EUR,110.0,2010,,"110 m2, 3-sobno, zgrajeno l. 2010, oddamo. Cena: 1.500,00 EUR/mes",https://www.nepremicnine.net/oglasi-oddaja/bukovac-remete-stanovanje_7373995/
7328531,BUKOVAC - REMETE,Stanovanje,3-sobno,3.0,1600.0,EUR,115.0,2012,,"115 m2, 3-sobno, zgrajeno l. 2012, oddamo. Cena: 1.600,00 EUR/mes",https://www.nepremicnine.net/oglasi-oddaja/bukovac-remete-stanovanje_7328531/
7268107,BUKOVAC - REMETE,Stanovanje,3-sobno,3.0,1200.0,EUR,120.0,1980,,"120 m2, 3-sobno, zgrajeno l. 1980, oddamo. Cena: 1.200,00 EUR/mes",https://www.nepremicnine.net/oglasi-oddaja/bukovac-remete-stanovanje_7268107/
6683903,BUKOVAC - REMETE,Stanovanje,3-sobno,3.0,2200.0,EUR,142.0,,,"142 m2, 3-sobno, ""penthouse"", oddamo. Cena: 2.200,00 EUR/mes",https://www.nepremicnine.net/oglasi-oddaja/bukovac-remete-stanovanje_6683903/
7267822,BUKOVAC - REMETE,Stanovanje,3-sobno,3.0,1900.0,EUR,157.0,2007,,"157 m2, 3-sobno, zgrajeno l. 2007, oddamo. Cena: 1.900,00 EUR/mes",https://www.nepremicnine.net/oglasi-oddaja/bukovac-remete-stanovanje_7267822/
7268546,BUKOVAC - REMETE,Stanovanje,3-sobno,3.0,1900.0,EUR,157.0,2007,,"157 m2, 3-sobno, zgrajeno l. 2007, oddamo. Cena: 1.900,00 EUR/mes",https://www.nepremicnine.net/oglasi-oddaja/bukovac-remete-stanovanje_7268546/
7396440,BUKOVAC - REMETE,Stanovanje,3-sobno,3.0,2800.0,EUR,170.0,1999,,"170 m2, 3-sobno, zgrajeno l. 1999, oddamo. Cena: 2.800,00 EUR/mes",https://www.nepremicnine.net/oglasi-oddaja/bukovac-remete-stanovanje_7396440/
7372407,"BUKOVAC - REMETE, BIJENIČKA",Stanovanje,3-sobno,3.0,2500.0,EUR,100.0,,,"100 m2, 3-sobno, ""penthouse"", oddamo. Cena: 2.500,00 EUR/mes",https://www.nepremicnine.net/oglasi-oddaja/bukovac-remete-bijenicka-stanovanje_7372407/
7373559,"BUKOVAC - REMETE, BUKOVAČKA",Stanovanje,3-sobno,3.0,3200.0,EUR,157.0,,,"157 m2, 3-sobno, oddamo. Cena: 3.200,00 EUR/mes",https://www.nepremicnine.net/oglasi-oddaja/bukovac-remete-bukovacka-stanovanje_7373559/
7372356,"BUKOVAC - REMETE, ČREŠNJEVEC",Stanovanje,3-sobno,3.0,1900.0,EUR,125.0,,,"125 m2, 3-sobno, oddamo. Cena: 1.900,00 EUR/mes",https://www.nepremicnine.net/oglasi-oddaja/bukovac-remete-cresnjevec-stanovanje_7372356/
7376786,"BUKOVAC - REMETE, DONJI",Stanovanje,2-sobno,2.0,1000.0,EUR,96.0,,,"96 m2, 2-sobno, oddamo. Cena: 1.000,00 EUR/mes",https://www.nepremicnine.net/oglasi-oddaja/bukovac-remete-donji-stanovanje_7376786/
6999986,"BUKOVAC - REMETE, DONJI",Stanovanje,2-sobno,2.0,5000.0,EUR,210.0,,,"210 m2, 2-sobno, oddamo. Cena: 5.000,00 EUR/mes",https://www.nepremicnine.net/oglasi-oddaja/bukovac-remete-donji-stanovanje_6999986/
7381288,"BUKOVAC - REMETE, FRATROVAC",Stanovanje,1-sobno,1.0,400.0,EUR,25.0,,,"25 m2, 1-sobno, oddamo. Cena: 400,00 EUR/mes",https://www.nepremicnine.net/oglasi-oddaja/bukovac-remete-fratrovac-stanovanje_7381288/
7313871,"BUKOVAC - REMETE, GORNJI",Stanovanje,3-sobno,3.0,1300.0,EUR,92.0,,,"92 m2, 3-sobno, oddamo. Cena: 1.300,00 EUR/mes",https://www.nepremicnine.net/oglasi-oddaja/bukovac-remete-gornji-stanovanje_7313871/
7254427,"BUKOVAC - REMETE, GORNJI, MAKSIMIR",Stanovanje,1-sobno,1.0,200.0,EUR,39.0,2007,,"39 m2, 1-sobno, zgrajeno l. 2007, oddamo. Cena: 200,00 EUR/mes",https://www.nepremicnine.net/oglasi-oddaja/bukovac-remete-gornji-maksimir-stanovanje_7254427/
7127241,"BUKOVAC - REMETE, JURJA VES",Stanovanje,3-sobno,3.0,1900.0,EUR,150.0,,,"150 m2, 3-sobno, oddamo. Cena: 1.900,00 EUR/mes",https://www.nepremicnine.net/oglasi-oddaja/bukovac-remete-jurja-ves-stanovanje_7127241/
7065860,"BUKOVAC - REMETE, MAKSIMIR",Stanovanje,4-sobno,4.0,2500.0,EUR,135.0,,,"135 m2, 4-sobno, oddamo. Cena: 2.500,00 EUR/mes",https://www.nepremicnine.net/oglasi-oddaja/bukovac-remete-maksimir-stanovanje_7065860/
7241721,"BUKOVAC - REMETE, MAKSIMIR",Stanovanje,5 in večsobno,,200.0,EUR,155.0,,,"155 m2, 5 in večsobno, oddamo. Cena: 200,00 EUR/mes",https://www.nepremicnine.net/oglasi-oddaja/bukovac-remete-maksimir-stanovanje_7241721/
6865861,"BUKOVAC - REMETE, PRILESJE OBRONAK",Stanovanje,4-sobno,4.0,3000.0,EUR,320.0,,,"320 m2, 4-sobno, oddamo. Cena: 3.000,00 EUR/mes",https://www.nepremicnine.net/oglasi-oddaja/bukovac-remete-prilesje-obronak-stanovanje_6865861/
7395637,BUKOVCI,Stanovanje,3-sobno,3.0,650.0,EUR,42.0,1982,,"42 m2, 3-sobno, zgrajeno l. 1982, oddamo. Cena: 650,00 EUR/mes",https://www.nepremicnine.net/oglasi-oddaja/bukovci-stanovanje_7395637/
7352325,"BUZIN, BOTINEC",Stanovanje,2-sobno,2.0,1200.0,EUR,87.0,,,"87 m2, 2-sobno, oddamo. Cena: 1.200,00 EUR/mes",https://www.nepremicnine.net/oglasi-oddaja/buzin-botinec-stanovanje_7352325/
7343343,CELJE,Stanovanje,Garsonjera,,280.0,EUR,20.0,2015,VP/VP,"20 m2, garsonjera, poslovni apartma, zgrajena l. 2015, adaptirana l. 2024, VP/VP, oddamo. Cena: max. 280,00 EUR/mes",https://www.nepremicnine.net/oglasi-oddaja/celje-stanovanje_7343343/
7391797,CELJE,Stanovanje,Soba,,350.0,EUR,20.0,2019,2/5,"20 m2, soba, zgrajena l. 2019, 2/5 nad., manjša garsonjera - soba z lastno kopalnico, souporaba kuhinje, jedilnice, pral...",https://www.nepremicnine.net/oglasi-oddaja/celje-stanovanje_7391797/
7410794,CELJE,Stanovanje,Garsonjera,,500.0,EUR,32.0,1976,1/13,"32 m2, garsonjera, zgrajena l. 1976, adaptirana l. 2026, 1/13 nad., Oddam v najem popolnoma prenovljeno in na novo oprem...",https://www.nepremicnine.net/oglasi-oddaja/celje-stanovanje_7410794/
7411439,CELJE,Stanovanje,2-sobno,2.0,600.0,EUR,56.0,2025,VP/4,"56 m2, 2-sobno, adaptirano l. 2025, VP/4 nad., oddamo. Cena: 600,00 EUR/mes",https://www.nepremicnine.net/oglasi-oddaja/celje-stanovanje_7411439/
7412992,CELJE,Stanovanje,2-sobno,2.0,700.0,EUR,62.0,1974,7/8,"62 m2, 2-sobno, zgrajeno l. 1974, adaptirano l. 2026, 7/8 nad., oddamo 2-sobno stanovanje, 62 m2, pravkar adaptirano, 7....",https://www.nepremicnine.net/oglasi-oddaja/celje-stanovanje_7412992/
7404757,CELJE,Stanovanje,3-sobno,3.0,800.0,EUR,63.0,1800,2/2,"63 m2, 3-sobno, zgrajeno l. 1800, adaptirano l. 2020, 2/2 nad., oddamo. Cena: 800,00 EUR/mes",https://www.nepremicnine.net/oglasi-oddaja/celje-stanovanje_7404757/
7406666,CELJE,Stanovanje,3-sobno,3.0,1000.0,EUR,65.0,2026,3/4,"65 m2, 3-sobno, adaptirano l. 2026, 3/4 nad., 3-sobno stanovanje, odlična lokacija, popolnoma obnovljeno, oddamo s septe...",https://www.nepremicnine.net/oglasi-oddaja/celje-stanovanje_7406666/
7375866,CELJE,Stanovanje,"2,5-sobno",2.5,1000.0,EUR,71.96,2025,1/2,"71,96 m2, 2,5-sobno, zgrajeno l. 2025, 1/2 nad., oddamo. Cena: 1.000,00 EUR/mes",https://www.nepremicnine.net/oglasi-oddaja/celje-stanovanje_7375866/
7351661,CELJE,Stanovanje,4-sobno,4.0,780.0,EUR,73.3,1451,3/3,"73,3 m2, 4-sobno, zgrajeno l. 1451, adaptirano l. 2021, 3/3 nad., Popolno prenovljeno 4-sobno stanovanje, oddamo. Cena: ...",https://www.nepremicnine.net/oglasi-oddaja/celje-stanovanje_7351661/
7339560,CELJE,Stanovanje,3-sobno,3.0,660.0,EUR,75.0,1978,3/10,"75 m2, 3-sobno, zgrajeno l. 1978, 3/10 nad., oddamo. Cena: 660,00 EUR/mes",https://www.nepremicnine.net/oglasi-oddaja/celje-stanovanje_7339560/
7279272,CELJE,Stanovanje,3-sobno,3.0,660.0,EUR,75.0,1978,3/10,"75 m2, 3-sobno, zgrajeno l. 1978, 3/10 nad., oddamo. Cena: 660,00 EUR/mes",https://www.nepremicnine.net/oglasi-oddaja/celje-stanovanje_7279272/
7308022,CELJE,Stanovanje,3-sobno,3.0,1500.0,EUR,98.7,2026,P/3,"98,7 m2, 3-sobno, zgrajeno l. 2026, 48 m2 zemljišča, P/3 nad., V dolgoročni najem oddamo povsem novo in polno opremljeno...",https://www.nepremicnine.net/oglasi-oddaja/celje-stanovanje_7308022/
7398375,CELJE,Stanovanje,3-sobno,3.0,900.0,EUR,100.0,1892,2,"100 m2, 3-sobno, zgrajeno l. 1892, adaptirano l. 2026, 2. nad., TOP lokacija: prenovljeno 100 m2 stanovanje v centru - t...",https://www.nepremicnine.net/oglasi-oddaja/celje-stanovanje_7398375/
7074112,"CELJE, CENTER",Stanovanje,Soba,,600.0,EUR,12.7,1990,1/7,"12,7 m2, soba, zgrajena l. 1990, adaptirana l. 2023, 1/7 nad., oddamo. Cena: do cca 600,00 EUR/mes",https://www.nepremicnine.net/oglasi-oddaja/celje-center-stanovanje_7074112/
7406338,"CELJE, CENTER, PREŠERNOVA ULICA",Stanovanje,"2,5-sobno",2.5,1150.0,EUR,85.0,2026,3/3,"85 m2, 2,5-sobno, adaptirano l. 2026, 3/3 nad., Moderno opremljeno 2,5-sobno stanovanje (85 m2) v zgodovinski stavbi iz ...",https://www.nepremicnine.net/oglasi-oddaja/celje-center-presernova-ulica-stanovanje_7406338/
6254297,"CELJE, HUDINJA",Stanovanje,Soba,,150.0,EUR,16.0,2005,P+1/2,"16 m2, soba, zgrajena l. 2005, 300 m2 zemljišča, P+1/2 nad., Stanovanje v hiši primerni za delavce, prosto še za eno ose...",https://www.nepremicnine.net/oglasi-oddaja/celje-hudinja-stanovanje_6254297/
7364426,"CELJE, HUDINJA",Stanovanje,2-sobno,2.0,690.0,EUR,53.0,1968,5/5,"53 m2, 2-sobno, zgrajeno l. 1968, 5/5 nad., oddamo. Cena: 690,00 EUR/mes",https://www.nepremicnine.net/oglasi-oddaja/celje-hudinja-stanovanje_7364426/
7414675,"CELJE, MILČINSKEGA ULICA 11",Stanovanje,Garsonjera,,400.0,EUR,32.0,1982,1/9,"32 m2, garsonjera, zgrajena l. 1982, 1/9 nad., oddamo. Cena: 400,00 EUR/mes",https://www.nepremicnine.net/oglasi-oddaja/celje-milcinskega-ulica-11-stanovanje_7414675/
7404802,"CELJE, NASELJE LAVA",Stanovanje,Garsonjera,,450.0,EUR,31.0,1976,2/9,"31 m2, garsonjera, zgrajena l. 1976, adaptirana l. 2024, 2/9 nad., oddamo. Cena: 450,00 EUR/mes",https://www.nepremicnine.net/oglasi-oddaja/celje-naselje-lava-stanovanje_7404802/
7414532,"CELJE, NOVA VAS",Stanovanje,Garsonjera,,390.0,EUR,29.0,1973,5/5,"29 m2, garsonjera, zgrajena l. 1973, adaptirana l. 2014, 5/5 nad., Oddam garsonjero v Novi vasi, oddamo. Cena: 390,00 EU...",https://www.nepremicnine.net/oglasi-oddaja/celje-nova-vas-stanovanje_7414532/
7308338,"CELJE, NOVA VAS",Stanovanje,1-sobno,1.0,400.0,EUR,43.0,1965,M/3,"43 m2, 1-sobno, zgrajeno l. 1965, adaptirano l. 2018, M/3 nad., oddamo. Cena: 400,00 EUR/mes",https://www.nepremicnine.net/oglasi-oddaja/celje-nova-vas-stanovanje_7308338/
7397660,"CELJE, NOVA VAS",Stanovanje,"2,5-sobno",2.5,750.0,EUR,60.0,1973,1/5,"60 m2, 2,5-sobno, v stavbi zgrajeni l. 1973, adaptirano l. 2023, 1/5 nad., oddamo. Cena: 750,00 EUR/mes",https://www.nepremicnine.net/oglasi-oddaja/celje-nova-vas-stanovanje_7397660/
7412042,"CELJE, OPEKARNIŠKA CESTA 12F",Stanovanje,"2,5-sobno",2.5,800.0,EUR,60.0,1985,1/9,"60 m2, 2,5-sobno, zgrajeno l. 1985, adaptirano l. 2026, 1/9 nad., Oddam stanovanje na Opekarniški cesti 12f, oddamo. Cen...",https://www.nepremicnine.net/oglasi-oddaja/celje-opekarniska-cesta-12f-stanovanje_7412042/
7340216,"CELJE, POHORSKA 6",Stanovanje,1-sobno,1.0,600.0,EUR,38.0,1979,9/11,"38 m2, 1-sobno, zgrajeno l. 1979, adaptirano l. 2026, 9/11 nad., V najem oddamo 1-sobno stanovanje na Pohorski ulici (9....",https://www.nepremicnine.net/oglasi-oddaja/celje-pohorska-6-stanovanje_7340216/
6927651,"CELJE, POHORSKA ULICA",Stanovanje,"2,5-sobno",2.5,730.0,EUR,73.9,1982,2/12,"73,9 m2, 2,5-sobno, zgrajeno l. 1982, adaptirano l. 2020, 2/12 nad., Pohorska ulica 4,2,5 sobno opremljeno stanovanje, o...",https://www.nepremicnine.net/oglasi-oddaja/celje-pohorska-ulica-stanovanje_6927651/
6484812,"CELJE, RONKOVA 16 2 OSEBI",Stanovanje,Soba,,235.0,EUR,20.0,2015,VP/1,"20 m2, soba, adaptirana l. 2015, adaptirana l. 2015, 50 m2 zemljišča, VP/1 nad., Oddamo sobo primerno za dolgoročni naje...",https://www.nepremicnine.net/oglasi-oddaja/celje-ronkova-16-2-osebi-stanovanje_6484812/
7303629,"CELJE, SMREKARJEVA 2",Stanovanje,2-sobno,2.0,800.0,EUR,53.0,1972,VP/6,"53 m2, 2-sobno, zgrajeno l. 1972, adaptirano l. 2007, VP/6 nad., za daljše obdobje oddamo delno opremljeno stanovanje v ...",https://www.nepremicnine.net/oglasi-oddaja/celje-smrekarjeva-2-stanovanje_7303629/
7031652,"CELJE, STANETOVA ULICA 19A 3000",Stanovanje,Soba,,320.0,EUR,20.0,2023,P/1,"20 m2, soba, v stavbi zgrajeni l. 2023, P/1 nad., Oddamo opremljen stanovanje dvoposteljno sobo-dolgoročni najem (oddaja...",https://www.nepremicnine.net/oglasi-oddaja/celje-stanetova-ulica-19a-3000-stanovanje_7031652/
7414711,"CELJE, ŠKAPINOVA 12",Stanovanje,"2,5-sobno",2.5,590.0,EUR,53.0,1984,3/9,"53 m2, 2,5-sobno, zgrajeno l. 1984, adaptirano l. 2021, 3/9 nad., oddamo. Cena: 590,00 EUR/mes",https://www.nepremicnine.net/oglasi-oddaja/celje-skapinova-12-stanovanje_7414711/
7386729,"CELJE, V BLIŽINI GIMNAZIJE, CENTER",Stanovanje,"2,5-sobno",2.5,550.0,EUR,60.0,1965,1,"60 m2, 2,5-sobno, zgrajeno l. 1965, 1. nad., oddamo. Cena: 550,00 EUR/mes",https://www.nepremicnine.net/oglasi-oddaja/celje-v-blizini-gimnazije-center-stanovanje_7386729/
7408383,"CELJE, VOJKOVA ULICA",Stanovanje,1-sobno,1.0,550.0,EUR,37.0,1970,5/5,"37 m2, 1-sobno, zgrajeno l. 1970, adaptirano l. 2007, 5/5 nad., Oddam svetlo 1-sobno stanovanje na Vojkovi ulici v Celju...",https://www.nepremicnine.net/oglasi-oddaja/celje-vojkova-ulica-stanovanje_7408383/
7033373,CERKNICA,Stanovanje,Soba,,250.0,EUR,20.0,1969,K+P+1,"20 m2, soba, zgrajena l. 1969, adaptirana l. 2019, K+P+1, oddamo. Cena: max. 250,00 EUR/mes",https://www.nepremicnine.net/oglasi-oddaja/cerknica-stanovanje_7033373/
7375964,CERKNICA,Stanovanje,3-sobno,3.0,1000.0,EUR,91.7,2026,2/2,"91,7 m2, 3-sobno, novogradnja - zgr. l. 2026, 2/2 nad., oddamo. Cena: 1.000,00 EUR/mes",https://www.nepremicnine.net/oglasi-oddaja/cerknica-stanovanje_7375964/
7408996,"CIGLENICA, SELSKA",Stanovanje,1-sobno,1.0,600.0,EUR,45.0,,,"45 m2, 1-sobno, oddamo. Cena: 600,00 EUR/mes",https://www.nepremicnine.net/oglasi-oddaja/ciglenica-selska-stanovanje_7408996/
7283082,"CIGLENICA, SELSKA",Stanovanje,2-sobno,2.0,1700.0,EUR,92.0,,,"92 m2, 2-sobno, oddamo. Cena: 1.700,00 EUR/mes",https://www.nepremicnine.net/oglasi-oddaja/ciglenica-selska-stanovanje_7283082/
7126967,"CIGLENICA, TREŠNJEVKA",Stanovanje,2-sobno,2.0,1500.0,EUR,90.0,,,"90 m2, 2-sobno, oddamo. Cena: 1.500,00 EUR/mes",https://www.nepremicnine.net/oglasi-oddaja/ciglenica-tresnjevka-stanovanje_7126967/
7368492,"CIGLENICA, TREŠNJEVKA",Stanovanje,2-sobno,2.0,2000.0,EUR,94.0,,,"94 m2, 2-sobno, oddamo. Cena: 2.000,00 EUR/mes",https://www.nepremicnine.net/oglasi-oddaja/ciglenica-tresnjevka-stanovanje_7368492/
7340703,"CIGLENICA, TREŠNJEVKA",Stanovanje,3-sobno,3.0,1800.0,EUR,110.0,,,"110 m2, 3-sobno, oddamo. Cena: 1.800,00 EUR/mes",https://www.nepremicnine.net/oglasi-oddaja/ciglenica-tresnjevka-stanovanje_7340703/
7392261,CRIKVENICA,Stanovanje,4-sobno,4.0,850.0,EUR,67.0,2010,,"67 m2, 4-sobno, zgrajeno l. 2010, oddamo. Cena: 850,00 EUR/mes",https://www.nepremicnine.net/oglasi-oddaja/crikvenica-stanovanje_7392261/
7373565,"CRVENE KUĆE, BULEVAR",Stanovanje,1-sobno,1.0,1200.0,EUR,60.0,,,"60 m2, 1-sobno, oddamo. Cena: 1.200,00 EUR/mes",https://www.nepremicnine.net/oglasi-oddaja/crvene-kuce-bulevar-stanovanje_7373565/
7198279,CRVENI VRH,Stanovanje,2-sobno,2.0,900.0,EUR,59.0,2003,P/2,"59 m2, 2-sobno, zgrajeno l. 2003, 42 m2 zemljišča, P/2 nad., V dolgoročni najem od 01.08.2026 oddamo apartma z dvema spa...",https://www.nepremicnine.net/oglasi-oddaja/crveni-vrh-stanovanje_7198279/
7343984,CRVENI VRH,Stanovanje,Apartma,,1000.0,EUR,75.0,2000,,"75 m2, apartma, ""penthouse"", zgrajen l. 2000, oddamo. Cena: 1.000,00 EUR/mes",https://www.nepremicnine.net/oglasi-oddaja/crveni-vrh-stanovanje_7343984/
7387664,CRVENI VRH,Stanovanje,4-sobno,4.0,15000.0,EUR,100.0,1980,1/1,"100 m2, 4-sobno, zgrajeno l. 1980, adaptirano l. 2025, 200 m2 zemljišča, 1/1 nad., oddamo. Cena: cca 15.000,00 EUR/l.",https://www.nepremicnine.net/oglasi-oddaja/crveni-vrh-stanovanje_7387664/
7395642,"ČEŠČA VAS, NASELJE PODBREZNIK",Stanovanje,2-sobno,2.0,850.0,EUR,53.83,2025,2/4,"53,83 m2, 2-sobno, novogradnja - zgr. l. 2025, 2/4 nad., oddamo. Cena: 850,00 EUR/mes",https://www.nepremicnine.net/oglasi-oddaja/cesca-vas-naselje-podbreznik-stanovanje_7395642/
7090461,ČRNA VAS,Stanovanje,2-sobno,2.0,1200.0,EUR,70.0,2011,P/2,"70 m2, 2-sobno, zgrajeno l. 2011, P/2 nad., Oddaja 2-sobnega apartmaja s teraso - ekološko zasnovano in udobno bivanje, ...",https://www.nepremicnine.net/oglasi-oddaja/crna-vas-stanovanje_7090461/
7120148,"ČRNI KAL, LOKA",Stanovanje,4-sobno,4.0,850.0,EUR,65.0,2023,,"65 m2, 4-sobno, adaptirano l. 2023, 200 m2 zemljišča, 041729479 oddamo stanovanje v hiši, P+1, spodaj skupni prostor in ...",https://www.nepremicnine.net/oglasi-oddaja/crni-kal-loka-stanovanje_7120148/
6693217,ČRNIČE,Stanovanje,Soba,,230.0,EUR,16.0,1990,VP/1,"16 m2, soba, zgrajena l. 1990, adaptirana l. 2022, 2.000 m2 zemljišča, VP/1 nad., Soba primerna za študenta ali delavca,...",https://www.nepremicnine.net/oglasi-oddaja/crnice-stanovanje_6693217/
7410729,ČRNOLICA,Stanovanje,2-sobno,2.0,500.0,EUR,64.0,2023,2K/2,"64 m2, 2-sobno, adaptirano l. 2023, adaptirano l. 2023, 2K/2 nad., oddamo. Cena: do 500,00 EUR/mes",https://www.nepremicnine.net/oglasi-oddaja/crnolica-stanovanje_7410729/
7020548,ČRNUČE,Stanovanje,Soba,,300.0,EUR,18.0,1987,VP,"18 m2, soba, v stavbi zgrajeni l. 1987, visoko pritličje, soba, oddamo. Cena: cca 300,00 EUR/mes",https://www.nepremicnine.net/oglasi-oddaja/crnuce-stanovanje_7020548/
7400395,ČRNUČE,Stanovanje,2-sobno,2.0,780.0,EUR,45.4,1961,3/4,"45,4 m2, 2-sobno, zgrajeno l. 1961, 3/4 nad., oddamo. Cena: 780,00 EUR/mes",https://www.nepremicnine.net/oglasi-oddaja/crnuce-stanovanje_7400395/
7410736,ČRNUČE,Stanovanje,2-sobno,2.0,800.0,EUR,55.0,1986,5/5,"55 m2, 2-sobno, zgrajeno l. 1986, 5/5 nad., Oddamo prijetno in svetlo 2-sobno stanovanje - 55 m2, terasa, razgled, lift,...",https://www.nepremicnine.net/oglasi-oddaja/crnuce-stanovanje_7410736/
6775019,ČRNUČE,Stanovanje,3-sobno,3.0,1750.0,EUR,88.16,2024,2/4,"88,16 m2, 3-sobno, zgrajeno l. 2024, 2/4 nad., oddamo. Cena: 1.750,00 EUR/mes",https://www.nepremicnine.net/oglasi-oddaja/crnuce-stanovanje_6775019/
7025008,ČRNUČE,Stanovanje,Soba,,290.0,EUR,140.3,1972,,"140,3 m2, soba, zgrajena l. 1972, adaptirana l. 2025, oddamo. Cena: 290,00 EUR/mes",https://www.nepremicnine.net/oglasi-oddaja/crnuce-stanovanje_7025008/
7407580,"ČRNUČE, LJ, ULICA KOROŠKEGA BATALJONA",Stanovanje,3-sobno,3.0,1250.0,EUR,68.1,2009,P,"68,1 m2, 3-sobno, zgrajeno l. 2009, pritličje, oddamo. Cena: 1.250,00 EUR/mes",https://www.nepremicnine.net/oglasi-oddaja/crnuce-lj-ulica-koroskega-bataljona-stanovanje_7407580/
7406672,"ČRNUČE, LJ.",Stanovanje,3-sobno,3.0,900.0,EUR,59.0,2000,1/1,"59 m2, 3-sobno, zgrajeno l. 2000, adaptirano l. 2020, 1/1 nad., Stanovanje se nahaja v večstanovanjski hiši. Obsega večj...",https://www.nepremicnine.net/oglasi-oddaja/crnuce-lj-stanovanje_7406672/
7132956,"ČRNUČE, RUSKI CAR",Stanovanje,"1,5-sobno",1.5,850.0,EUR,46.0,1969,1/8,"46 m2, 1,5-sobno, zgrajeno l. 1969, adaptirano l. 2013, 1/8 nad., oddamo. Cena: 850,00 EUR/mes",https://www.nepremicnine.net/oglasi-oddaja/crnuce-ruski-car-stanovanje_7132956/
7410779,"ČRNUČE, SLOVENIJA",Stanovanje,4-sobno,4.0,1800.0,EUR,99.6,2009,1/5,"99,6 m2, 4-sobno, zgrajeno l. 2009, 1/5 nad., Ljubljana, Črnuče, skupna površina 134,6 m2, 4- sobno, zgrajeno leta 2009,...",https://www.nepremicnine.net/oglasi-oddaja/crnuce-slovenija-stanovanje_7410779/
7391025,ČRNUŠKA GMAJNA,Stanovanje,Garsonjera,,490.0,EUR,28.0,1996,1/3,"28 m2, garsonjera, zgrajena l. 1996, 1/3 nad., Oddamo garsonjero v Črnuški gmajni, oddamo. Cena: 490,00 EUR/mes",https://www.nepremicnine.net/oglasi-oddaja/crnuska-gmajna-stanovanje_7391025/
6962465,DAJLA,Stanovanje,1-sobno,1.0,6000.0,EUR,30.0,1987,M/K+P+1+2+M,"30 m2, 1-sobno, zgrajeno l. 1987, adaptirano l. 2022, M/K+P+1+2+M, IZJEMNA PRILOŽNOST. Na atraktivni lokaciji v DAJLI, s...",https://www.nepremicnine.net/oglasi-oddaja/dajla-stanovanje_6962465/
7362344,DIKLO - PUNTAMIKA,Stanovanje,Drugo,,1500.0,EUR,70.0,,,"70 m2, stanovanje, oddamo. Cena: 1.500,00 EUR/mes",https://www.nepremicnine.net/oglasi-oddaja/diklo-puntamika-stanovanje_7362344/
7402995,DIKLO - PUNTAMIKA,Stanovanje,4-sobno,4.0,1300.0,EUR,130.0,,,"130 m2, 4-sobno, oddamo. Cena: 1.300,00 EUR/mes",https://www.nepremicnine.net/oglasi-oddaja/diklo-puntamika-stanovanje_7402995/
7284369,"DIKLO - PUNTAMIKA, BORIK",Stanovanje,1-sobno,1.0,900.0,EUR,53.0,,,"53 m2, 1-sobno, oddamo. Cena: 900,00 EUR/mes",https://www.nepremicnine.net/oglasi-oddaja/diklo-puntamika-borik-stanovanje_7284369/
7404014,"DIKLO - PUNTAMIKA, BORIK",Stanovanje,2-sobno,2.0,1350.0,EUR,113.0,,,"113 m2, 2-sobno, oddamo. Cena: 1.350,00 EUR/mes",https://www.nepremicnine.net/oglasi-oddaja/diklo-puntamika-borik-stanovanje_7404014/
7411432,DIVAČA,Stanovanje,"2,5-sobno",2.5,800.0,EUR,75.0,2021,3/4,"75 m2, 2,5-sobno, adaptirano l. 2021, 3/4 nad., oddamo. Cena: 800,00 EUR/mes",https://www.nepremicnine.net/oglasi-oddaja/divaca-stanovanje_7411432/
7395947,DOBENO,Stanovanje,1-sobno,1.0,700.0,EUR,45.0,2024,M,"45 m2, 1-sobno, zgrajeno l. 2024, mansarda, oddamo. Cena: 700,00 EUR/mes",https://www.nepremicnine.net/oglasi-oddaja/dobeno-stanovanje_7395947/
7409637,DOBLAR,Stanovanje,4-sobno,4.0,500.0,EUR,80.0,2000,1/2,"80 m2, 4-sobno, adaptirano l. 2000, 1/2 nad., oddamo. Cena: cca 500,00 EUR/mes",https://www.nepremicnine.net/oglasi-oddaja/doblar-stanovanje_7409637/
7414008,DOBOVA,Stanovanje,1-sobno,1.0,400.0,EUR,45.0,1972,,"45 m2, 1-sobno, v stavbi zgrajeni l. 1972, 200 m2 zemljišča, oddamo. Cena: 400,00 EUR/mes",https://www.nepremicnine.net/oglasi-oddaja/dobova-stanovanje_7414008/
7364475,DOBRNA,Stanovanje,Garsonjera,,380.0,EUR,25.0,1945,P,"25 m2, garsonjera, zgrajena l. 1945, pritličje, Garsonjero z vsemi priključki, oddam od SEPTEMBRA 2026 dalje. Ob hotelu ...",https://www.nepremicnine.net/oglasi-oddaja/dobrna-stanovanje_7364475/
7400412,"DOBRNA, 6",Stanovanje,2-sobno,2.0,500.0,EUR,50.0,1920,,"50 m2, 2-sobno, zgrajeno l. 1920, adaptirano l. 2023, oddamo. Cena: 500,00 EUR/mes",https://www.nepremicnine.net/oglasi-oddaja/dobrna-6-stanovanje_7400412/
7386084,"DOBRNA, CENTER",Stanovanje,Garsonjera,,400.0,EUR,32.0,1979,2/3,"32 m2, garsonjera, zgrajena l. 1979, adaptirana l. 2020, 34 m2 zemljišča, 2/3 nad., oddamo. Cena: cca 400,00 EUR/mes",https://www.nepremicnine.net/oglasi-oddaja/dobrna-center-stanovanje_7386084/
7413025,DOBROVA,Stanovanje,"1,5-sobno",1.5,400.0,EUR,40.0,2020,2/2,"40 m2, 1,5-sobno, zgrajeno l. 2020, 2/2 nad., ENA OSEBA ima lahko svoj dom v prostem stanovanju 5 km iz LJ. Najemnina 55...",https://www.nepremicnine.net/oglasi-oddaja/dobrova-stanovanje_7413025/
7364487,DOBROVA,Stanovanje,"2,5-sobno",2.5,1000.0,EUR,100.0,2016,2/2,"100 m2, 2,5-sobno, zgrajeno l. 2016, 1.800 m2 zemljišča, 2/2 nad., oddamo. Cena: 1.000,00 EUR/mes",https://www.nepremicnine.net/oglasi-oddaja/dobrova-stanovanje_7364487/
7398382,DOKLEŽOVJE,Stanovanje,3-sobno,3.0,500.0,EUR,90.0,2025,1/2,"90 m2, 3-sobno, adaptirano l. 2025, 1/2 nad., oddamo. Cena: 500,00 EUR/mes",https://www.nepremicnine.net/oglasi-oddaja/doklezovje-stanovanje_7398382/
7412364,DOLENJA VAS,Stanovanje,2-sobno,2.0,550.0,EUR,52.7,2020,2/3,"52,7 m2, 2-sobno, adaptirano l. 2020, 2/3 nad., balkon, klet, garaža, dodatno parkiranje, klimatska naprava, plinska peč...",https://www.nepremicnine.net/oglasi-oddaja/dolenja-vas-stanovanje_7412364/
7265626,DOLGI MOST,Stanovanje,Garsonjera,,750.0,EUR,28.0,2025,P/P,"28 m2, garsonjera, poslovni apartma, adaptirana l. 2025, 1.000 m2 zemljišča, P/P, Kratkoročni najem za 6 mesecev, oddamo...",https://www.nepremicnine.net/oglasi-oddaja/dolgi-most-stanovanje_7265626/
7386468,DOLGI MOST,Stanovanje,3-sobno,3.0,1200.0,EUR,43.8,2022,P/3,"43,8 m2, 3-sobno, novogradnja - zgr. l. 2022, P/3 nad., oddamo. Cena: 1.200,00 EUR/mes",https://www.nepremicnine.net/oglasi-oddaja/dolgi-most-stanovanje_7386468/
7412893,DOLGI MOST,Stanovanje,2-sobno,2.0,900.0,EUR,45.5,1997,1/1,"45,5 m2, 2-sobno, zgrajeno l. 1997, 1/1 nad., lastniško parkirno mesto pred objektom, v celoti opremljeno, balkon, oddam...",https://www.nepremicnine.net/oglasi-oddaja/dolgi-most-stanovanje_7412893/
7409669,DOLGI MOST,Stanovanje,2-sobno,2.0,1100.0,EUR,50.04,2003,P/3,"50,04 m2, 2-sobno, zgrajeno l. 2003, adaptirano l. 2026, P/3 nad., stanovanje z atrijem in pokritim parkirnim mestom, na...",https://www.nepremicnine.net/oglasi-oddaja/dolgi-most-stanovanje_7409669/
7365943,DOLGI MOST,Stanovanje,3-sobno,3.0,1400.0,EUR,92.7,2023,,"92,7 m2, 3-sobno, novogradnja - zgr. l. 2023, oddamo. Cena: 1.400,00 EUR/mes",https://www.nepremicnine.net/oglasi-oddaja/dolgi-most-stanovanje_7365943/
7281877,"DOLGI MOST, KRAJINSKI PARK",Stanovanje,4-sobno,4.0,1900.0,EUR,127.0,2025,1/2,"127 m2, 4-sobno, zgrajeno l. 2025, 24 m2 zemljišča, 1/2 nad., V mirnem in zelenem okolju urejene soseske, ob živahnem pt...",https://www.nepremicnine.net/oglasi-oddaja/dolgi-most-krajinski-park-stanovanje_7281877/
7357799,"DOLGI MOST, KRAJINSKI PARK + PARKIRANJE",Stanovanje,4-sobno,4.0,1900.0,EUR,127.0,2025,1/2,"127 m2, 4-sobno, zgrajeno l. 2025, 12,5 m2 zemljišča, 1/2 nad., V mirnem in zelenem okolju urejene soseske, ob živahnem ...",https://www.nepremicnine.net/oglasi-oddaja/dolgi-most-krajinski-park--parkiranje-stanovanje_7357799/
7403066,"DOLGI MOST, OB TRŽAŠKI CESTI",Stanovanje,Soba,,240.0,EUR,18.0,2004,1/2,"18 m2, soba, zgrajena l. 2004, 1/2 nad., Velika, izredno svetla dvoposteljna soba v večjem novejšem stanovanju, v manjše...",https://www.nepremicnine.net/oglasi-oddaja/dolgi-most-ob-trzaski-cesti-stanovanje_7403066/
7406641,DOMŽALE,Stanovanje,Soba,,200.0,EUR,16.0,1985,1/P,"16 m2, soba, ""penthouse"", zgrajena l. 1985, 960 m2 zemljišča, 1/P, oddamo. Cena: do cca 200,00 EUR/mes",https://www.nepremicnine.net/oglasi-oddaja/domzale-stanovanje_7406641/
6999612,DOMŽALE,Stanovanje,Garsonjera,,500.0,EUR,30.0,2002,P/M,"30 m2, garsonjera, zgrajena l. 2002, adaptirana l. 2016, 5 m2 zemljišča, P/M, Urejeno, v mirnem, zelenem okolju in hkrat...",https://www.nepremicnine.net/oglasi-oddaja/domzale-stanovanje_6999612/
7407523,DOMŽALE,Stanovanje,"1,5-sobno",1.5,650.0,EUR,50.0,1982,8/10,"50 m2, 1,5-sobno, zgrajeno l. 1982, adaptirano l. 2022, 8/10 nad., oddamo. Cena: 650,00 EUR/mes",https://www.nepremicnine.net/oglasi-oddaja/domzale-stanovanje_7407523/
7413058,DOMŽALE,Stanovanje,"1,5-sobno",1.5,750.0,EUR,64.0,1960,VP/1,"64 m2, 1,5-sobno, zgrajeno l. 1960, adaptirano l. 2018, VP/1 nad., Opremljeno stanovanje v mirni soseski v središču Domž...",https://www.nepremicnine.net/oglasi-oddaja/domzale-stanovanje_7413058/
7415218,"DOMŽALE, ALJAŽEVA ULICA",Stanovanje,1-sobno,1.0,550.0,EUR,35.0,2000,,"35 m2, 1-sobno, zgrajeno l. 2000, 1-sobno opremljeno stanovanje na Aljaževi ulici v Domžalah je vseljivo od septembra. P...",https://www.nepremicnine.net/oglasi-oddaja/domzale-aljazeva-ulica-stanovanje_7415218/
7406667,"DOMŽALE, KRIZANT",Stanovanje,2-sobno,2.0,925.0,EUR,60.5,2003,3/6,"60,5 m2, 2-sobno, zgrajeno l. 2003, 3/6 nad., oddamo. Cena: 925,00 EUR/mes",https://www.nepremicnine.net/oglasi-oddaja/domzale-krizant-stanovanje_7406667/
7384675,"DOMŽALE, VEGOVA ULICA, ZELENICA, VRT",Stanovanje,3-sobno,3.0,950.0,EUR,80.0,1967,1/1,"80 m2, 3-sobno, zgrajeno l. 1967, adaptirano l. 2014, 1/1 nad., svetlo stanovanje v dvostanovanjski stanovanjski hiši, s...",https://www.nepremicnine.net/oglasi-oddaja/domzale-vegova-ulica-zelenica-vrt-stanovanje_7384675/
7252188,DONJA DUBRAVA,Stanovanje,Drugo,,250.0,EUR,35.0,,,"35 m2, stanovanje, oddamo. Cena: 250,00 EUR/mes",https://www.nepremicnine.net/oglasi-oddaja/donja-dubrava-stanovanje_7252188/
7401463,DONJA KUSTOSIJA,Stanovanje,3-sobno,3.0,1000.0,EUR,84.0,,,"84 m2, 3-sobno, oddamo. Cena: 1.000,00 EUR/mes",https://www.nepremicnine.net/oglasi-oddaja/donja-kustosija-stanovanje_7401463/
7243277,"DONJA KUSTOSIJA, MALEŠNICA, STENJEVEC",Stanovanje,3-sobno,3.0,200.0,EUR,85.0,,,"85 m2, 3-sobno, oddamo. Cena: 200,00 EUR/mes",https://www.nepremicnine.net/oglasi-oddaja/donja-kustosija-malesnica-stenjevec-stanovanje_7243277/
7361071,"DONJA KUSTOSIJA, PODSUSED - VRAPČE",Stanovanje,2-sobno,2.0,900.0,EUR,69.0,,,"69 m2, 2-sobno, oddamo. Cena: 900,00 EUR/mes",https://www.nepremicnine.net/oglasi-oddaja/donja-kustosija-podsused-vrapce-stanovanje_7361071/
7242763,"DONJA KUSTOSIJA, VRAPČE, PODSUSED",Stanovanje,4-sobno,4.0,220.0,EUR,90.0,,,"90 m2, 4-sobno, oddamo. Cena: 220,00 EUR/mes",https://www.nepremicnine.net/oglasi-oddaja/donja-kustosija-vrapce-podsused-stanovanje_7242763/
7284180,"DONJI GRAD, JUG II, TENJA",Stanovanje,2-sobno,2.0,750.0,EUR,47.0,,,"47 m2, 2-sobno, oddamo. Cena: 750,00 EUR/mes",https://www.nepremicnine.net/oglasi-oddaja/donji-grad-jug-ii-tenja-stanovanje_7284180/
7350905,"DONJI GRAD, JUG II, TENJA",Stanovanje,1-sobno,1.0,800.0,EUR,50.0,,,"50 m2, 1-sobno, oddamo. Cena: 800,00 EUR/mes",https://www.nepremicnine.net/oglasi-oddaja/donji-grad-jug-ii-tenja-stanovanje_7350905/
7317882,DOTRŠČINA,Stanovanje,1-sobno,1.0,1100.0,EUR,55.0,,,"55 m2, 1-sobno, oddamo. Cena: 1.100,00 EUR/mes",https://www.nepremicnine.net/oglasi-oddaja/dotrscina-stanovanje_7317882/
7310456,DOTRŠČINA,Stanovanje,1-sobno,1.0,850.0,EUR,60.0,,,"60 m2, 1-sobno, oddamo. Cena: 850,00 EUR/mes",https://www.nepremicnine.net/oglasi-oddaja/dotrscina-stanovanje_7310456/
7095530,DOTRŠČINA,Stanovanje,2-sobno,2.0,1200.0,EUR,67.0,2023,,"67 m2, 2-sobno, novogradnja - zgr. l. 2023, oddamo. Cena: 1.200,00 EUR/mes",https://www.nepremicnine.net/oglasi-oddaja/dotrscina-stanovanje_7095530/
7378959,DOTRŠČINA,Stanovanje,1-sobno,1.0,1100.0,EUR,69.0,2024,,"69 m2, 1-sobno, novogradnja - zgr. l. 2024, oddamo. Cena: 1.100,00 EUR/mes",https://www.nepremicnine.net/oglasi-oddaja/dotrscina-stanovanje_7378959/
7269133,DOTRŠČINA,Stanovanje,4-sobno,4.0,1500.0,EUR,92.0,1986,,"92 m2, 4-sobno, zgrajeno l. 1986, oddamo. Cena: 1.500,00 EUR/mes",https://www.nepremicnine.net/oglasi-oddaja/dotrscina-stanovanje_7269133/
7353635,DOTRŠČINA,Stanovanje,3-sobno,3.0,900.0,EUR,92.0,1986,,"92 m2, 3-sobno, zgrajeno l. 1986, oddamo. Cena: 900,00 EUR/mes",https://www.nepremicnine.net/oglasi-oddaja/dotrscina-stanovanje_7353635/
7335023,DOTRŠČINA,Stanovanje,3-sobno,3.0,1600.0,EUR,117.0,,,"117 m2, 3-sobno, oddamo. Cena: 1.600,00 EUR/mes",https://www.nepremicnine.net/oglasi-oddaja/dotrscina-stanovanje_7335023/
7279621,DOTRŠČINA,Stanovanje,3-sobno,3.0,2900.0,EUR,120.0,,,"120 m2, 3-sobno, oddamo. Cena: 2.900,00 EUR/mes",https://www.nepremicnine.net/oglasi-oddaja/dotrscina-stanovanje_7279621/
7094152,DOTRŠČINA,Stanovanje,4-sobno,4.0,3000.0,EUR,260.0,,,"260 m2, 4-sobno, oddamo. Cena: 3.000,00 EUR/mes",https://www.nepremicnine.net/oglasi-oddaja/dotrscina-stanovanje_7094152/
7322082,"DOTRŠČINA, DUNKOVIĆEVA",Stanovanje,2-sobno,2.0,1500.0,EUR,87.0,,,"87 m2, 2-sobno, oddamo. Cena: 1.500,00 EUR/mes",https://www.nepremicnine.net/oglasi-oddaja/dotrscina-dunkoviceva-stanovanje_7322082/
7372195,"DOTRŠČINA, MAKSIMIR",Stanovanje,4-sobno,4.0,3000.0,EUR,230.0,,,"230 m2, 4-sobno, oddamo. Cena: 3.000,00 EUR/mes",https://www.nepremicnine.net/oglasi-oddaja/dotrscina-maksimir-stanovanje_7372195/
7407372,"DOTRŠČINA, MAKSIMIRSKA",Stanovanje,2-sobno,2.0,1000.0,EUR,63.0,,,"63 m2, 2-sobno, oddamo. Cena: 1.000,00 EUR/mes",https://www.nepremicnine.net/oglasi-oddaja/dotrscina-maksimirska-stanovanje_7407372/
7360057,"DOTRŠČINA, MAKSIMIRSKA",Stanovanje,2-sobno,2.0,1000.0,EUR,63.0,,,"63 m2, 2-sobno, oddamo. Cena: 1.000,00 EUR/mes",https://www.nepremicnine.net/oglasi-oddaja/dotrscina-maksimirska-stanovanje_7360057/
7290355,"DOTRŠČINA, RAVNICE",Stanovanje,1-sobno,1.0,950.0,EUR,45.0,,,"45 m2, 1-sobno, oddamo. Cena: 950,00 EUR/mes",https://www.nepremicnine.net/oglasi-oddaja/dotrscina-ravnice-stanovanje_7290355/
7290356,"DOTRŠČINA, RAVNICE",Stanovanje,1-sobno,1.0,1100.0,EUR,62.0,,,"62 m2, 1-sobno, oddamo. Cena: 1.100,00 EUR/mes",https://www.nepremicnine.net/oglasi-oddaja/dotrscina-ravnice-stanovanje_7290356/
7391945,"DOTRŠČINA, RAVNICE",Stanovanje,1-sobno,1.0,1500.0,EUR,63.0,,,"63 m2, 1-sobno, oddamo. Cena: 1.500,00 EUR/mes",https://www.nepremicnine.net/oglasi-oddaja/dotrscina-ravnice-stanovanje_7391945/
7388367,"DOTRŠČINA, RAVNICE",Stanovanje,2-sobno,2.0,2500.0,EUR,107.0,,,"107 m2, 2-sobno, oddamo. Cena: 2.500,00 EUR/mes",https://www.nepremicnine.net/oglasi-oddaja/dotrscina-ravnice-stanovanje_7388367/
7388325,"DOTRŠČINA, RAVNICE",Stanovanje,3-sobno,3.0,3000.0,EUR,123.0,,,"123 m2, 3-sobno, oddamo. Cena: 3.000,00 EUR/mes",https://www.nepremicnine.net/oglasi-oddaja/dotrscina-ravnice-stanovanje_7388325/
7413835,"DOTRŠČINA, REBAR",Stanovanje,2-sobno,2.0,1150.0,EUR,95.0,,,"95 m2, 2-sobno, oddamo. Cena: 1.150,00 EUR/mes",https://www.nepremicnine.net/oglasi-oddaja/dotrscina-rebar-stanovanje_7413835/
7397170,"DOTRŠČINA, SVETICE",Stanovanje,1-sobno,1.0,1200.0,EUR,50.0,,,"50 m2, 1-sobno, oddamo. Cena: 1.200,00 EUR/mes",https://www.nepremicnine.net/oglasi-oddaja/dotrscina-svetice-stanovanje_7397170/
7349545,"DOTRŠČINA, SVETICE",Stanovanje,1-sobno,1.0,1200.0,EUR,52.0,,,"52 m2, 1-sobno, oddamo. Cena: 1.200,00 EUR/mes",https://www.nepremicnine.net/oglasi-oddaja/dotrscina-svetice-stanovanje_7349545/
7409009,"DOTRŠČINA, SVETICE",Stanovanje,2-sobno,2.0,1500.0,EUR,90.0,,,"90 m2, 2-sobno, oddamo. Cena: 1.500,00 EUR/mes",https://www.nepremicnine.net/oglasi-oddaja/dotrscina-svetice-stanovanje_7409009/
7409118,DRAGOMER,Stanovanje,3-sobno,3.0,750.0,EUR,62.2,1962,VP/1,"62,2 m2, 3-sobno, zgrajeno l. 1962, adaptirano l. 2017, VP/1 nad., Prostorno 3 - sobno stanovanje z vrtom in parkingom, ...",https://www.nepremicnine.net/oglasi-oddaja/dragomer-stanovanje_7409118/
7410803,DRAGOMER,Stanovanje,5 in večsobno,,1200.0,EUR,91.2,1995,1/1,"91,2 m2, 5 in večsobno, zgrajeno l. 1995, adaptirano l. 2017, 1/1 nad., Oddamo 5 sobno stanovanje, Dragomer, oddamo. Cen...",https://www.nepremicnine.net/oglasi-oddaja/dragomer-stanovanje_7410803/
7412795,DRAVLJE,Stanovanje,Soba,,320.0,EUR,12.0,1990,1/2,"12 m2, soba, zgrajena l. 1990, adaptirana l. 2020, 120 m2 zemljišča, 1/2 nad., ENOposteljna soba primerna za študente od...",https://www.nepremicnine.net/oglasi-oddaja/dravlje-stanovanje_7412795/
7317485,DRAVLJE,Stanovanje,Soba,,300.0,EUR,18.0,1964,2/2,"18 m2, soba, zgrajena l. 1964, adaptirana l. 2020, 2/2 nad., Dvoposteljna soba v Dravljah v Ljubljani, oddamo. Cena: 300...",https://www.nepremicnine.net/oglasi-oddaja/dravlje-stanovanje_7317485/
7322721,DRAVLJE,Stanovanje,2-sobno,2.0,1000.0,EUR,65.3,1974,6,"65,3 m2, 2-sobno, zgrajeno l. 1974, adaptirano l. 2025, 6. nad., oddamo. Cena: 1.000,00 EUR/mes",https://www.nepremicnine.net/oglasi-oddaja/dravlje-stanovanje_7322721/
7384624,"DRAVLJE, BRILEJEVA ULICA 19",Stanovanje,3-sobno,3.0,900.0,EUR,82.0,1982,8/10,"82 m2, 3-sobno, zgrajeno l. 1982, 8/10 nad., Stanovanje je primarno primerno za 3 študente, saj ima zasnovane 3 ločene s...",https://www.nepremicnine.net/oglasi-oddaja/dravlje-brilejeva-ulica-19-stanovanje_7384624/
7398264,"DRAVLJE, ULICA BRATOV BABNIK",Stanovanje,2-sobno,2.0,900.0,EUR,51.9,1981,,"51,9 m2, 2-sobno, zgrajeno l. 1981, oddamo. Cena: 900,00 EUR/mes",https://www.nepremicnine.net/oglasi-oddaja/dravlje-ulica-bratov-babnik-stanovanje_7398264/
7409022,DRAVOGRAD,Stanovanje,"1,5-sobno",1.5,450.0,EUR,45.0,1958,2/4,"45 m2, 1,5-sobno, zgrajeno l. 1958, adaptirano l. 1998, 2/4 nad., oddamo. Cena: 450,00 EUR/mes",https://www.nepremicnine.net/oglasi-oddaja/dravograd-stanovanje_7409022/
7126760,DRAVOGRAD,Stanovanje,2-sobno,2.0,300.0,EUR,55.0,2014,1/3,"55 m2, 2-sobno, zgrajeno l. 2014, adaptirano l. 2014, 2.000 m2 zemljišča, 1/3 nad., oddamo. Cena: 300,00 EUR/mes",https://www.nepremicnine.net/oglasi-oddaja/dravograd-stanovanje_7126760/
7406552,"DRAVOGRAD, MARIBORSKA CESTA",Stanovanje,"1,5-sobno",1.5,400.0,EUR,45.36,1965,3/4,"45,36 m2, 1,5-sobno, zgrajeno l. 1965, 3/4 nad., oddamo. Cena: 400,00 EUR/mes",https://www.nepremicnine.net/oglasi-oddaja/dravograd-mariborska-cesta-stanovanje_7406552/
7400472,"DRAVOGRAD, ROBINDVOR",Stanovanje,Garsonjera,,380.0,EUR,42.3,2022,P,"42,3 m2, garsonjera, adaptirana l. 2022, pritličje, oddamo. Cena: 380,00 EUR/mes",https://www.nepremicnine.net/oglasi-oddaja/dravograd-robindvor-stanovanje_7400472/
7408888,"DRAVOGRAD, TRG 4. JULIJA, 2370",Stanovanje,2-sobno,2.0,490.0,EUR,77.3,1920,,"77,3 m2, 2-sobno, zgrajeno l. 1920, adaptirano l. 2021, oddamo. Cena: 490,00 EUR/mes",https://www.nepremicnine.net/oglasi-oddaja/dravograd-trg-4-julija-2370-stanovanje_7408888/
7399236,DRENOVA,Stanovanje,3-sobno,3.0,1500.0,EUR,130.0,,,"130 m2, 3-sobno, oddamo. Cena: 1.500,00 EUR/mes",https://www.nepremicnine.net/oglasi-oddaja/drenova-stanovanje_7399236/
7252501,DUBRAVA,Stanovanje,Drugo,,800.0,EUR,38.0,,,"38 m2, stanovanje, oddamo. Cena: 800,00 EUR/mes",https://www.nepremicnine.net/oglasi-oddaja/dubrava-stanovanje_7252501/
7243349,DUBRAVA,Stanovanje,1-sobno,1.0,190.0,EUR,40.0,,,"40 m2, 1-sobno, oddamo. Cena: 190,00 EUR/mes",https://www.nepremicnine.net/oglasi-oddaja/dubrava-stanovanje_7243349/
7262857,DUBRAVA,Stanovanje,2-sobno,2.0,650.0,EUR,59.0,,,"59 m2, 2-sobno, oddamo. Cena: 650,00 EUR/mes",https://www.nepremicnine.net/oglasi-oddaja/dubrava-stanovanje_7262857/
7243183,DUBRAVA,Stanovanje,3-sobno,3.0,1200.0,EUR,100.0,,,"100 m2, 3-sobno, oddamo. Cena: 1.200,00 EUR/mes",https://www.nepremicnine.net/oglasi-oddaja/dubrava-stanovanje_7243183/
7243155,DUBRAVA,Stanovanje,4-sobno,4.0,230.0,EUR,110.0,,,"110 m2, 4-sobno, oddamo. Cena: 230,00 EUR/mes",https://www.nepremicnine.net/oglasi-oddaja/dubrava-stanovanje_7243155/
7252444,DUBRAVA,Stanovanje,4-sobno,4.0,150.0,EUR,113.0,,,"113 m2, 4-sobno, oddamo. Cena: 150,00 EUR/mes",https://www.nepremicnine.net/oglasi-oddaja/dubrava-stanovanje_7252444/
7311091,DUBRAVA,Stanovanje,4-sobno,4.0,220.0,EUR,120.0,,,"120 m2, 4-sobno, oddamo. Cena: 220,00 EUR/mes",https://www.nepremicnine.net/oglasi-oddaja/dubrava-stanovanje_7311091/
7390804,DUBRAVA – KLAKA - MIROSEVAC,Stanovanje,1-sobno,1.0,900.0,EUR,48.0,2022,,"48 m2, 1-sobno, novogradnja - zgr. l. 2022, oddamo. Cena: 900,00 EUR/mes",https://www.nepremicnine.net/oglasi-oddaja/dubrava-klaka-mirosevac-stanovanje_7390804/
7389906,"DUBRAVA – KLAKA - MIROSEVAC, ALEJA TIŠINE",Stanovanje,2-sobno,2.0,1200.0,EUR,75.0,,,"75 m2, 2-sobno, oddamo. Cena: 1.200,00 EUR/mes",https://www.nepremicnine.net/oglasi-oddaja/dubrava-klaka-mirosevac-aleja-tisine-stanovanje_7389906/
7338816,"DUBRAVA – KLAKA - MIROSEVAC, DANKOVEČKA",Stanovanje,2-sobno,2.0,1000.0,EUR,86.0,,,"86 m2, 2-sobno, oddamo. Cena: 1.000,00 EUR/mes",https://www.nepremicnine.net/oglasi-oddaja/dubrava-klaka-mirosevac-dankovecka-stanovanje_7338816/
7254088,"DUBRAVA – KLAKA - MIROSEVAC, DONJA",Stanovanje,Drugo,,250.0,EUR,36.0,,,"36 m2, stanovanje, oddamo. Cena: 250,00 EUR/mes",https://www.nepremicnine.net/oglasi-oddaja/dubrava-klaka-mirosevac-donja-stanovanje_7254088/
6744087,"DUBRAVA – KLAKA - MIROSEVAC, GORNJA",Stanovanje,1-sobno,1.0,1000.0,EUR,55.0,,,"55 m2, 1-sobno, oddamo. Cena: 1.000,00 EUR/mes",https://www.nepremicnine.net/oglasi-oddaja/dubrava-klaka-mirosevac-gornja-stanovanje_6744087/
7254394,"DUBRAVA – KLAKA - MIROSEVAC, GORNJA",Stanovanje,Drugo,,2400.0,EUR,58.0,,,"58 m2, stanovanje, oddamo. Cena: 2.400,00 EUR/mes",https://www.nepremicnine.net/oglasi-oddaja/dubrava-klaka-mirosevac-gornja-stanovanje_7254394/
7254105,"DUBRAVA – KLAKA - MIROSEVAC, GORNJA",Stanovanje,1-sobno,1.0,2400.0,EUR,70.0,,,"70 m2, 1-sobno, oddamo. Cena: 2.400,00 EUR/mes",https://www.nepremicnine.net/oglasi-oddaja/dubrava-klaka-mirosevac-gornja-stanovanje_7254105/
7252867,"DUBRAVA – KLAKA - MIROSEVAC, GORNJA",Stanovanje,2-sobno,2.0,200.0,EUR,80.0,2023,,"80 m2, 2-sobno, novogradnja - zgr. l. 2023, oddamo. Cena: 200,00 EUR/mes",https://www.nepremicnine.net/oglasi-oddaja/dubrava-klaka-mirosevac-gornja-stanovanje_7252867/
7353236,"DUBRAVA – KLAKA - MIROSEVAC, GORNJA",Stanovanje,3-sobno,3.0,2400.0,EUR,250.0,,,"250 m2, 3-sobno, oddamo. Cena: 2.400,00 EUR/mes",https://www.nepremicnine.net/oglasi-oddaja/dubrava-klaka-mirosevac-gornja-stanovanje_7353236/
7339959,"DUBRAVA – KLAKA - MIROSEVAC, GRANEŠINA",Stanovanje,2-sobno,2.0,900.0,EUR,77.0,,,"77 m2, 2-sobno, oddamo. Cena: 900,00 EUR/mes",https://www.nepremicnine.net/oglasi-oddaja/dubrava-klaka-mirosevac-granesina-stanovanje_7339959/
6993214,"DUBRAVA – KLAKA - MIROSEVAC, HRVATSKOG PROLJEĆA",Stanovanje,2-sobno,2.0,850.0,EUR,68.0,,,"68 m2, 2-sobno, oddamo. Cena: 850,00 EUR/mes",https://www.nepremicnine.net/oglasi-oddaja/dubrava-klaka-mirosevac-hrvatskog-proljeca-stanovanje_6993214/
7085226,"DUBRAVA – KLAKA - MIROSEVAC, HRVATSKOG PROLJEĆA",Stanovanje,2-sobno,2.0,1100.0,EUR,80.0,,,"80 m2, 2-sobno, oddamo. Cena: 1.100,00 EUR/mes",https://www.nepremicnine.net/oglasi-oddaja/dubrava-klaka-mirosevac-hrvatskog-proljeca-stanovanje_7085226/
7372021,"DUBRAVA – KLAKA - MIROSEVAC, NOVAČKA",Stanovanje,3-sobno,3.0,1500.0,EUR,85.0,,,"85 m2, 3-sobno, oddamo. Cena: 1.500,00 EUR/mes",https://www.nepremicnine.net/oglasi-oddaja/dubrava-klaka-mirosevac-novacka-stanovanje_7372021/
7284610,DUGAVE,Stanovanje,1-sobno,1.0,800.0,EUR,43.0,,,"43 m2, 1-sobno, oddamo. Cena: 800,00 EUR/mes",https://www.nepremicnine.net/oglasi-oddaja/dugave-stanovanje_7284610/
7281374,DUGAVE,Stanovanje,2-sobno,2.0,750.0,EUR,54.0,2003,,"54 m2, 2-sobno, zgrajeno l. 2003, oddamo. Cena: 750,00 EUR/mes",https://www.nepremicnine.net/oglasi-oddaja/dugave-stanovanje_7281374/
7398182,DUGAVE,Stanovanje,2-sobno,2.0,850.0,EUR,69.0,,,"69 m2, 2-sobno, oddamo. Cena: 850,00 EUR/mes",https://www.nepremicnine.net/oglasi-oddaja/dugave-stanovanje_7398182/
7361797,"DUGAVE, GOMBOŠEVA",Stanovanje,1-sobno,1.0,700.0,EUR,53.0,,,"53 m2, 1-sobno, oddamo. Cena: 700,00 EUR/mes",https://www.nepremicnine.net/oglasi-oddaja/dugave-gomboseva-stanovanje_7361797/
7394738,"DUGI RAT, JESENICE",Stanovanje,2-sobno,2.0,800.0,EUR,80.0,,,"80 m2, 2-sobno, oddamo. Cena: 800,00 EUR/mes",https://www.nepremicnine.net/oglasi-oddaja/dugi-rat-jesenice-stanovanje_7394738/
7252406,"DUGO SELO, CENTAR",Stanovanje,2-sobno,2.0,200.0,EUR,80.0,,,"80 m2, 2-sobno, oddamo. Cena: 200,00 EUR/mes",https://www.nepremicnine.net/oglasi-oddaja/dugo-selo-centar-stanovanje_7252406/
7254156,"DUGO SELO, CENTAR",Stanovanje,3-sobno,3.0,200.0,EUR,150.0,,,"150 m2, 3-sobno, oddamo. Cena: 200,00 EUR/mes",https://www.nepremicnine.net/oglasi-oddaja/dugo-selo-centar-stanovanje_7254156/
7278194,DUPLICA,Stanovanje,Garsonjera,,550.0,EUR,38.0,1980,4/5,"38 m2, garsonjera, zgrajena l. 1980, adaptirana l. 2022, 4/5 nad., oddamo. Cena: 550,00 EUR/mes",https://www.nepremicnine.net/oglasi-oddaja/duplica-stanovanje_7278194/
7306729,DUPLICA,Stanovanje,"2,5-sobno",2.5,720.0,EUR,68.9,1984,VP,"68,9 m2, 2,5-sobno, zgrajeno l. 1984, visoko pritličje, oddamo. Cena: 720,00 EUR/mes",https://www.nepremicnine.net/oglasi-oddaja/duplica-stanovanje_7306729/
7364440,DUPLICA,Stanovanje,3-sobno,3.0,770.0,EUR,78.0,1976,P/P,"78 m2, 3-sobno, zgrajeno l. 1976, adaptirano l. 2022, 450 m2 zemljišča, P/P, Oddam 3 sobno stanovanje v hiši z ločenim v...",https://www.nepremicnine.net/oglasi-oddaja/duplica-stanovanje_7364440/
7342532,ĐAKOVO,Stanovanje,1-sobno,1.0,500.0,EUR,53.0,,,"53 m2, 1-sobno, oddamo. Cena: 500,00 EUR/mes",https://www.nepremicnine.net/oglasi-oddaja/dakovo-stanovanje_7342532/
7328287,ĐAKOVO,Stanovanje,1-sobno,1.0,500.0,EUR,64.0,,,"64 m2, 1-sobno, oddamo. Cena: 500,00 EUR/mes",https://www.nepremicnine.net/oglasi-oddaja/dakovo-stanovanje_7328287/
7384031,ĐAKOVO,Stanovanje,1-sobno,1.0,550.0,EUR,66.0,,,"66 m2, 1-sobno, oddamo. Cena: 550,00 EUR/mes",https://www.nepremicnine.net/oglasi-oddaja/dakovo-stanovanje_7384031/
7317534,FAŽANA,Stanovanje,1-sobno,1.0,700.0,EUR,37.0,2020,,"37 m2, 1-sobno, novogradnja - zgr. l. 2020, oddamo. Cena: 700,00 EUR/mes",https://www.nepremicnine.net/oglasi-oddaja/fazana-stanovanje_7317534/
7116747,FUŽINE,Stanovanje,Soba,,350.0,EUR,16.0,1982,M/4,"16 m2, soba, zgrajena l. 1982, adaptirana l. 2000, M/4 nad., Sobo v Fužinah oddam pošteni in mirni osebi.350 EUR/mes + 1...",https://www.nepremicnine.net/oglasi-oddaja/fuzine-stanovanje_7116747/
6973501,FUŽINE,Stanovanje,Soba,,350.0,EUR,20.0,1981,3/7,"20 m2, soba, zgrajena l. 1981, 3/7 nad., Oddam sobo. Skupna uporaba kuhinje in kopalnice, balkona. Varščina je višini en...",https://www.nepremicnine.net/oglasi-oddaja/fuzine-stanovanje_6973501/
7405382,FUŽINE,Stanovanje,Garsonjera,,600.0,EUR,30.0,1981,3/4,"30 m2, garsonjera, zgrajena l. 1981, 3/4 nad., prijetna popolnoma prenovljena garsonjera na odlični lokaciji: LJ-moste, ...",https://www.nepremicnine.net/oglasi-oddaja/fuzine-stanovanje_7405382/
7387626,"GAJNICE, DEBANIĆEVA",Stanovanje,1-sobno,1.0,700.0,EUR,40.0,,,"40 m2, 1-sobno, oddamo. Cena: 700,00 EUR/mes",https://www.nepremicnine.net/oglasi-oddaja/gajnice-debaniceva-stanovanje_7387626/
7347508,"GAJNICE, PERJAVICA",Stanovanje,1-sobno,1.0,880.0,EUR,67.0,,,"67 m2, 1-sobno, oddamo. Cena: 880,00 EUR/mes",https://www.nepremicnine.net/oglasi-oddaja/gajnice-perjavica-stanovanje_7347508/
7315660,"GAJNICE, PERJAVICA",Stanovanje,3-sobno,3.0,900.0,EUR,77.0,,,"77 m2, 3-sobno, oddamo. Cena: 900,00 EUR/mes",https://www.nepremicnine.net/oglasi-oddaja/gajnice-perjavica-stanovanje_7315660/
7372073,"GAJNICE, PERJAVICA",Stanovanje,2-sobno,2.0,1100.0,EUR,90.0,,,"90 m2, 2-sobno, oddamo. Cena: 1.100,00 EUR/mes",https://www.nepremicnine.net/oglasi-oddaja/gajnice-perjavica-stanovanje_7372073/
7279920,"GAJNICE, PERJAVICA, PODSUSED - VRAPČE",Stanovanje,2-sobno,2.0,195.0,EUR,55.0,,,"55 m2, 2-sobno, oddamo. Cena: 195,00 EUR/mes",https://www.nepremicnine.net/oglasi-oddaja/gajnice-perjavica-podsused-vrapce-stanovanje_7279920/
7243314,"GAJNICE, PERJAVICA, PODSUSED - VRAPČE",Stanovanje,3-sobno,3.0,1100.0,EUR,60.0,,,"60 m2, 3-sobno, oddamo. Cena: 1.100,00 EUR/mes",https://www.nepremicnine.net/oglasi-oddaja/gajnice-perjavica-podsused-vrapce-stanovanje_7243314/
7252373,"GAJNICE, PERJAVICA, PODSUSED - VRAPČE",Stanovanje,2-sobno,2.0,150.0,EUR,100.0,,,"100 m2, 2-sobno, oddamo. Cena: 150,00 EUR/mes",https://www.nepremicnine.net/oglasi-oddaja/gajnice-perjavica-podsused-vrapce-stanovanje_7252373/
7308952,"GAJNICE, PODSUSED - VRAPČE",Stanovanje,2-sobno,2.0,1000.0,EUR,75.0,,,"75 m2, 2-sobno, oddamo. Cena: 1.000,00 EUR/mes",https://www.nepremicnine.net/oglasi-oddaja/gajnice-podsused-vrapce-stanovanje_7308952/
7241749,"GAJNICE, PODSUSED - VRAPČE",Stanovanje,2-sobno,2.0,180.0,EUR,90.0,,,"90 m2, 2-sobno, oddamo. Cena: 180,00 EUR/mes",https://www.nepremicnine.net/oglasi-oddaja/gajnice-podsused-vrapce-stanovanje_7241749/
7243014,"GAJNICE, PODSUSED - VRAPČE",Stanovanje,2-sobno,2.0,250.0,EUR,92.0,,,"92 m2, 2-sobno, oddamo. Cena: 250,00 EUR/mes",https://www.nepremicnine.net/oglasi-oddaja/gajnice-podsused-vrapce-stanovanje_7243014/
7283377,"GAJNICE, STENJEVEC",Stanovanje,1-sobno,1.0,1500.0,EUR,94.0,,,"94 m2, 1-sobno, oddamo. Cena: 1.500,00 EUR/mes",https://www.nepremicnine.net/oglasi-oddaja/gajnice-stenjevec-stanovanje_7283377/
7284339,"GAJNICE, STENJEVEC",Stanovanje,1-sobno,1.0,1500.0,EUR,95.0,,,"95 m2, 1-sobno, oddamo. Cena: 1.500,00 EUR/mes",https://www.nepremicnine.net/oglasi-oddaja/gajnice-stenjevec-stanovanje_7284339/
7285925,"GAJNICE, STENJEVEC",Stanovanje,1-sobno,1.0,1500.0,EUR,95.0,,,"95 m2, 1-sobno, oddamo. Cena: 1.500,00 EUR/mes",https://www.nepremicnine.net/oglasi-oddaja/gajnice-stenjevec-stanovanje_7285925/
7286685,"GAJNICE, STENJEVEC",Stanovanje,1-sobno,1.0,1500.0,EUR,95.0,,,"95 m2, 1-sobno, oddamo. Cena: 1.500,00 EUR/mes",https://www.nepremicnine.net/oglasi-oddaja/gajnice-stenjevec-stanovanje_7286685/
6685162,"GAJNICE, ŽLEBEC",Stanovanje,1-sobno,1.0,1000.0,EUR,100.0,,,"100 m2, 1-sobno, ""penthouse"", oddamo. Cena: 1.000,00 EUR/mes",https://www.nepremicnine.net/oglasi-oddaja/gajnice-zlebec-stanovanje_6685162/
7346587,GALJEVICA,Stanovanje,4-sobno,4.0,2500.0,EUR,173.1,2021,1/3,"173,1 m2, 4-sobno, novogradnja - zgr. l. 2021, 1/3 nad., oddamo. Cena: 2.500,00 EUR/mes",https://www.nepremicnine.net/oglasi-oddaja/galjevica-stanovanje_7346587/
7410763,"GALJEVICA, BLIZU BOTANIČNEGA VRTA",Stanovanje,Garsonjera,,620.0,EUR,15.0,1980,2/3,"15 m2, garsonjera, zgrajena l. 1980, adaptirana l. 2018, 2/3 nad., oddamo. Cena: 620,00 EUR/mes",https://www.nepremicnine.net/oglasi-oddaja/galjevica-blizu-botanicnega-vrta-stanovanje_7410763/
7312233,"GALJEVICA, OB IŽANSKI CESTI",Stanovanje,1-sobno,1.0,600.0,EUR,35.0,2004,P,"35 m2, 1-sobno, zgrajeno l. 2004, adaptirano l. 2026, pritličje, Enosobno 35 m2, oddamo. Cena: 600,00 EUR/mes",https://www.nepremicnine.net/oglasi-oddaja/galjevica-ob-izanski-cesti-stanovanje_7312233/
7395672,GAŽON,Stanovanje,Soba,,450.0,EUR,20.0,2007,1/1,"20 m2, soba, zgrajena l. 2007, adaptirana l. 2021, 200 m2 zemljišča, 1/1 nad., Enoposteljna / dvoposteljna soba z lastno...",https://www.nepremicnine.net/oglasi-oddaja/gazon-stanovanje_7395672/
7328605,GOLNIK,Stanovanje,Soba,,200.0,EUR,25.0,1980,1/1,"25 m2, soba, zgrajena l. 1980, 1/1 nad., Z 10. Majem bo prosta soba, oddamo. Cena: cca 200,00 EUR/mes",https://www.nepremicnine.net/oglasi-oddaja/golnik-stanovanje_7328605/
7345654,GOLO,Stanovanje,Garsonjera,,450.0,EUR,30.0,2010,,"30 m2, garsonjera, zgrajena l. 2010, oddamo. Cena: 450,00 EUR/mes",https://www.nepremicnine.net/oglasi-oddaja/golo-stanovanje_7345654/
7408863,GOMILSKO,Stanovanje,"1,5-sobno",1.5,500.0,EUR,70.0,2000,1,"70 m2, 1,5-sobno, zgrajeno l. 2000, 1. nad., oddamo. Cena: 500,00 EUR/mes",https://www.nepremicnine.net/oglasi-oddaja/gomilsko-stanovanje_7408863/
7371036,"GORENJE BLATO, NARAVA IN ZASEBNOST",Stanovanje,2-sobno,2.0,650.0,EUR,70.0,2025,P/P,"70 m2, 2-sobno, adaptirano l. 2025, P/P, Mirna lokacija, obdana z naravo, popolnoma opremljeno, parkirno mesto, bližina ...",https://www.nepremicnine.net/oglasi-oddaja/gorenje-blato-narava-in-zasebnost-stanovanje_7371036/
7299204,GORNJA KUSTOSIJA,Stanovanje,3-sobno,3.0,1600.0,EUR,124.0,,,"124 m2, 3-sobno, ""penthouse"", oddamo. Cena: 1.600,00 EUR/mes",https://www.nepremicnine.net/oglasi-oddaja/gornja-kustosija-stanovanje_7299204/
7252227,"GORNJA KUSTOSIJA, BIJENIK, ČRNOMEREC",Stanovanje,2-sobno,2.0,200.0,EUR,60.0,,,"60 m2, 2-sobno, oddamo. Cena: 200,00 EUR/mes",https://www.nepremicnine.net/oglasi-oddaja/gornja-kustosija-bijenik-crnomerec-stanovanje_7252227/
7378963,"GORNJA KUSTOSIJA, ČNOMEREC",Stanovanje,2-sobno,2.0,1000.0,EUR,64.0,,,"64 m2, 2-sobno, oddamo. Cena: 1.000,00 EUR/mes",https://www.nepremicnine.net/oglasi-oddaja/gornja-kustosija-cnomerec-stanovanje_7378963/
7243237,"GORNJA KUSTOSIJA, ČRNOMEREC",Stanovanje,1-sobno,1.0,200.0,EUR,60.0,,,"60 m2, 1-sobno, oddamo. Cena: 200,00 EUR/mes",https://www.nepremicnine.net/oglasi-oddaja/gornja-kustosija-crnomerec-stanovanje_7243237/
7304432,"GORNJA KUSTOSIJA, ČRNOMEREC",Stanovanje,3-sobno,3.0,270.0,EUR,70.0,,,"70 m2, 3-sobno, oddamo. Cena: 270,00 EUR/mes",https://www.nepremicnine.net/oglasi-oddaja/gornja-kustosija-crnomerec-stanovanje_7304432/
6913210,"GORNJA KUSTOSIJA, DUNJEVAC",Stanovanje,3-sobno,3.0,2500.0,EUR,181.0,,,"181 m2, 3-sobno, oddamo. Cena: 2.500,00 EUR/mes",https://www.nepremicnine.net/oglasi-oddaja/gornja-kustosija-dunjevac-stanovanje_6913210/
7346809,"GORNJA KUSTOSIJA, GORNJE VRAPČE, ČRNOMEREC",Stanovanje,2-sobno,2.0,600.0,EUR,70.0,,,"70 m2, 2-sobno, oddamo. Cena: 600,00 EUR/mes",https://www.nepremicnine.net/oglasi-oddaja/gornja-kustosija-gornje-vrapce-crnomerec-stanovanje_7346809/
7282516,"GORNJA KUSTOSIJA, MIKULIĆI",Stanovanje,2-sobno,2.0,800.0,EUR,70.0,,,"70 m2, 2-sobno, oddamo. Cena: 800,00 EUR/mes",https://www.nepremicnine.net/oglasi-oddaja/gornja-kustosija-mikulici-stanovanje_7282516/
7286848,"GORNJA KUSTOSIJA, PODVINJE",Stanovanje,1-sobno,1.0,850.0,EUR,42.0,,,"42 m2, 1-sobno, oddamo. Cena: 850,00 EUR/mes",https://www.nepremicnine.net/oglasi-oddaja/gornja-kustosija-podvinje-stanovanje_7286848/
7286790,"GORNJA KUSTOSIJA, SVETI DUH",Stanovanje,1-sobno,1.0,850.0,EUR,55.0,,,"55 m2, 1-sobno, oddamo. Cena: 850,00 EUR/mes",https://www.nepremicnine.net/oglasi-oddaja/gornja-kustosija-sveti-duh-stanovanje_7286790/
7076840,"GORNJA KUSTOSIJA, SVETI DUH",Stanovanje,2-sobno,2.0,1600.0,EUR,78.0,,,"78 m2, 2-sobno, oddamo. Cena: 1.600,00 EUR/mes",https://www.nepremicnine.net/oglasi-oddaja/gornja-kustosija-sveti-duh-stanovanje_7076840/
7070199,"GORNJA KUSTOSIJA, SVETI DUH",Stanovanje,2-sobno,2.0,1600.0,EUR,78.0,,,"78 m2, 2-sobno, oddamo. Cena: 1.600,00 EUR/mes",https://www.nepremicnine.net/oglasi-oddaja/gornja-kustosija-sveti-duh-stanovanje_7070199/
7076835,"GORNJA KUSTOSIJA, SVETI DUH",Stanovanje,2-sobno,2.0,1600.0,EUR,90.0,,,"90 m2, 2-sobno, oddamo. Cena: 1.600,00 EUR/mes",https://www.nepremicnine.net/oglasi-oddaja/gornja-kustosija-sveti-duh-stanovanje_7076835/
7076834,"GORNJA KUSTOSIJA, SVETI DUH",Stanovanje,2-sobno,2.0,1600.0,EUR,92.0,,,"92 m2, 2-sobno, oddamo. Cena: 1.600,00 EUR/mes",https://www.nepremicnine.net/oglasi-oddaja/gornja-kustosija-sveti-duh-stanovanje_7076834/
7076836,"GORNJA KUSTOSIJA, SVETI DUH",Stanovanje,2-sobno,2.0,1700.0,EUR,96.0,,,"96 m2, 2-sobno, oddamo. Cena: 1.700,00 EUR/mes",https://www.nepremicnine.net/oglasi-oddaja/gornja-kustosija-sveti-duh-stanovanje_7076836/
7072573,"GORNJA KUSTOSIJA, SVETI DUH",Stanovanje,2-sobno,2.0,1900.0,EUR,100.0,,,"100 m2, 2-sobno, oddamo. Cena: 1.900,00 EUR/mes",https://www.nepremicnine.net/oglasi-oddaja/gornja-kustosija-sveti-duh-stanovanje_7072573/
7072574,"GORNJA KUSTOSIJA, SVETI DUH",Stanovanje,2-sobno,2.0,1900.0,EUR,103.0,,,"103 m2, 2-sobno, oddamo. Cena: 1.900,00 EUR/mes",https://www.nepremicnine.net/oglasi-oddaja/gornja-kustosija-sveti-duh-stanovanje_7072574/
7321973,"GORNJA KUSTOSIJA, SVETI DUH",Stanovanje,3-sobno,3.0,1800.0,EUR,104.0,,,"104 m2, 3-sobno, oddamo. Cena: 1.800,00 EUR/mes",https://www.nepremicnine.net/oglasi-oddaja/gornja-kustosija-sveti-duh-stanovanje_7321973/
7005448,"GORNJA KUSTOSIJA, SVETI DUH",Stanovanje,3-sobno,3.0,2700.0,EUR,135.0,,,"135 m2, 3-sobno, oddamo. Cena: 2.700,00 EUR/mes",https://www.nepremicnine.net/oglasi-oddaja/gornja-kustosija-sveti-duh-stanovanje_7005448/
7371746,"GORNJA KUSTOSIJA, SVETI DUH",Stanovanje,4-sobno,4.0,1600.0,EUR,147.0,,,"147 m2, 4-sobno, oddamo. Cena: 1.600,00 EUR/mes",https://www.nepremicnine.net/oglasi-oddaja/gornja-kustosija-sveti-duh-stanovanje_7371746/
7371689,"GORNJA RADGONA, KOCLJEVA 15",Stanovanje,2-sobno,2.0,560.0,EUR,68.5,2003,3/3,"68,5 m2, 2-sobno, zgrajeno l. 2003, adaptirano l. 2017, 3/3 nad., oddamo v dolgoročni najem, vseljivo 1.9.2026, zelo mir...",https://www.nepremicnine.net/oglasi-oddaja/gornja-radgona-kocljeva-15-stanovanje_7371689/
7393498,GORNJI GRAD – MEDVEŠČAK,Stanovanje,1-sobno,1.0,650.0,EUR,37.0,,,"37 m2, 1-sobno, oddamo. Cena: 650,00 EUR/mes",https://www.nepremicnine.net/oglasi-oddaja/gornji-grad-medvescak-stanovanje_7393498/
7397780,GORNJI GRAD – MEDVEŠČAK,Stanovanje,1-sobno,1.0,800.0,EUR,50.0,2008,,"50 m2, 1-sobno, zgrajeno l. 2008, oddamo. Cena: 800,00 EUR/mes",https://www.nepremicnine.net/oglasi-oddaja/gornji-grad-medvescak-stanovanje_7397780/
7408562,GORNJI GRAD – MEDVEŠČAK,Stanovanje,1-sobno,1.0,750.0,EUR,51.0,,,"51 m2, 1-sobno, oddamo. Cena: 750,00 EUR/mes",https://www.nepremicnine.net/oglasi-oddaja/gornji-grad-medvescak-stanovanje_7408562/
7361160,GORNJI GRAD – MEDVEŠČAK,Stanovanje,1-sobno,1.0,999.0,EUR,55.0,,,"55 m2, 1-sobno, oddamo. Cena: 999,00 EUR/mes",https://www.nepremicnine.net/oglasi-oddaja/gornji-grad-medvescak-stanovanje_7361160/
7348741,GORNJI GRAD – MEDVEŠČAK,Stanovanje,1-sobno,1.0,649.0,EUR,55.0,,,"55 m2, 1-sobno, oddamo. Cena: 649,00 EUR/mes",https://www.nepremicnine.net/oglasi-oddaja/gornji-grad-medvescak-stanovanje_7348741/
7275620,GORNJI GRAD – MEDVEŠČAK,Stanovanje,3-sobno,3.0,2200.0,EUR,144.0,,,"144 m2, 3-sobno, oddamo. Cena: 2.200,00 EUR/mes",https://www.nepremicnine.net/oglasi-oddaja/gornji-grad-medvescak-stanovanje_7275620/
7360563,GORNJI GRAD – MEDVEŠČAK,Stanovanje,4-sobno,4.0,3499.0,EUR,186.0,1890,,"186 m2, 4-sobno, zgrajeno l. 1890, oddamo. Cena: 3.499,00 EUR/mes",https://www.nepremicnine.net/oglasi-oddaja/gornji-grad-medvescak-stanovanje_7360563/
7413495,GORNJI PETROVCI,Stanovanje,2-sobno,2.0,350.0,EUR,57.0,2000,1/2,"57 m2, 2-sobno, zgrajeno l. 2000, adaptirano l. 2023, 1/2 nad., oddamo. Cena: 350,00 EUR/mes",https://www.nepremicnine.net/oglasi-oddaja/gornji-petrovci-stanovanje_7413495/
7342712,"GORNJI STENJEVEC, BIZEK, PODSUSED - VRAPČE",Stanovanje,4-sobno,4.0,250.0,EUR,90.0,,,"90 m2, 4-sobno, oddamo. Cena: 250,00 EUR/mes",https://www.nepremicnine.net/oglasi-oddaja/gornji-stenjevec-bizek-podsused-vrapce-stanovanje_7342712/
7286677,"GORNJI STENJEVEC, KUSTOŠIJA",Stanovanje,1-sobno,1.0,850.0,EUR,50.0,,,"50 m2, 1-sobno, oddamo. Cena: 850,00 EUR/mes",https://www.nepremicnine.net/oglasi-oddaja/gornji-stenjevec-kustosija-stanovanje_7286677/
7069659,GRAČANI,Stanovanje,2-sobno,2.0,800.0,EUR,54.0,,,"54 m2, 2-sobno, oddamo. Cena: 800,00 EUR/mes",https://www.nepremicnine.net/oglasi-oddaja/gracani-stanovanje_7069659/
7411473,GRAČANI,Stanovanje,2-sobno,2.0,600.0,EUR,56.0,2018,,"56 m2, 2-sobno, novogradnja - zgr. l. 2018, oddamo. Cena: 600,00 EUR/mes",https://www.nepremicnine.net/oglasi-oddaja/gracani-stanovanje_7411473/
7094573,GRAČANI,Stanovanje,3-sobno,3.0,1900.0,EUR,145.0,,,"145 m2, 3-sobno, oddamo. Cena: 1.900,00 EUR/mes",https://www.nepremicnine.net/oglasi-oddaja/gracani-stanovanje_7094573/
7033318,GRAČANI,Stanovanje,3-sobno,3.0,1850.0,EUR,150.0,,,"150 m2, 3-sobno, oddamo. Cena: 1.850,00 EUR/mes",https://www.nepremicnine.net/oglasi-oddaja/gracani-stanovanje_7033318/
7267868,GRAČANI,Stanovanje,5 in večsobno,,2000.0,EUR,150.0,2009,,"150 m2, 5 in večsobno, zgrajeno l. 2009, oddamo. Cena: 2.000,00 EUR/mes",https://www.nepremicnine.net/oglasi-oddaja/gracani-stanovanje_7267868/
7252206,"GRAČANI, PODSLJEME",Stanovanje,1-sobno,1.0,700.0,EUR,45.0,,,"45 m2, 1-sobno, oddamo. Cena: 700,00 EUR/mes",https://www.nepremicnine.net/oglasi-oddaja/gracani-podsljeme-stanovanje_7252206/
7365565,GRAD - MEJE,Stanovanje,1-sobno,1.0,800.0,EUR,32.0,1900,,"32 m2, 1-sobno, zgrajeno l. 1900, oddamo. Cena: 800,00 EUR/mes",https://www.nepremicnine.net/oglasi-oddaja/grad-meje-stanovanje_7365565/
6934141,GRAD - MEJE,Stanovanje,1-sobno,1.0,1600.0,EUR,50.0,,,"50 m2, 1-sobno, oddamo. Cena: 1.600,00 EUR/mes",https://www.nepremicnine.net/oglasi-oddaja/grad-meje-stanovanje_6934141/
7414006,GRAD - MEJE,Stanovanje,2-sobno,2.0,1100.0,EUR,60.0,,,"60 m2, 2-sobno, oddamo. Cena: 1.100,00 EUR/mes",https://www.nepremicnine.net/oglasi-oddaja/grad-meje-stanovanje_7414006/
7350138,GRAD - MEJE,Stanovanje,2-sobno,2.0,2500.0,EUR,62.0,,,"62 m2, 2-sobno, oddamo. Cena: 2.500,00 EUR/mes",https://www.nepremicnine.net/oglasi-oddaja/grad-meje-stanovanje_7350138/
7232090,GRAD - MEJE,Stanovanje,2-sobno,2.0,1850.0,EUR,87.0,2007,,"87 m2, 2-sobno, zgrajeno l. 2007, oddamo. Cena: 1.850,00 EUR/mes",https://www.nepremicnine.net/oglasi-oddaja/grad-meje-stanovanje_7232090/
6799046,GRAD - MEJE,Stanovanje,2-sobno,2.0,2200.0,EUR,105.0,,,"105 m2, 2-sobno, oddamo. Cena: 2.200,00 EUR/mes",https://www.nepremicnine.net/oglasi-oddaja/grad-meje-stanovanje_6799046/
7285866,GRAD - MEJE,Stanovanje,2-sobno,2.0,3500.0,EUR,120.0,,,"120 m2, 2-sobno, oddamo. Cena: 3.500,00 EUR/mes",https://www.nepremicnine.net/oglasi-oddaja/grad-meje-stanovanje_7285866/
7361645,GRAD - MEJE,Stanovanje,4-sobno,4.0,3000.0,EUR,123.0,,,"123 m2, 4-sobno, oddamo. Cena: 3.000,00 EUR/mes",https://www.nepremicnine.net/oglasi-oddaja/grad-meje-stanovanje_7361645/
7400166,GRAD - MEJE,Stanovanje,4-sobno,4.0,3000.0,EUR,130.0,,,"130 m2, 4-sobno, oddamo. Cena: 3.000,00 EUR/mes",https://www.nepremicnine.net/oglasi-oddaja/grad-meje-stanovanje_7400166/
7387671,"GRAD - MEJE, MARJAN",Stanovanje,2-sobno,2.0,1100.0,EUR,100.0,,,"100 m2, 2-sobno, oddamo. Cena: 1.100,00 EUR/mes",https://www.nepremicnine.net/oglasi-oddaja/grad-meje-marjan-stanovanje_7387671/
7293545,"GRAD - MEJE, MARMONTOVA",Stanovanje,2-sobno,2.0,2500.0,EUR,73.0,,,"73 m2, 2-sobno, oddamo. Cena: 2.500,00 EUR/mes",https://www.nepremicnine.net/oglasi-oddaja/grad-meje-marmontova-stanovanje_7293545/
7390570,"GRADIŠČE, 8A",Stanovanje,Garsonjera,,250.0,EUR,22.0,2025,P,"22 m2, garsonjera, adaptirana l. 2025, pritličje, oddamo. Cena: 250,00 EUR/mes",https://www.nepremicnine.net/oglasi-oddaja/gradisce-8a-stanovanje_7390570/
7384773,GRADIŠKA,Stanovanje,2-sobno,2.0,850.0,EUR,37.4,2024,P/2,"37,4 m2, 2-sobno, novogradnja - zgr. l. 2024, P/2 nad., oddamo. Cena: 850,00 EUR/mes",https://www.nepremicnine.net/oglasi-oddaja/gradiska-stanovanje_7384773/
7338546,"GRADIŠKA, BLIŽINA NARAVE, Z RAZGLEDOM",Stanovanje,4-sobno,4.0,1000.0,EUR,135.0,1990,1/2,"135 m2, 4-sobno, zgrajeno l. 1990, adaptirano l. 2024, 1/2 nad., oddamo. Cena: 1.000,00 EUR/mes",https://www.nepremicnine.net/oglasi-oddaja/gradiska-blizina-narave-z-razgledom-stanovanje_7338546/
7376015,"GRIŽANE, BRIBIR, VINODOLSKA OPĆINA",Stanovanje,2-sobno,2.0,800.0,EUR,75.0,,,"75 m2, 2-sobno, oddamo. Cena: 800,00 EUR/mes",https://www.nepremicnine.net/oglasi-oddaja/grizane-bribir-vinodolska-opcina-stanovanje_7376015/
7412181,GROSUPLJE,Stanovanje,Garsonjera,,320.0,EUR,18.0,2015,,"18 m2, garsonjera, adaptirana l. 2015, Oddam opremljeno garsonjero, za eno osebo, oddaljena 4km od Grosuplja. Optični in...",https://www.nepremicnine.net/oglasi-oddaja/grosuplje-stanovanje_7412181/
6266024,GROSUPLJE,Stanovanje,Soba,,150.0,EUR,30.0,1977,K+P+1,"30 m2, soba, zgrajena l. 1977, 300 m2 zemljišča, K+P+1, oddamo. Cena: cca 150,00 EUR/mes",https://www.nepremicnine.net/oglasi-oddaja/grosuplje-stanovanje_6266024/
7412870,GROSUPLJE,Stanovanje,"1,5-sobno",1.5,700.0,EUR,41.0,1990,4/4,"41 m2, 1,5-sobno, zgrajeno l. 1990, adaptirano l. 2020, 4/4 nad., Grosuplje bližina osnovne šole in tržnice, oddamo. Cen...",https://www.nepremicnine.net/oglasi-oddaja/grosuplje-stanovanje_7412870/
7386736,GROSUPLJE,Stanovanje,1-sobno,1.0,850.0,EUR,41.0,2025,P/3,"41 m2, 1-sobno, zgrajeno l. 2025, P/3 nad., Oddamo popolnoma novo 1-sobno stanovanje v Grosupljem (Partizanska cesta), o...",https://www.nepremicnine.net/oglasi-oddaja/grosuplje-stanovanje_7386736/
7405820,GROSUPLJE,Stanovanje,"1,5-sobno",1.5,740.0,EUR,49.0,2000,2/4,"49 m2, 1,5-sobno, zgrajeno l. 2000, 2/4 nad., Stanovanje ima balkon, klet, parkirno mesto v garažnem delu stavbe. Primer...",https://www.nepremicnine.net/oglasi-oddaja/grosuplje-stanovanje_7405820/
7357291,GROSUPLJE,Stanovanje,"2,5-sobno",2.5,1050.0,EUR,57.8,2003,P/1,"57,8 m2, 2,5-sobno, zgrajeno l. 2003, P/1 nad., Na zaželjeni lokaciji v bližini zelenih površin, središča Grosuplja in A...",https://www.nepremicnine.net/oglasi-oddaja/grosuplje-stanovanje_7357291/
7107412,GROSUPLJE,Stanovanje,3-sobno,3.0,1200.0,EUR,58.3,2025,4,"58,3 m2, 3-sobno, novogradnja - zgr. l. 2025, 4. nad., oddamo. Cena: 1.200,00 EUR/mes",https://www.nepremicnine.net/oglasi-oddaja/grosuplje-stanovanje_7107412/
7382002,GROSUPLJE,Stanovanje,"2,5-sobno",2.5,940.0,EUR,65.0,2020,3/3,"65 m2, 2,5-sobno, zgrajeno l. 2020, 13 m2 zemljišča, 3/3 nad., oddamo. Cena: 940,00 EUR/mes",https://www.nepremicnine.net/oglasi-oddaja/grosuplje-stanovanje_7382002/
7086093,GROSUPLJE,Stanovanje,4-sobno,4.0,1800.0,EUR,111.4,2022,3/3,"111,4 m2, 4-sobno, zgrajeno l. 2022, 3/3 nad., Novo, svetlo in moderno opremljeno 4 sobno stanovanje v mirnem delu Grosu...",https://www.nepremicnine.net/oglasi-oddaja/grosuplje-stanovanje_7086093/
7100674,"GROSUPLJE, ZNIŽANA CENA",Stanovanje,3-sobno,3.0,1250.0,EUR,63.2,2025,4,"63,2 m2, 3-sobno, novogradnja - zgr. l. 2025, 4. nad., oddamo. Cena: 1.250,00 EUR/mes",https://www.nepremicnine.net/oglasi-oddaja/grosuplje-znizana-cena-stanovanje_7100674/
7092288,"GROSUPLJE, ZNIŽANA CENA",Stanovanje,3-sobno,3.0,1150.0,EUR,75.1,2025,4,"75,1 m2, 3-sobno, novogradnja - zgr. l. 2025, 4. nad., oddamo. Cena: 1.150,00 EUR/mes",https://www.nepremicnine.net/oglasi-oddaja/grosuplje-znizana-cena-stanovanje_7092288/
7129265,GUNCLJE,Stanovanje,2-sobno,2.0,1200.0,EUR,75.0,2024,1/P,"75 m2, 2-sobno, adaptirano l. 2024, adaptirano l. 2024, 1/P, oddamo. Cena: 1.200,00 EUR/mes",https://www.nepremicnine.net/oglasi-oddaja/gunclje-stanovanje_7129265/
7412215,HOMEC,Stanovanje,4-sobno,4.0,800.0,EUR,90.0,2012,M/2,"90 m2, 4-sobno, adaptirano l. 2012, M/2 nad., Oddamo prijetno svetlo stanovanje v mansardi. Ima dve otroški sobi, spalni...",https://www.nepremicnine.net/oglasi-oddaja/homec-stanovanje_7412215/
7408949,HOMEC,Stanovanje,5 in večsobno,,1100.0,EUR,120.0,1986,1/1,"120 m2, 5 in večsobno, zgrajeno l. 1986, adaptirano l. 2019, 1/1 nad., oddamo. Cena: 1.100,00 EUR/mes",https://www.nepremicnine.net/oglasi-oddaja/homec-stanovanje_7408949/
6784856,HORJUL,Stanovanje,Soba,,250.0,EUR,9.0,1980,1/1,"9 m2, soba, zgrajena l. 1980, adaptirana l. 2021, 1/1 nad., soba s souporabo kopalnice, kuhinje, balkona, oddamo. Cena: ...",https://www.nepremicnine.net/oglasi-oddaja/horjul-stanovanje_6784856/
7273852,HRASTOVEC,Stanovanje,Soba,,200.0,EUR,20.0,2000,P/2,"20 m2, soba, zgrajena l. 2000, P/2 nad., oddamo. Cena: 200,00 EUR/osebo na mes",https://www.nepremicnine.net/oglasi-oddaja/hrastovec-stanovanje_7273852/
7404463,HRAŠČE,Stanovanje,3-sobno,3.0,400.0,EUR,85.0,2024,,"85 m2, 3-sobno, adaptirano l. 2024, oddamo. Cena: 400,00 EUR/mes",https://www.nepremicnine.net/oglasi-oddaja/hrasce-stanovanje_7404463/
7409678,HRVATINI,Stanovanje,Garsonjera,,750.0,EUR,45.0,2004,,"45 m2, garsonjera, zgrajena l. 2004, oddamo. Cena: cca 750,00 EUR/mes",https://www.nepremicnine.net/oglasi-oddaja/hrvatini-stanovanje_7409678/
7377308,HRVATINI,Stanovanje,3-sobno,3.0,1000.0,EUR,75.0,1998,1/1,"75 m2, 3-sobno, zgrajeno l. 1998, 1/1 nad., Za študijsko leto 26/27 oddamo stanovanje primerno študentom, oddamo. Cena: ...",https://www.nepremicnine.net/oglasi-oddaja/hrvatini-stanovanje_7377308/
7398254,HUM,Stanovanje,2-sobno,2.0,600.0,EUR,37.0,2025,1/1,"37 m2, 2-sobno, zgrajeno l. 2025, 1/1 nad., oddamo. Cena: 600,00 EUR/mes",https://www.nepremicnine.net/oglasi-oddaja/hum-stanovanje_7398254/
7412909,"IČIĆI, IKA",Stanovanje,1-sobno,1.0,850.0,EUR,43.0,,,"43 m2, 1-sobno, oddamo. Cena: 850,00 EUR/mes",https://www.nepremicnine.net/oglasi-oddaja/icici-ika-stanovanje_7412909/
7398623,"IČIĆI, IKA",Stanovanje,1-sobno,1.0,950.0,EUR,51.0,,,"51 m2, 1-sobno, oddamo. Cena: 950,00 EUR/mes",https://www.nepremicnine.net/oglasi-oddaja/icici-ika-stanovanje_7398623/
7403785,"IČIĆI, IKA",Stanovanje,2-sobno,2.0,1900.0,EUR,65.0,,,"65 m2, 2-sobno, oddamo. Cena: 1.900,00 EUR/mes",https://www.nepremicnine.net/oglasi-oddaja/icici-ika-stanovanje_7403785/
7401556,"IČIĆI, IKA",Stanovanje,2-sobno,2.0,1000.0,EUR,75.0,,,"75 m2, 2-sobno, oddamo. Cena: 1.000,00 EUR/mes",https://www.nepremicnine.net/oglasi-oddaja/icici-ika-stanovanje_7401556/
7356937,"IČIĆI, IKA",Stanovanje,2-sobno,2.0,1200.0,EUR,104.0,1975,,"104 m2, 2-sobno, zgrajeno l. 1975, oddamo. Cena: 1.200,00 EUR/mes",https://www.nepremicnine.net/oglasi-oddaja/icici-ika-stanovanje_7356937/
7407516,"IČIĆI, IKA",Stanovanje,3-sobno,3.0,1000.0,EUR,104.0,1972,,"104 m2, 3-sobno, zgrajeno l. 1972, oddamo. Cena: 1.000,00 EUR/mes",https://www.nepremicnine.net/oglasi-oddaja/icici-ika-stanovanje_7407516/
7406107,"IČIĆI, IKA",Stanovanje,3-sobno,3.0,2500.0,EUR,130.0,1920,,"130 m2, 3-sobno, zgrajeno l. 1920, oddamo. Cena: 2.500,00 EUR/mes",https://www.nepremicnine.net/oglasi-oddaja/icici-ika-stanovanje_7406107/
7398924,"IČIĆI, IKA",Stanovanje,3-sobno,3.0,2800.0,EUR,140.0,,,"140 m2, 3-sobno, oddamo. Cena: 2.800,00 EUR/mes",https://www.nepremicnine.net/oglasi-oddaja/icici-ika-stanovanje_7398924/
7094996,"IČIĆI, IKA",Stanovanje,3-sobno,3.0,2500.0,EUR,140.0,1905,,"140 m2, 3-sobno, zgrajeno l. 1905, oddamo. Cena: 2.500,00 EUR/mes",https://www.nepremicnine.net/oglasi-oddaja/icici-ika-stanovanje_7094996/
7382357,"IČIĆI, IKA, OPATIJA - OKOLICA",Stanovanje,2-sobno,2.0,2500.0,EUR,70.0,2000,,"70 m2, 2-sobno, zgrajeno l. 2000, oddamo. Cena: 2.500,00 EUR/mes",https://www.nepremicnine.net/oglasi-oddaja/icici-ika-opatija-okolica-stanovanje_7382357/
7320871,"IČIĆI, IKA, OPATIJA - OKOLICA",Stanovanje,2-sobno,2.0,2500.0,EUR,70.0,2000,,"70 m2, 2-sobno, zgrajeno l. 2000, oddamo. Cena: 2.500,00 EUR/mes",https://www.nepremicnine.net/oglasi-oddaja/icici-ika-opatija-okolica-stanovanje_7320871/
7392897,"IČIĆI, IKA, OPATIJA - OKOLICA",Stanovanje,2-sobno,2.0,750.0,EUR,75.0,,,"75 m2, 2-sobno, oddamo. Cena: 750,00 EUR/mes",https://www.nepremicnine.net/oglasi-oddaja/icici-ika-opatija-okolica-stanovanje_7392897/
7393645,"IČIĆI, IKA, OPATIJA - OKOLICA",Stanovanje,3-sobno,3.0,2500.0,EUR,95.0,,,"95 m2, 3-sobno, oddamo. Cena: 2.500,00 EUR/mes",https://www.nepremicnine.net/oglasi-oddaja/icici-ika-opatija-okolica-stanovanje_7393645/
7368939,"IČIĆI, IKA, OPATIJA - OKOLICA",Stanovanje,3-sobno,3.0,1000.0,EUR,104.0,1975,,"104 m2, 3-sobno, zgrajeno l. 1975, oddamo. Cena: 1.000,00 EUR/mes",https://www.nepremicnine.net/oglasi-oddaja/icici-ika-opatija-okolica-stanovanje_7368939/
7408496,"IČIĆI, IKA, OPATIJA - OKOLICA",Stanovanje,2-sobno,2.0,1800.0,EUR,108.0,2004,,"108 m2, 2-sobno, zgrajeno l. 2004, oddamo. Cena: 1.800,00 EUR/mes",https://www.nepremicnine.net/oglasi-oddaja/icici-ika-opatija-okolica-stanovanje_7408496/
7392907,"IČIĆI, IKA, OPATIJA - OKOLICA",Stanovanje,3-sobno,3.0,1800.0,EUR,128.0,,,"128 m2, 3-sobno, oddamo. Cena: 1.800,00 EUR/mes",https://www.nepremicnine.net/oglasi-oddaja/icici-ika-opatija-okolica-stanovanje_7392907/
7408492,"IČIĆI, IKA, OPATIJA - OKOLICA",Stanovanje,2-sobno,2.0,2500.0,EUR,136.0,2024,,"136 m2, 2-sobno, novogradnja - zgr. l. 2024, oddamo. Cena: 2.500,00 EUR/mes",https://www.nepremicnine.net/oglasi-oddaja/icici-ika-opatija-okolica-stanovanje_7408492/
7392381,"IČIĆI, IKA, OPATIJA - OKOLICA",Stanovanje,3-sobno,3.0,2100.0,EUR,141.0,,,"141 m2, 3-sobno, oddamo. Cena: 2.100,00 EUR/mes",https://www.nepremicnine.net/oglasi-oddaja/icici-ika-opatija-okolica-stanovanje_7392381/
7400593,"IČIĆI, IKA, OPATIJA - OKOLICA",Stanovanje,3-sobno,3.0,3300.0,EUR,149.0,,,"149 m2, 3-sobno, oddamo. Cena: 3.300,00 EUR/mes",https://www.nepremicnine.net/oglasi-oddaja/icici-ika-opatija-okolica-stanovanje_7400593/
7392898,"IČIĆI, IKA, OPATIJA - OKOLICA",Stanovanje,3-sobno,3.0,3000.0,EUR,150.0,2025,,"150 m2, 3-sobno, novogradnja - zgr. l. 2025, oddamo. Cena: 3.000,00 EUR/mes",https://www.nepremicnine.net/oglasi-oddaja/icici-ika-opatija-okolica-stanovanje_7392898/
7319835,"IČIĆI, IKA, OPATIJA - OKOLICA",Stanovanje,4-sobno,4.0,3150.0,EUR,160.0,2010,,"160 m2, 4-sobno, zgrajeno l. 2010, oddamo. Cena: 3.150,00 EUR/mes",https://www.nepremicnine.net/oglasi-oddaja/icici-ika-opatija-okolica-stanovanje_7319835/
7389242,"IDRIJA, GRAPA",Stanovanje,"2,5-sobno",2.5,600.0,EUR,50.0,1914,1/2,"50 m2, 2,5-sobno, v stavbi zgrajeni l. 1914, adaptirano l. 2015, 1.000 m2 zemljišča, 1/2 nad., oddamo. Cena: cca 600,00 ...",https://www.nepremicnine.net/oglasi-oddaja/idrija-grapa-stanovanje_7389242/
7277241,"ILIRSKA BISTRICA, TRNOVO",Stanovanje,"1,5-sobno",1.5,450.0,EUR,35.6,1970,2,"35,6 m2, 1,5-sobno, zgrajeno l. 1970, adaptirano l. 2026, 2. nad., Obnovljeno stanovanje primerno za 1 - 2 osebi. Opreml...",https://www.nepremicnine.net/oglasi-oddaja/ilirska-bistrica-trnovo-stanovanje_7277241/
7309762,IŠKA VAS,Stanovanje,4-sobno,4.0,1100.0,EUR,87.0,1975,1/2,"87 m2, 4-sobno, zgrajeno l. 1975, 1/2 nad., oddamo. Cena: 1.100,00 EUR/mes",https://www.nepremicnine.net/oglasi-oddaja/iska-vas-stanovanje_7309762/
7323480,IŠKA VAS,Stanovanje,4-sobno,4.0,890.0,EUR,87.0,1975,1/2,"87 m2, 4-sobno, zgrajeno l. 1975, 1/2 nad., stanovanje s štirimi sobami, 3x dvoposteljna soba in 1x enosobna soba. Parki...",https://www.nepremicnine.net/oglasi-oddaja/iska-vas-stanovanje_7323480/
6604612,IVANČNA GORICA,Stanovanje,Garsonjera,,420.0,EUR,35.0,2021,P,"35 m2, garsonjera, zgrajena l. 2021, pritličje, oddamo. Cena: 420,00 EUR/mes",https://www.nepremicnine.net/oglasi-oddaja/ivancna-gorica-stanovanje_6604612/
7397658,IVANČNA GORICA,Stanovanje,"1,5-sobno",1.5,550.0,EUR,45.5,2008,1/2,"45,5 m2, 1,5-sobno, zgrajeno l. 2008, 1/2 nad., ivančna gorica, 45,5 m2, 1,5-sobno, zgrajeno l. 2008, večstanovanjska st...",https://www.nepremicnine.net/oglasi-oddaja/ivancna-gorica-stanovanje_7397658/
7388208,IVANČNA GORICA,Stanovanje,2-sobno,2.0,700.0,EUR,52.0,1976,2,"52 m2, 2-sobno, zgrajeno l. 1976, adaptirano l. 2008, 2. nad., oddamo. Cena: 700,00 EUR/mes",https://www.nepremicnine.net/oglasi-oddaja/ivancna-gorica-stanovanje_7388208/
7344765,IVANČNA GORICA,Stanovanje,"2,5-sobno",2.5,1000.0,EUR,75.0,2025,P/1,"75 m2, 2,5-sobno, novogradnja - zgr. l. 2025, P/1 nad., oddamo. Cena: 1.000,00 EUR/mes",https://www.nepremicnine.net/oglasi-oddaja/ivancna-gorica-stanovanje_7344765/
7131428,IVANČNA GORICA,Stanovanje,"2,5-sobno",2.5,650.0,EUR,78.0,2007,,"78 m2, 2,5-sobno, zgrajeno l. 2007, oddamo. Cena: 650,00 EUR/mes",https://www.nepremicnine.net/oglasi-oddaja/ivancna-gorica-stanovanje_7131428/
7414559,"IVANČNA GORICA, CENTER",Stanovanje,1-sobno,1.0,550.0,EUR,30.0,2000,2/5,"30 m2, 1-sobno, zgrajeno l. 2000, adaptirano l. 2010, 2/5 nad., center ivančne gorice, 30 m2, vseljivo takoj, oddamo. Ce...",https://www.nepremicnine.net/oglasi-oddaja/ivancna-gorica-center-stanovanje_7414559/
7254330,"IVANIĆ - GRAD, CENTAR",Stanovanje,5 in večsobno,,200.0,EUR,260.0,,,"260 m2, 5 in večsobno, oddamo. Cena: 200,00 EUR/mes",https://www.nepremicnine.net/oglasi-oddaja/ivanic-grad-centar-stanovanje_7254330/
6910604,"IZLAKE, SOBA",Stanovanje,Soba,,250.0,EUR,25.0,2010,VP/M,"25 m2, soba, adaptirana l. 2010, VP/M, oddamo. Cena: 250,00 EUR/mes",https://www.nepremicnine.net/oglasi-oddaja/izlake-soba-stanovanje_6910604/
7414507,IZOLA,Stanovanje,Garsonjera,,800.0,EUR,22.0,1920,VP/1,"22 m2, garsonjera, zgrajena l. 1920, adaptirana l. 2024, VP/1 nad., oddamo. Cena: cca 800,00 EUR/mes",https://www.nepremicnine.net/oglasi-oddaja/izola-stanovanje_7414507/
7403826,IZOLA,Stanovanje,1-sobno,1.0,600.0,EUR,45.0,2025,P/3,"45 m2, 1-sobno, adaptirano l. 2025, adaptirano l. 2025, P/3 nad., Kompletno opremljeno stanovanje v centru Izole, oddamo...",https://www.nepremicnine.net/oglasi-oddaja/izola-stanovanje_7403826/
7410327,IZOLA,Stanovanje,2-sobno,2.0,900.0,EUR,50.0,1981,,"50 m2, 2-sobno, v stavbi zgrajeni l. 1981, oddamo. Cena: 900,00 EUR/mes",https://www.nepremicnine.net/oglasi-oddaja/izola-stanovanje_7410327/
7411363,IZOLA,Stanovanje,2-sobno,2.0,900.0,EUR,51.0,1971,VP/4,"51 m2, 2-sobno, zgrajeno l. 1971, adaptirano l. 2016, VP/4 nad., Oddam moderno stanovanje v pritličju bloka z balkonom i...",https://www.nepremicnine.net/oglasi-oddaja/izola-stanovanje_7411363/
7069673,IZOLA,Stanovanje,2-sobno,2.0,1250.0,EUR,60.0,1965,1/4,"60 m2, 2-sobno, zgrajeno l. 1965, adaptirano l. 2015, 1/4 nad., Stanovanje v prvem nadstropju v centru Izole ob Sončnem ...",https://www.nepremicnine.net/oglasi-oddaja/izola-stanovanje_7069673/
7412125,IZOLA,Stanovanje,2-sobno,2.0,750.0,EUR,60.0,2010,1/2,"60 m2, 2-sobno, adaptirano l. 2010, 1/2 nad., Oddamo popolnoma opremljeno dvosobno stanovanje v Izoli - 60 m2, oddamo. C...",https://www.nepremicnine.net/oglasi-oddaja/izola-stanovanje_7412125/
7406638,IZOLA,Stanovanje,3-sobno,3.0,1100.0,EUR,66.0,2007,1/3,"66 m2, 3-sobno, zgrajeno l. 2007, 1/3 nad., oddamo. Cena: 1.100,00 EUR/mes",https://www.nepremicnine.net/oglasi-oddaja/izola-stanovanje_7406638/
7411978,IZOLA,Stanovanje,2-sobno,2.0,950.0,EUR,85.0,2016,3/3,"85 m2, 2-sobno, zgrajeno l. 2016, 3/3 nad., oddamo. Cena: 950,00 EUR/mes",https://www.nepremicnine.net/oglasi-oddaja/izola-stanovanje_7411978/
7382109,IZOLA,Stanovanje,4-sobno,4.0,1500.0,EUR,106.7,2004,3/4,"106,7 m2, 4-sobno, zgrajeno l. 2004, 3/4 nad., oddaja stanovanje Izola, oddamo. Cena: 1.500,00 EUR/mes",https://www.nepremicnine.net/oglasi-oddaja/izola-stanovanje_7382109/
7409708,"IZOLA, CENTER",Stanovanje,"1,5-sobno",1.5,500.0,EUR,34.5,1887,P/P+1+2+M,"34,5 m2, 1,5-sobno, zgrajeno l. 1887, adaptirano l. 2013, P/P+1+2+M, oddamo. Cena: cca 500,00 EUR/mes",https://www.nepremicnine.net/oglasi-oddaja/izola-center-stanovanje_7409708/
7289875,"IZOLA, CENTER",Stanovanje,2-sobno,2.0,1000.0,EUR,54.0,1989,3/3,"54 m2, 2-sobno, zgrajeno l. 1989, adaptirano l. 2022, 3/3 nad., oddamo. Cena: cca 1.000,00 EUR/mes",https://www.nepremicnine.net/oglasi-oddaja/izola-center-stanovanje_7289875/
7014588,"IZOLA, CENTER MESTA, STARO MESTNO JEDRO",Stanovanje,2-sobno,2.0,999.99,EUR,56.0,2025,P/2,"56 m2, 2-sobno, adaptirano l. 2025, adaptirano l. 2025, P/2 nad., Dvosobno stanovanje za 5 oseb, oddamo. Cena: 999,99 EU...",https://www.nepremicnine.net/oglasi-oddaja/izola-center-mesta-staro-mestno-jedro-stanovanje_7014588/
7386422,"IZOLA, JAGODJE",Stanovanje,"2,5-sobno",2.5,900.0,EUR,65.0,1977,P/3,"65 m2, 2,5-sobno, oskrbovano stanovanje za starejše, adaptirano l. 1977, adaptirano l. 2024, 25 m2 zemljišča, P/3 nad., ...",https://www.nepremicnine.net/oglasi-oddaja/izola-jagodje-stanovanje_7386422/
6235582,"IZOLA, MARINA AMFORA",Stanovanje,2-sobno,2.0,1090.0,EUR,43.0,2007,1/3,"43 m2, 2-sobno, zgrajeno l. 2007, adaptirano l. 2018, 1/3 nad., oddamo. Cena: 1.090,00 EUR/mes",https://www.nepremicnine.net/oglasi-oddaja/izola-marina-amfora-stanovanje_6235582/
7413973,"IZOLA, NAZORJEVA ULICA",Stanovanje,1-sobno,1.0,600.0,EUR,28.0,1967,2/5,"28 m2, 1-sobno, zgrajeno l. 1967, adaptirano l. 2015, 2/5 nad., v bloku, opremljeno, balkon, stanovanje ima klimo in tal...",https://www.nepremicnine.net/oglasi-oddaja/izola-nazorjeva-ulica-stanovanje_7413973/
6847923,"IZOLA, STARO MESTNO JEDRO",Stanovanje,2-sobno,2.0,950.0,EUR,45.0,1900,1/1,"45 m2, 2-sobno, dupleks, zgrajeno l. 1900, adaptirano l. 2018, 1/1 nad., Oddamo za dve osebi za dolgotrajni najem 1 leto...",https://www.nepremicnine.net/oglasi-oddaja/izola-staro-mestno-jedro-stanovanje_6847923/
7365176,"IZOLA, ULICA EMILIA DRIOLIA 1",Stanovanje,Soba,,440.0,EUR,8.0,1987,3/4,"8 m2, soba, zgrajena l. 1987, 3/4 nad., Idealno za Erasmus / študente na izmenjavi, oddamo. Cena: cca 440,00 EUR/mes",https://www.nepremicnine.net/oglasi-oddaja/izola-ulica-emilia-driolia-1-stanovanje_7365176/
7041866,JAGODJE,Stanovanje,Garsonjera,,60.0,EUR,34.0,1993,P/2,"34 m2, garsonjera, zgrajena l. 1993, adaptirana l. 2020, 100 m2 zemljišča, P/2 nad., oddam opremljeno garsonjero,simonov...",https://www.nepremicnine.net/oglasi-oddaja/jagodje-stanovanje_7041866/
7350396,"JAGODJE, NA GRIČU 5",Stanovanje,"2,5-sobno",2.5,650.0,EUR,40.0,2023,P/2,"40 m2, 2,5-sobno, adaptirano l. 2023, P/2 nad., Oddamo polno opremljeno dvosobno stanovanje od 1.09.2026 do 31.5.2027. N...",https://www.nepremicnine.net/oglasi-oddaja/jagodje-na-gricu-5-stanovanje_7350396/
7408956,"JAGODJE, ROŽNA POT 4",Stanovanje,3-sobno,3.0,850.0,EUR,70.0,1980,1/2,"70 m2, 3-sobno, zgrajeno l. 1980, 1/2 nad., oddamo. Cena: 850,00 EUR/mes",https://www.nepremicnine.net/oglasi-oddaja/jagodje-rozna-pot-4-stanovanje_7408956/
7371659,"JAGODJE, SANSIMON",Stanovanje,Garsonjera,,600.0,EUR,34.0,2025,,"34 m2, garsonjera, adaptirana l. 2025, V Izoli Sansimon oddam apartma za eno ali dve osebi od oktrobra do junija nasledn...",https://www.nepremicnine.net/oglasi-oddaja/jagodje-sansimon-stanovanje_7371659/
6995590,JARUN - PREČKO,Stanovanje,1-sobno,1.0,800.0,EUR,40.0,,,"40 m2, 1-sobno, oddamo. Cena: 800,00 EUR/mes",https://www.nepremicnine.net/oglasi-oddaja/jarun-precko-stanovanje_6995590/
7405343,JARUN - PREČKO,Stanovanje,1-sobno,1.0,850.0,EUR,52.0,2009,,"52 m2, 1-sobno, zgrajeno l. 2009, oddamo. Cena: 850,00 EUR/mes",https://www.nepremicnine.net/oglasi-oddaja/jarun-precko-stanovanje_7405343/
7368724,JARUN - PREČKO,Stanovanje,1-sobno,1.0,700.0,EUR,55.0,1977,,"55 m2, 1-sobno, zgrajeno l. 1977, oddamo. Cena: 700,00 EUR/mes",https://www.nepremicnine.net/oglasi-oddaja/jarun-precko-stanovanje_7368724/
7406868,JARUN - PREČKO,Stanovanje,2-sobno,2.0,850.0,EUR,76.0,,,"76 m2, 2-sobno, oddamo. Cena: 850,00 EUR/mes",https://www.nepremicnine.net/oglasi-oddaja/jarun-precko-stanovanje_7406868/
7364901,JARUN - PREČKO,Stanovanje,3-sobno,3.0,1300.0,EUR,87.0,,,"87 m2, 3-sobno, oddamo. Cena: 1.300,00 EUR/mes",https://www.nepremicnine.net/oglasi-oddaja/jarun-precko-stanovanje_7364901/
7354590,JARUN - PREČKO,Stanovanje,3-sobno,3.0,1300.0,EUR,87.0,2011,,"87 m2, 3-sobno, zgrajeno l. 2011, oddamo. Cena: 1.300,00 EUR/mes",https://www.nepremicnine.net/oglasi-oddaja/jarun-precko-stanovanje_7354590/
7324857,JARUN - PREČKO,Stanovanje,4-sobno,4.0,3300.0,EUR,173.0,,,"173 m2, 4-sobno, oddamo. Cena: 3.300,00 EUR/mes",https://www.nepremicnine.net/oglasi-oddaja/jarun-precko-stanovanje_7324857/
7334954,JARUN - PREČKO,Stanovanje,5 in večsobno,,3300.0,EUR,288.0,2012,,"288 m2, 5 in večsobno, zgrajeno l. 2012, oddamo. Cena: 3.300,00 EUR/mes",https://www.nepremicnine.net/oglasi-oddaja/jarun-precko-stanovanje_7334954/
7366888,"JARUN - PREČKO, BOROVCI",Stanovanje,2-sobno,2.0,800.0,EUR,72.0,,,"72 m2, 2-sobno, oddamo. Cena: 800,00 EUR/mes",https://www.nepremicnine.net/oglasi-oddaja/jarun-precko-borovci-stanovanje_7366888/
7243342,"JARUN - PREČKO, STAGLIŠĆE, TREŠNJEVKA - JUG",Stanovanje,Drugo,,450.0,EUR,23.0,,,"23 m2, stanovanje, oddamo. Cena: 450,00 EUR/mes",https://www.nepremicnine.net/oglasi-oddaja/jarun-precko-staglisce-tresnjevka-jug-stanovanje_7243342/
7344790,"JARUN - PREČKO, TREŠNJEVKA - JUG",Stanovanje,2-sobno,2.0,250.0,EUR,52.0,,,"52 m2, 2-sobno, oddamo. Cena: 250,00 EUR/mes",https://www.nepremicnine.net/oglasi-oddaja/jarun-precko-tresnjevka-jug-stanovanje_7344790/
7241734,"JARUN - PREČKO, TREŠNJEVKA - JUG",Stanovanje,2-sobno,2.0,200.0,EUR,70.0,,,"70 m2, 2-sobno, oddamo. Cena: 200,00 EUR/mes",https://www.nepremicnine.net/oglasi-oddaja/jarun-precko-tresnjevka-jug-stanovanje_7241734/
7283460,"JARUN - PREČKO, VRBANI",Stanovanje,2-sobno,2.0,1300.0,EUR,84.0,,,"84 m2, 2-sobno, oddamo. Cena: 1.300,00 EUR/mes",https://www.nepremicnine.net/oglasi-oddaja/jarun-precko-vrbani-stanovanje_7283460/
7376984,"JARUN - PREČKO, VRBANI, TREŠNJEVKA - JUG",Stanovanje,2-sobno,2.0,950.0,EUR,66.0,,,"66 m2, 2-sobno, oddamo. Cena: 950,00 EUR/mes",https://www.nepremicnine.net/oglasi-oddaja/jarun-precko-vrbani-tresnjevka-jug-stanovanje_7376984/
7252561,"JASTREBARSKO, CENTAR",Stanovanje,1-sobno,1.0,900.0,EUR,35.0,,,"35 m2, 1-sobno, oddamo. Cena: 900,00 EUR/mes",https://www.nepremicnine.net/oglasi-oddaja/jastrebarsko-centar-stanovanje_7252561/
7252587,"JASTREBARSKO, CENTAR",Stanovanje,2-sobno,2.0,1350.0,EUR,65.0,,,"65 m2, 2-sobno, oddamo. Cena: 1.350,00 EUR/mes",https://www.nepremicnine.net/oglasi-oddaja/jastrebarsko-centar-stanovanje_7252587/
7252324,"JASTREBARSKO, CENTAR",Stanovanje,1-sobno,1.0,800.0,EUR,70.0,,,"70 m2, 1-sobno, oddamo. Cena: 800,00 EUR/mes",https://www.nepremicnine.net/oglasi-oddaja/jastrebarsko-centar-stanovanje_7252324/
7253054,"JASTREBARSKO, CENTAR",Stanovanje,3-sobno,3.0,200.0,EUR,140.0,,,"140 m2, 3-sobno, oddamo. Cena: 200,00 EUR/mes",https://www.nepremicnine.net/oglasi-oddaja/jastrebarsko-centar-stanovanje_7253054/
7410758,JAVOR,Stanovanje,1-sobno,1.0,500.0,EUR,40.0,1995,P/3,"40 m2, 1-sobno, zgrajeno l. 1995, P/3 nad., Oddam svetlo stanovanje v objemu narave, oddamo. Cena: 500,00 EUR/mes",https://www.nepremicnine.net/oglasi-oddaja/javor-stanovanje_7410758/
7400567,"JELENJE, DRAŽICE",Stanovanje,2-sobno,2.0,1100.0,EUR,80.0,,,"80 m2, 2-sobno, oddamo. Cena: 1.100,00 EUR/mes",https://www.nepremicnine.net/oglasi-oddaja/jelenje-drazice-stanovanje_7400567/
7394013,"JELENJE, PODHUM",Stanovanje,3-sobno,3.0,1600.0,EUR,85.0,,,"85 m2, 3-sobno, oddamo. Cena: 1.600,00 EUR/mes",https://www.nepremicnine.net/oglasi-oddaja/jelenje-podhum-stanovanje_7394013/
6476309,JESENICE,Stanovanje,Soba,,240.0,EUR,16.0,1968,,"16 m2, soba, zgrajena l. 1968, soba, oddamo. Cena: 240,00 EUR/osebo na mes",https://www.nepremicnine.net/oglasi-oddaja/jesenice-stanovanje_6476309/
7365163,JESENICE,Stanovanje,Garsonjera,,620.0,EUR,33.0,1962,3/3,"33 m2, garsonjera, zgrajena l. 1962, adaptirana l. 2026, 3/3 nad., JESENICE, 33 m2, garsjonera, adaptirana l.2026, 3/3 n...",https://www.nepremicnine.net/oglasi-oddaja/jesenice-stanovanje_7365163/
7382056,"JESENICE, COP PODMEZAKLJA SOBA",Stanovanje,Soba,,280.0,EUR,20.0,1996,2,"20 m2, soba, zgrajena l. 1996, 2. nad., oddamo. Cena: cca 280,00 EUR/mes",https://www.nepremicnine.net/oglasi-oddaja/jesenice-cop-podmezaklja-soba-stanovanje_7382056/
7410353,JEŽICA,Stanovanje,Garsonjera,,620.0,EUR,24.0,1978,2/3,"24 m2, garsonjera, zgrajena l. 1978, adaptirana l. 2026, 2/3 nad., oddamo. Cena: 620,00 EUR/mes",https://www.nepremicnine.net/oglasi-oddaja/jezica-stanovanje_7410353/
7413352,JEŽICA,Stanovanje,Garsonjera,,500.0,EUR,28.0,2024,P,"28 m2, garsonjera, adaptirana l. 2024, pritličje, ps, catc, wifi, netflix, lpp, CK, oddamo. Cena: 500,00 EUR/mes",https://www.nepremicnine.net/oglasi-oddaja/jezica-stanovanje_7413352/
7389989,JEŽICA,Stanovanje,Garsonjera,,720.0,EUR,40.8,1973,1/5,"40,8 m2, garsonjera, zgrajena l. 1973, 1/5 nad., Oddamo delno opremljeno garsonjero (40 m2) na Mucherjevi ulici v Ljublj...",https://www.nepremicnine.net/oglasi-oddaja/jezica-stanovanje_7389989/
7413951,"JEŽICA, GLINŠKOVA PLOŠČAD",Stanovanje,"1,5-sobno",1.5,800.0,EUR,55.0,1979,4/9,"55 m2, 1,5-sobno, zgrajeno l. 1979, 4/9 nad., oddamo. Cena: 800,00 EUR/mes",https://www.nepremicnine.net/oglasi-oddaja/jezica-glinskova-ploscad-stanovanje_7413951/
7397642,"JEŽICA, GLINŠKOVA PLOŠČAD 6, LJ.",Stanovanje,"1,5-sobno",1.5,650.0,EUR,43.0,1976,6/9,"43 m2, 1,5-sobno, zgrajeno l. 1976, 6/9 nad., Oddajam stanovanje v najem. Za daljši čas, oddamo. Cena: cca 650,00 EUR/me...",https://www.nepremicnine.net/oglasi-oddaja/jezica-glinskova-ploscad-6-lj-stanovanje_7397642/
7408404,KAMNICA,Stanovanje,3-sobno,3.0,900.0,EUR,86.0,2008,1/2,"86 m2, 3-sobno, zgrajeno l. 2008, adaptirano l. 2025, 1/2 nad., oddamo. Cena: 900,00 EUR/mes",https://www.nepremicnine.net/oglasi-oddaja/kamnica-stanovanje_7408404/
7403811,KAMNIK,Stanovanje,1-sobno,1.0,750.0,EUR,40.0,2004,2/4,"40 m2, 1-sobno, zgrajeno l. 2004, 2/4 nad., oddamo. Cena: 750,00 EUR/mes",https://www.nepremicnine.net/oglasi-oddaja/kamnik-stanovanje_7403811/
7411308,KAMNIK,Stanovanje,"1,5-sobno",1.5,700.0,EUR,50.0,2004,2/3,"50 m2, 1,5-sobno, zgrajeno l. 2004, 2/3 nad., oddamo. Cena: cca 700,00 EUR/mes",https://www.nepremicnine.net/oglasi-oddaja/kamnik-stanovanje_7411308/
7414007,KAMNIK,Stanovanje,2-sobno,2.0,800.0,EUR,60.0,1968,1/K+P+1,"60 m2, 2-sobno, zgrajeno l. 1968, 1/K+P+1, oddamo. Cena: 800,00 EUR/mes",https://www.nepremicnine.net/oglasi-oddaja/kamnik-stanovanje_7414007/
7403984,KAMNIK,Stanovanje,2-sobno,2.0,680.0,EUR,67.1,1979,VP/8,"67,1 m2, 2-sobno, zgrajeno l. 1979, VP/8 nad., oddamo. Cena: 680,00 EUR/mes",https://www.nepremicnine.net/oglasi-oddaja/kamnik-stanovanje_7403984/
7293941,KAMNIK,Stanovanje,4-sobno,4.0,1500.0,EUR,120.0,1980,3/3,"120 m2, 4-sobno, zgrajeno l. 1980, adaptirano l. 2026, 3/3 nad., oddamo. Cena: 1.500,00 EUR/mes",https://www.nepremicnine.net/oglasi-oddaja/kamnik-stanovanje_7293941/
7412062,"KAMNIK, CENTER, ZAPRICE",Stanovanje,"1,5-sobno",1.5,650.0,EUR,45.0,1938,1/2,"45 m2, 1,5-sobno, zgrajeno l. 1938, adaptirano l. 2025, 1/2 nad., oddamo. Cena: 650,00 EUR/mes",https://www.nepremicnine.net/oglasi-oddaja/kamnik-center-zaprice-stanovanje_7412062/
7378942,KANAL - SIGEČICA,Stanovanje,2-sobno,2.0,1300.0,EUR,68.0,,,"68 m2, 2-sobno, oddamo. Cena: 1.300,00 EUR/mes",https://www.nepremicnine.net/oglasi-oddaja/kanal-sigecica-stanovanje_7378942/
7284149,KANAL - SIGEČICA,Stanovanje,2-sobno,2.0,1150.0,EUR,72.0,,,"72 m2, 2-sobno, oddamo. Cena: 1.150,00 EUR/mes",https://www.nepremicnine.net/oglasi-oddaja/kanal-sigecica-stanovanje_7284149/
7094179,KANAL - SIGEČICA,Stanovanje,2-sobno,2.0,1700.0,EUR,90.0,,,"90 m2, 2-sobno, oddamo. Cena: 1.700,00 EUR/mes",https://www.nepremicnine.net/oglasi-oddaja/kanal-sigecica-stanovanje_7094179/
7333783,"KANAL - SIGEČICA, RAPSKA",Stanovanje,1-sobno,1.0,950.0,EUR,48.0,,,"48 m2, 1-sobno, oddamo. Cena: 950,00 EUR/mes",https://www.nepremicnine.net/oglasi-oddaja/kanal-sigecica-rapska-stanovanje_7333783/
7312010,"KANAL - SIGEČICA, ŠIŠKA MENČETIĆA",Stanovanje,2-sobno,2.0,800.0,EUR,75.0,,,"75 m2, 2-sobno, oddamo. Cena: 800,00 EUR/mes",https://www.nepremicnine.net/oglasi-oddaja/kanal-sigecica-siska-mencetica-stanovanje_7312010/
7243817,"KANAL - SIGEČICA, TRNJE",Stanovanje,1-sobno,1.0,200.0,EUR,60.0,,,"60 m2, 1-sobno, oddamo. Cena: 200,00 EUR/mes",https://www.nepremicnine.net/oglasi-oddaja/kanal-sigecica-trnje-stanovanje_7243817/
7241738,"KANAL - SIGEČICA, TRNJE",Stanovanje,1-sobno,1.0,950.0,EUR,63.0,,,"63 m2, 1-sobno, oddamo. Cena: 950,00 EUR/mes",https://www.nepremicnine.net/oglasi-oddaja/kanal-sigecica-trnje-stanovanje_7241738/
7241801,"KANAL - SIGEČICA, TRNJE",Stanovanje,2-sobno,2.0,200.0,EUR,80.0,,,"80 m2, 2-sobno, oddamo. Cena: 200,00 EUR/mes",https://www.nepremicnine.net/oglasi-oddaja/kanal-sigecica-trnje-stanovanje_7241801/
7241762,"KANAL - SIGEČICA, TRNJE",Stanovanje,4-sobno,4.0,150.0,EUR,200.0,,,"200 m2, 4-sobno, oddamo. Cena: 150,00 EUR/mes",https://www.nepremicnine.net/oglasi-oddaja/kanal-sigecica-trnje-stanovanje_7241762/
7318415,"KANAL - SIGEČICA, ZAHAROVA",Stanovanje,2-sobno,2.0,1600.0,EUR,90.0,,,"90 m2, 2-sobno, oddamo. Cena: 1.600,00 EUR/mes",https://www.nepremicnine.net/oglasi-oddaja/kanal-sigecica-zaharova-stanovanje_7318415/
7370572,"KARLOVAC, GORNJE MEKUŠJE",Stanovanje,2-sobno,2.0,200.0,EUR,95.0,,,"95 m2, 2-sobno, oddamo. Cena: 200,00 EUR/mes",https://www.nepremicnine.net/oglasi-oddaja/karlovac-gornje-mekusje-stanovanje_7370572/
7398237,"KARLOVAC, GRABRIK",Stanovanje,1-sobno,1.0,850.0,EUR,59.0,,,"59 m2, 1-sobno, oddamo. Cena: 850,00 EUR/mes",https://www.nepremicnine.net/oglasi-oddaja/karlovac-grabrik-stanovanje_7398237/
7252575,"KARLOVAC, NOVI CENTAR",Stanovanje,2-sobno,2.0,900.0,EUR,90.0,,,"90 m2, 2-sobno, oddamo. Cena: 900,00 EUR/mes",https://www.nepremicnine.net/oglasi-oddaja/karlovac-novi-centar-stanovanje_7252575/
7392105,"KARLOVAC, ZADOBARJE",Stanovanje,1-sobno,1.0,350.0,EUR,25.0,,,"25 m2, 1-sobno, oddamo. Cena: 350,00 EUR/mes",https://www.nepremicnine.net/oglasi-oddaja/karlovac-zadobarje-stanovanje_7392105/
7304277,"KARLOVAC, ZVIJEZDA",Stanovanje,1-sobno,1.0,550.0,EUR,50.0,,,"50 m2, 1-sobno, oddamo. Cena: 550,00 EUR/mes",https://www.nepremicnine.net/oglasi-oddaja/karlovac-zvijezda-stanovanje_7304277/
7304274,"KARLOVAC, ZVIJEZDA",Stanovanje,2-sobno,2.0,600.0,EUR,62.0,,,"62 m2, 2-sobno, oddamo. Cena: 600,00 EUR/mes",https://www.nepremicnine.net/oglasi-oddaja/karlovac-zvijezda-stanovanje_7304274/
7304829,"KARLOVAC, ZVIJEZDA",Stanovanje,3-sobno,3.0,1000.0,EUR,112.0,,,"112 m2, 3-sobno, oddamo. Cena: 1.000,00 EUR/mes",https://www.nepremicnine.net/oglasi-oddaja/karlovac-zvijezda-stanovanje_7304829/
7392227,KASTAV,Stanovanje,1-sobno,1.0,750.0,EUR,48.0,,,"48 m2, 1-sobno, oddamo. Cena: 750,00 EUR/mes",https://www.nepremicnine.net/oglasi-oddaja/kastav-stanovanje_7392227/
7405370,KASTAV,Stanovanje,1-sobno,1.0,680.0,EUR,59.0,,,"59 m2, 1-sobno, oddamo. Cena: 680,00 EUR/mes",https://www.nepremicnine.net/oglasi-oddaja/kastav-stanovanje_7405370/
7314437,KASTAV,Stanovanje,1-sobno,1.0,750.0,EUR,70.0,,,"70 m2, 1-sobno, oddamo. Cena: 750,00 EUR/mes",https://www.nepremicnine.net/oglasi-oddaja/kastav-stanovanje_7314437/
7407749,KASTAV,Stanovanje,2-sobno,2.0,900.0,EUR,90.0,,,"90 m2, 2-sobno, oddamo. Cena: 900,00 EUR/mes",https://www.nepremicnine.net/oglasi-oddaja/kastav-stanovanje_7407749/
7401220,KASTAV,Stanovanje,5 in večsobno,,750.0,EUR,200.0,,,"200 m2, 5 in večsobno, oddamo. Cena: 750,00 EUR/mes",https://www.nepremicnine.net/oglasi-oddaja/kastav-stanovanje_7401220/
7393792,"KASTAV, BRESTOVICE",Stanovanje,3-sobno,3.0,1500.0,EUR,110.0,,,"110 m2, 3-sobno, oddamo. Cena: 1.500,00 EUR/mes",https://www.nepremicnine.net/oglasi-oddaja/kastav-brestovice-stanovanje_7393792/
7393788,"KASTAV, BRESTOVICE",Stanovanje,4-sobno,4.0,1500.0,EUR,115.0,,,"115 m2, 4-sobno, oddamo. Cena: 1.500,00 EUR/mes",https://www.nepremicnine.net/oglasi-oddaja/kastav-brestovice-stanovanje_7393788/
7320287,"KASTAV, RUBEŠI",Stanovanje,2-sobno,2.0,1000.0,EUR,124.0,2007,,"124 m2, 2-sobno, zgrajeno l. 2007, oddamo. Cena: 1.000,00 EUR/mes",https://www.nepremicnine.net/oglasi-oddaja/kastav-rubesi-stanovanje_7320287/
7414056,KAŠTANJER - GREGOVICA,Stanovanje,2-sobno,2.0,1000.0,EUR,57.0,,,"57 m2, 2-sobno, oddamo. Cena: 1.000,00 EUR/mes",https://www.nepremicnine.net/oglasi-oddaja/kastanjer-gregovica-stanovanje_7414056/
7412127,KAŠTEL,Stanovanje,2-sobno,2.0,600.0,EUR,40.0,2017,P/P,"40 m2, 2-sobno, novogradnja - zgr. l. 2017, P/P, Oddamo popolnoma opremljeno dvosobno stanovanje s teraso - Kaštel, Buje...",https://www.nepremicnine.net/oglasi-oddaja/kastel-stanovanje_7412127/
7383736,KAŠTELA,Stanovanje,2-sobno,2.0,600.0,EUR,30.0,,,"30 m2, 2-sobno, oddamo. Cena: 600,00 EUR/mes",https://www.nepremicnine.net/oglasi-oddaja/kastela-stanovanje_7383736/
7378903,"KAŠTELA, KAŠTEL KAMBELOVAC",Stanovanje,1-sobno,1.0,700.0,EUR,35.0,,,"35 m2, 1-sobno, oddamo. Cena: 700,00 EUR/mes",https://www.nepremicnine.net/oglasi-oddaja/kastela-kastel-kambelovac-stanovanje_7378903/
7372243,"KAŠTELA, KAŠTEL KAMBELOVAC",Stanovanje,2-sobno,2.0,800.0,EUR,62.0,,,"62 m2, 2-sobno, oddamo. Cena: 800,00 EUR/mes",https://www.nepremicnine.net/oglasi-oddaja/kastela-kastel-kambelovac-stanovanje_7372243/
7286736,"KAŠTELA, KAŠTEL KAMBELOVAC",Stanovanje,2-sobno,2.0,750.0,EUR,69.0,,,"69 m2, 2-sobno, oddamo. Cena: 750,00 EUR/mes",https://www.nepremicnine.net/oglasi-oddaja/kastela-kastel-kambelovac-stanovanje_7286736/
7282650,"KAŠTELA, KAŠTEL LUKŠIĆ",Stanovanje,3-sobno,3.0,850.0,EUR,83.0,,,"83 m2, 3-sobno, oddamo. Cena: 850,00 EUR/mes",https://www.nepremicnine.net/oglasi-oddaja/kastela-kastel-luksic-stanovanje_7282650/
7394677,"KAŠTELA, KAŠTEL NOVI",Stanovanje,2-sobno,2.0,750.0,EUR,80.0,,,"80 m2, 2-sobno, oddamo. Cena: 750,00 EUR/mes",https://www.nepremicnine.net/oglasi-oddaja/kastela-kastel-novi-stanovanje_7394677/
7378588,"KAŠTELA, KAŠTEL NOVI",Stanovanje,2-sobno,2.0,800.0,EUR,100.0,,,"100 m2, 2-sobno, oddamo. Cena: 800,00 EUR/mes",https://www.nepremicnine.net/oglasi-oddaja/kastela-kastel-novi-stanovanje_7378588/
7415264,"KAŠTELA, KAŠTEL NOVI",Stanovanje,2-sobno,2.0,800.0,EUR,100.0,,,"100 m2, 2-sobno, oddamo. Cena: 800,00 EUR/mes",https://www.nepremicnine.net/oglasi-oddaja/kastela-kastel-novi-stanovanje_7415264/
7020324,"KAŠTELA, KAŠTEL STARI",Stanovanje,1-sobno,1.0,500.0,EUR,23.0,,,"23 m2, 1-sobno, oddamo. Cena: 500,00 EUR/mes",https://www.nepremicnine.net/oglasi-oddaja/kastela-kastel-stari-stanovanje_7020324/
7020321,"KAŠTELA, KAŠTEL STARI",Stanovanje,1-sobno,1.0,600.0,EUR,42.0,,,"42 m2, 1-sobno, oddamo. Cena: 600,00 EUR/mes",https://www.nepremicnine.net/oglasi-oddaja/kastela-kastel-stari-stanovanje_7020321/
7020323,"KAŠTELA, KAŠTEL STARI",Stanovanje,2-sobno,2.0,700.0,EUR,60.0,,,"60 m2, 2-sobno, oddamo. Cena: 700,00 EUR/mes",https://www.nepremicnine.net/oglasi-oddaja/kastela-kastel-stari-stanovanje_7020323/
7286503,"KAŠTELA, KAŠTEL STARI",Stanovanje,2-sobno,2.0,1200.0,EUR,120.0,,,"120 m2, 2-sobno, oddamo. Cena: 1.200,00 EUR/mes",https://www.nepremicnine.net/oglasi-oddaja/kastela-kastel-stari-stanovanje_7286503/
7286210,"KAŠTELA, KAŠTEL STARI",Stanovanje,2-sobno,2.0,1200.0,EUR,120.0,,,"120 m2, 2-sobno, oddamo. Cena: 1.200,00 EUR/mes",https://www.nepremicnine.net/oglasi-oddaja/kastela-kastel-stari-stanovanje_7286210/
7394918,KLANEC,Stanovanje,Garsonjera,,500.0,EUR,20.0,1980,1/3,"20 m2, garsonjera, zgrajena l. 1980, adaptirana l. 2026, 1/3 nad., Garsonjera takoj na voljo, oddamo. Cena: cca 500,00 E...",https://www.nepremicnine.net/oglasi-oddaja/klanec-stanovanje_7394918/
7381791,KMAN - VISOKA - SUCIDAR,Stanovanje,1-sobno,1.0,950.0,EUR,41.0,2026,,"41 m2, 1-sobno, novogradnja - zgr. l. 2026, oddamo. Cena: 950,00 EUR/mes",https://www.nepremicnine.net/oglasi-oddaja/kman-visoka-sucidar-stanovanje_7381791/
7365561,KMAN - VISOKA - SUCIDAR,Stanovanje,2-sobno,2.0,1500.0,EUR,53.0,2023,,"53 m2, 2-sobno, novogradnja - zgr. l. 2023, oddamo. Cena: 1.500,00 EUR/mes",https://www.nepremicnine.net/oglasi-oddaja/kman-visoka-sucidar-stanovanje_7365561/
7381815,KMAN - VISOKA - SUCIDAR,Stanovanje,2-sobno,2.0,900.0,EUR,60.0,,,"60 m2, 2-sobno, oddamo. Cena: 900,00 EUR/mes",https://www.nepremicnine.net/oglasi-oddaja/kman-visoka-sucidar-stanovanje_7381815/
7269882,KMAN - VISOKA - SUCIDAR,Stanovanje,2-sobno,2.0,1200.0,EUR,68.0,,,"68 m2, 2-sobno, oddamo. Cena: 1.200,00 EUR/mes",https://www.nepremicnine.net/oglasi-oddaja/kman-visoka-sucidar-stanovanje_7269882/
7370419,"KMAN - VISOKA - SUCIDAR, KOCUNAR",Stanovanje,3-sobno,3.0,1300.0,EUR,84.0,,,"84 m2, 3-sobno, oddamo. Cena: 1.300,00 EUR/mes",https://www.nepremicnine.net/oglasi-oddaja/kman-visoka-sucidar-kocunar-stanovanje_7370419/
7337372,KNEZ MISLAV,Stanovanje,1-sobno,1.0,1400.0,EUR,59.0,1940,,"59 m2, 1-sobno, zgrajeno l. 1940, oddamo. Cena: 1.400,00 EUR/mes",https://www.nepremicnine.net/oglasi-oddaja/knez-mislav-stanovanje_7337372/
7268929,KNEZ MISLAV,Stanovanje,2-sobno,2.0,1400.0,EUR,81.0,2020,,"81 m2, 2-sobno, novogradnja - zgr. l. 2020, oddamo. Cena: 1.400,00 EUR/mes",https://www.nepremicnine.net/oglasi-oddaja/knez-mislav-stanovanje_7268929/
7365543,KNEZ MISLAV,Stanovanje,4-sobno,4.0,1500.0,EUR,85.0,1935,,"85 m2, 4-sobno, zgrajeno l. 1935, oddamo. Cena: 1.500,00 EUR/mes",https://www.nepremicnine.net/oglasi-oddaja/knez-mislav-stanovanje_7365543/
7335014,KNEZ MISLAV,Stanovanje,2-sobno,2.0,2700.0,EUR,92.0,,,"92 m2, 2-sobno, oddamo. Cena: 2.700,00 EUR/mes",https://www.nepremicnine.net/oglasi-oddaja/knez-mislav-stanovanje_7335014/
7363652,KNEZ MISLAV,Stanovanje,2-sobno,2.0,1500.0,EUR,100.0,,,"100 m2, 2-sobno, oddamo. Cena: 1.500,00 EUR/mes",https://www.nepremicnine.net/oglasi-oddaja/knez-mislav-stanovanje_7363652/
7360844,KNEZ MISLAV,Stanovanje,2-sobno,2.0,2000.0,EUR,102.0,1893,,"102 m2, 2-sobno, zgrajeno l. 1893, oddamo. Cena: 2.000,00 EUR/mes",https://www.nepremicnine.net/oglasi-oddaja/knez-mislav-stanovanje_7360844/
7267731,KNEZ MISLAV,Stanovanje,2-sobno,2.0,1650.0,EUR,126.0,1925,,"126 m2, 2-sobno, zgrajeno l. 1925, oddamo. Cena: 1.650,00 EUR/mes",https://www.nepremicnine.net/oglasi-oddaja/knez-mislav-stanovanje_7267731/
7372286,"KNEZ MISLAV, BRITANAC",Stanovanje,2-sobno,2.0,1700.0,EUR,75.0,,,"75 m2, 2-sobno, oddamo. Cena: 1.700,00 EUR/mes",https://www.nepremicnine.net/oglasi-oddaja/knez-mislav-britanac-stanovanje_7372286/
7283014,"KNEZ MISLAV, DONJI GRAD",Stanovanje,1-sobno,1.0,850.0,EUR,34.0,,,"34 m2, 1-sobno, oddamo. Cena: 850,00 EUR/mes",https://www.nepremicnine.net/oglasi-oddaja/knez-mislav-donji-grad-stanovanje_7283014/
7326475,"KNEZ MISLAV, DONJI GRAD",Stanovanje,1-sobno,1.0,620.0,EUR,44.0,,,"44 m2, 1-sobno, oddamo. Cena: 620,00 EUR/mes",https://www.nepremicnine.net/oglasi-oddaja/knez-mislav-donji-grad-stanovanje_7326475/
7357859,"KNEZ MISLAV, DONJI GRAD",Stanovanje,1-sobno,1.0,900.0,EUR,47.0,,,"47 m2, 1-sobno, oddamo. Cena: 900,00 EUR/mes",https://www.nepremicnine.net/oglasi-oddaja/knez-mislav-donji-grad-stanovanje_7357859/
7068693,"KNEZ MISLAV, DONJI GRAD",Stanovanje,1-sobno,1.0,1100.0,EUR,51.0,,,"51 m2, 1-sobno, oddamo. Cena: 1.100,00 EUR/mes",https://www.nepremicnine.net/oglasi-oddaja/knez-mislav-donji-grad-stanovanje_7068693/
7303611,"KNEZ MISLAV, DONJI GRAD",Stanovanje,1-sobno,1.0,1300.0,EUR,58.0,,,"58 m2, 1-sobno, oddamo. Cena: 1.300,00 EUR/mes",https://www.nepremicnine.net/oglasi-oddaja/knez-mislav-donji-grad-stanovanje_7303611/
7303612,"KNEZ MISLAV, DONJI GRAD",Stanovanje,1-sobno,1.0,1300.0,EUR,58.0,,,"58 m2, 1-sobno, oddamo. Cena: 1.300,00 EUR/mes",https://www.nepremicnine.net/oglasi-oddaja/knez-mislav-donji-grad-stanovanje_7303612/
7336671,"KNEZ MISLAV, DONJI GRAD",Stanovanje,1-sobno,1.0,1400.0,EUR,59.0,,,"59 m2, 1-sobno, oddamo. Cena: 1.400,00 EUR/mes",https://www.nepremicnine.net/oglasi-oddaja/knez-mislav-donji-grad-stanovanje_7336671/
7313119,"KNEZ MISLAV, DONJI GRAD",Stanovanje,1-sobno,1.0,950.0,EUR,64.0,,,"64 m2, 1-sobno, oddamo. Cena: 950,00 EUR/mes",https://www.nepremicnine.net/oglasi-oddaja/knez-mislav-donji-grad-stanovanje_7313119/
7360176,"KNEZ MISLAV, DONJI GRAD",Stanovanje,2-sobno,2.0,1250.0,EUR,66.0,,,"66 m2, 2-sobno, oddamo. Cena: 1.250,00 EUR/mes",https://www.nepremicnine.net/oglasi-oddaja/knez-mislav-donji-grad-stanovanje_7360176/
7404013,"KNEZ MISLAV, DONJI GRAD",Stanovanje,2-sobno,2.0,1600.0,EUR,80.0,,,"80 m2, 2-sobno, oddamo. Cena: 1.600,00 EUR/mes",https://www.nepremicnine.net/oglasi-oddaja/knez-mislav-donji-grad-stanovanje_7404013/
7326865,"KNEZ MISLAV, DONJI GRAD",Stanovanje,2-sobno,2.0,1200.0,EUR,81.0,,,"81 m2, 2-sobno, oddamo. Cena: 1.200,00 EUR/mes",https://www.nepremicnine.net/oglasi-oddaja/knez-mislav-donji-grad-stanovanje_7326865/
7283607,"KNEZ MISLAV, DONJI GRAD",Stanovanje,3-sobno,3.0,1400.0,EUR,88.0,,,"88 m2, 3-sobno, oddamo. Cena: 1.400,00 EUR/mes",https://www.nepremicnine.net/oglasi-oddaja/knez-mislav-donji-grad-stanovanje_7283607/
7382202,"KNEZ MISLAV, DONJI GRAD",Stanovanje,3-sobno,3.0,1500.0,EUR,88.0,,,"88 m2, 3-sobno, oddamo. Cena: 1.500,00 EUR/mes",https://www.nepremicnine.net/oglasi-oddaja/knez-mislav-donji-grad-stanovanje_7382202/
7320670,"KNEZ MISLAV, DONJI GRAD",Stanovanje,2-sobno,2.0,1550.0,EUR,100.0,,,"100 m2, 2-sobno, oddamo. Cena: 1.550,00 EUR/mes",https://www.nepremicnine.net/oglasi-oddaja/knez-mislav-donji-grad-stanovanje_7320670/
7374045,"KNEZ MISLAV, DONJI GRAD",Stanovanje,3-sobno,3.0,1500.0,EUR,100.0,,,"100 m2, 3-sobno, oddamo. Cena: 1.500,00 EUR/mes",https://www.nepremicnine.net/oglasi-oddaja/knez-mislav-donji-grad-stanovanje_7374045/
6988178,"KNEZ MISLAV, DONJI GRAD",Stanovanje,1-sobno,1.0,1500.0,EUR,100.0,,,"100 m2, 1-sobno, oddamo. Cena: 1.500,00 EUR/mes",https://www.nepremicnine.net/oglasi-oddaja/knez-mislav-donji-grad-stanovanje_6988178/
7372129,"KNEZ MISLAV, DONJI GRAD",Stanovanje,2-sobno,2.0,1400.0,EUR,103.0,,,"103 m2, 2-sobno, oddamo. Cena: 1.400,00 EUR/mes",https://www.nepremicnine.net/oglasi-oddaja/knez-mislav-donji-grad-stanovanje_7372129/
7285518,"KNEZ MISLAV, DONJI GRAD",Stanovanje,2-sobno,2.0,2500.0,EUR,128.0,,,"128 m2, 2-sobno, oddamo. Cena: 2.500,00 EUR/mes",https://www.nepremicnine.net/oglasi-oddaja/knez-mislav-donji-grad-stanovanje_7285518/
7286242,"KNEZ MISLAV, DONJI GRAD",Stanovanje,4-sobno,4.0,1800.0,EUR,132.0,,,"132 m2, 4-sobno, oddamo. Cena: 1.800,00 EUR/mes",https://www.nepremicnine.net/oglasi-oddaja/knez-mislav-donji-grad-stanovanje_7286242/
7322183,"KNEZ MISLAV, DONJI GRAD",Stanovanje,3-sobno,3.0,4500.0,EUR,150.0,,,"150 m2, 3-sobno, oddamo. Cena: 4.500,00 EUR/mes",https://www.nepremicnine.net/oglasi-oddaja/knez-mislav-donji-grad-stanovanje_7322183/
7371759,"KNEZ MISLAV, DONJI GRAD",Stanovanje,4-sobno,4.0,4500.0,EUR,150.0,,,"150 m2, 4-sobno, oddamo. Cena: 4.500,00 EUR/mes",https://www.nepremicnine.net/oglasi-oddaja/knez-mislav-donji-grad-stanovanje_7371759/
6962176,"KNEZ MISLAV, DRAŠKOVIĆEVA",Stanovanje,2-sobno,2.0,1100.0,EUR,85.0,,,"85 m2, 2-sobno, oddamo. Cena: 1.100,00 EUR/mes",https://www.nepremicnine.net/oglasi-oddaja/knez-mislav-draskoviceva-stanovanje_6962176/
6683458,"KNEZ MISLAV, DRAŠKOVIĆEVA",Stanovanje,2-sobno,2.0,2000.0,EUR,97.0,,,"97 m2, 2-sobno, oddamo. Cena: 2.000,00 EUR/mes",https://www.nepremicnine.net/oglasi-oddaja/knez-mislav-draskoviceva-stanovanje_6683458/
7291579,"KNEZ MISLAV, KNEZA BORNE",Stanovanje,5 in večsobno,,1900.0,EUR,141.0,,,"141 m2, 5 in večsobno, oddamo. Cena: 1.900,00 EUR/mes",https://www.nepremicnine.net/oglasi-oddaja/knez-mislav-kneza-borne-stanovanje_7291579/
7361703,"KNEZ MISLAV, KNEZA MISLAVA",Stanovanje,3-sobno,3.0,2600.0,EUR,120.0,,,"120 m2, 3-sobno, oddamo. Cena: 2.600,00 EUR/mes",https://www.nepremicnine.net/oglasi-oddaja/knez-mislav-kneza-mislava-stanovanje_7361703/
7283325,"KNEZ MISLAV, KRALJA DRŽISLAVA",Stanovanje,2-sobno,2.0,1450.0,EUR,125.0,,,"125 m2, 2-sobno, oddamo. Cena: 1.450,00 EUR/mes",https://www.nepremicnine.net/oglasi-oddaja/knez-mislav-kralja-drzislava-stanovanje_7283325/
7354220,"KNEZ MISLAV, MARTIĆEVA",Stanovanje,3-sobno,3.0,1200.0,EUR,90.0,,,"90 m2, 3-sobno, oddamo. Cena: 1.200,00 EUR/mes",https://www.nepremicnine.net/oglasi-oddaja/knez-mislav-marticeva-stanovanje_7354220/
7378582,"KNEZ MISLAV, TRG DRAGE IBLERA",Stanovanje,2-sobno,2.0,1400.0,EUR,93.0,,,"93 m2, 2-sobno, oddamo. Cena: 1.400,00 EUR/mes",https://www.nepremicnine.net/oglasi-oddaja/knez-mislav-trg-drage-iblera-stanovanje_7378582/
6965689,"KNEZ MISLAV, TRG ŽRTAVA FAŠIZMA",Stanovanje,1-sobno,1.0,950.0,EUR,42.0,,,"42 m2, 1-sobno, oddamo. Cena: 950,00 EUR/mes",https://www.nepremicnine.net/oglasi-oddaja/knez-mislav-trg-zrtava-fasizma-stanovanje_6965689/
7398245,"KNEZ MISLAV, TRG ŽRTAVA FAŠIZMA",Stanovanje,1-sobno,1.0,1150.0,EUR,55.0,,,"55 m2, 1-sobno, oddamo. Cena: 1.150,00 EUR/mes",https://www.nepremicnine.net/oglasi-oddaja/knez-mislav-trg-zrtava-fasizma-stanovanje_7398245/
7066280,"KNEZ MISLAV, TVRTKOVA",Stanovanje,2-sobno,2.0,900.0,EUR,93.0,,,"93 m2, 2-sobno, oddamo. Cena: 900,00 EUR/mes",https://www.nepremicnine.net/oglasi-oddaja/knez-mislav-tvrtkova-stanovanje_7066280/
6880530,"KNEZ MISLAV, VLAŠKA",Stanovanje,4-sobno,4.0,3250.0,EUR,180.0,,,"180 m2, 4-sobno, oddamo. Cena: 3.250,00 EUR/mes",https://www.nepremicnine.net/oglasi-oddaja/knez-mislav-vlaska-stanovanje_6880530/
7285417,"KNEZ MISLAV, ZVONIMIROVA",Stanovanje,2-sobno,2.0,1200.0,EUR,56.0,,,"56 m2, 2-sobno, oddamo. Cena: 1.200,00 EUR/mes",https://www.nepremicnine.net/oglasi-oddaja/knez-mislav-zvonimirova-stanovanje_7285417/
7076720,KNEŽIJA - SREDNJACI,Stanovanje,1-sobno,1.0,650.0,EUR,28.0,,,"28 m2, 1-sobno, oddamo. Cena: 650,00 EUR/mes",https://www.nepremicnine.net/oglasi-oddaja/knezija-srednjaci-stanovanje_7076720/
7335000,KNEŽIJA - SREDNJACI,Stanovanje,1-sobno,1.0,800.0,EUR,35.0,2022,,"35 m2, 1-sobno, novogradnja - zgr. l. 2022, oddamo. Cena: 800,00 EUR/mes",https://www.nepremicnine.net/oglasi-oddaja/knezija-srednjaci-stanovanje_7335000/
7371179,KNEŽIJA - SREDNJACI,Stanovanje,1-sobno,1.0,1000.0,EUR,52.0,,,"52 m2, 1-sobno, oddamo. Cena: 1.000,00 EUR/mes",https://www.nepremicnine.net/oglasi-oddaja/knezija-srednjaci-stanovanje_7371179/
7389829,KNEŽIJA - SREDNJACI,Stanovanje,2-sobno,2.0,1300.0,EUR,55.0,,,"55 m2, 2-sobno, oddamo. Cena: 1.300,00 EUR/mes",https://www.nepremicnine.net/oglasi-oddaja/knezija-srednjaci-stanovanje_7389829/
7392118,KNEŽIJA - SREDNJACI,Stanovanje,2-sobno,2.0,1300.0,EUR,62.0,,,"62 m2, 2-sobno, oddamo. Cena: 1.300,00 EUR/mes",https://www.nepremicnine.net/oglasi-oddaja/knezija-srednjaci-stanovanje_7392118/
7382133,KNEŽIJA - SREDNJACI,Stanovanje,2-sobno,2.0,1000.0,EUR,65.0,,,"65 m2, 2-sobno, oddamo. Cena: 1.000,00 EUR/mes",https://www.nepremicnine.net/oglasi-oddaja/knezija-srednjaci-stanovanje_7382133/
7386717,KNEŽIJA - SREDNJACI,Stanovanje,3-sobno,3.0,1500.0,EUR,75.0,,,"75 m2, 3-sobno, oddamo. Cena: 1.500,00 EUR/mes",https://www.nepremicnine.net/oglasi-oddaja/knezija-srednjaci-stanovanje_7386717/
7391452,KNEŽIJA - SREDNJACI,Stanovanje,2-sobno,2.0,1200.0,EUR,77.0,2002,,"77 m2, 2-sobno, zgrajeno l. 2002, oddamo. Cena: 1.200,00 EUR/mes",https://www.nepremicnine.net/oglasi-oddaja/knezija-srednjaci-stanovanje_7391452/
7406914,KNEŽIJA - SREDNJACI,Stanovanje,2-sobno,2.0,1700.0,EUR,105.0,2015,,"105 m2, 2-sobno, novogradnja - zgr. l. 2015, oddamo. Cena: 1.700,00 EUR/mes",https://www.nepremicnine.net/oglasi-oddaja/knezija-srednjaci-stanovanje_7406914/
7391072,"KNEŽIJA - SREDNJACI, JARUN",Stanovanje,3-sobno,3.0,2000.0,EUR,106.0,,,"106 m2, 3-sobno, oddamo. Cena: 2.000,00 EUR/mes",https://www.nepremicnine.net/oglasi-oddaja/knezija-srednjaci-jarun-stanovanje_7391072/
7283514,"KNEŽIJA - SREDNJACI, NAŠIČKA",Stanovanje,2-sobno,2.0,1050.0,EUR,66.0,,,"66 m2, 2-sobno, oddamo. Cena: 1.050,00 EUR/mes",https://www.nepremicnine.net/oglasi-oddaja/knezija-srednjaci-nasicka-stanovanje_7283514/
7356354,"KNEŽIJA - SREDNJACI, NOVA CESTA",Stanovanje,2-sobno,2.0,1200.0,EUR,72.0,,,"72 m2, 2-sobno, oddamo. Cena: 1.200,00 EUR/mes",https://www.nepremicnine.net/oglasi-oddaja/knezija-srednjaci-nova-cesta-stanovanje_7356354/
7414688,"KNEŽIJA - SREDNJACI, STARA",Stanovanje,4-sobno,4.0,2300.0,EUR,118.0,,,"118 m2, 4-sobno, oddamo. Cena: 2.300,00 EUR/mes",https://www.nepremicnine.net/oglasi-oddaja/knezija-srednjaci-stara-stanovanje_7414688/
7372222,"KNEŽIJA - SREDNJACI, TREŠNJEVKA",Stanovanje,1-sobno,1.0,800.0,EUR,27.0,,,"27 m2, 1-sobno, oddamo. Cena: 800,00 EUR/mes",https://www.nepremicnine.net/oglasi-oddaja/knezija-srednjaci-tresnjevka-stanovanje_7372222/
7308519,"KNEŽIJA - SREDNJACI, TREŠNJEVKA",Stanovanje,1-sobno,1.0,500.0,EUR,28.0,,,"28 m2, 1-sobno, oddamo. Cena: 500,00 EUR/mes",https://www.nepremicnine.net/oglasi-oddaja/knezija-srednjaci-tresnjevka-stanovanje_7308519/
7395328,"KNEŽIJA - SREDNJACI, TREŠNJEVKA",Stanovanje,1-sobno,1.0,800.0,EUR,40.0,,,"40 m2, 1-sobno, oddamo. Cena: 800,00 EUR/mes",https://www.nepremicnine.net/oglasi-oddaja/knezija-srednjaci-tresnjevka-stanovanje_7395328/
7033325,"KNEŽIJA - SREDNJACI, TREŠNJEVKA",Stanovanje,2-sobno,2.0,950.0,EUR,51.0,,,"51 m2, 2-sobno, oddamo. Cena: 950,00 EUR/mes",https://www.nepremicnine.net/oglasi-oddaja/knezija-srednjaci-tresnjevka-stanovanje_7033325/
7414752,"KNEŽIJA - SREDNJACI, TREŠNJEVKA",Stanovanje,1-sobno,1.0,1200.0,EUR,55.0,,,"55 m2, 1-sobno, ""penthouse"", oddamo. Cena: 1.200,00 EUR/mes",https://www.nepremicnine.net/oglasi-oddaja/knezija-srednjaci-tresnjevka-stanovanje_7414752/
7282813,"KNEŽIJA - SREDNJACI, TREŠNJEVKA",Stanovanje,1-sobno,1.0,750.0,EUR,59.0,,,"59 m2, 1-sobno, oddamo. Cena: 750,00 EUR/mes",https://www.nepremicnine.net/oglasi-oddaja/knezija-srednjaci-tresnjevka-stanovanje_7282813/
6903941,"KNEŽIJA - SREDNJACI, TREŠNJEVKA",Stanovanje,1-sobno,1.0,1000.0,EUR,68.0,,,"68 m2, 1-sobno, oddamo. Cena: 1.000,00 EUR/mes",https://www.nepremicnine.net/oglasi-oddaja/knezija-srednjaci-tresnjevka-stanovanje_6903941/
7355677,"KNEŽIJA - SREDNJACI, TREŠNJEVKA",Stanovanje,1-sobno,1.0,590.0,EUR,80.0,,,"80 m2, 1-sobno, oddamo. Cena: 590,00 EUR/mes",https://www.nepremicnine.net/oglasi-oddaja/knezija-srednjaci-tresnjevka-stanovanje_7355677/
7378645,"KNEŽIJA - SREDNJACI, TREŠNJEVKA",Stanovanje,2-sobno,2.0,1100.0,EUR,120.0,,,"120 m2, 2-sobno, oddamo. Cena: 1.100,00 EUR/mes",https://www.nepremicnine.net/oglasi-oddaja/knezija-srednjaci-tresnjevka-stanovanje_7378645/
7089158,"KNEŽIJA - SREDNJACI, TREŠNJEVKA",Stanovanje,3-sobno,3.0,1800.0,EUR,122.0,,,"122 m2, 3-sobno, oddamo. Cena: 1.800,00 EUR/mes",https://www.nepremicnine.net/oglasi-oddaja/knezija-srednjaci-tresnjevka-stanovanje_7089158/
7241741,"KNEŽIJA - SREDNJACI, TREŠNJEVKA - JUG",Stanovanje,5 in večsobno,,220.0,EUR,20.0,,,"20 m2, 5 in večsobno, oddamo. Cena: 220,00 EUR/mes",https://www.nepremicnine.net/oglasi-oddaja/knezija-srednjaci-tresnjevka-jug-stanovanje_7241741/
7252182,"KNEŽIJA - SREDNJACI, TREŠNJEVKA - JUG",Stanovanje,1-sobno,1.0,170.0,EUR,50.0,,,"50 m2, 1-sobno, oddamo. Cena: 170,00 EUR/mes",https://www.nepremicnine.net/oglasi-oddaja/knezija-srednjaci-tresnjevka-jug-stanovanje_7252182/
7414678,KOČEVJE,Stanovanje,1-sobno,1.0,300.0,EUR,34.5,1979,4,"34,5 m2, 1-sobno, zgrajeno l. 1979, 4. nad., Oddamo 1-sobno stanovanje v centru Kočevja, oddamo. Cena: 300,00 EUR/mes",https://www.nepremicnine.net/oglasi-oddaja/kocevje-stanovanje_7414678/
7406533,KODELJEVO,Stanovanje,Soba,,120.0,EUR,8.0,1942,,"8 m2, soba, zgrajena l. 1942, adaptirana l. 2003, Študentki oddamo samostojno sobo v opremljenem študentskem stanovanju,...",https://www.nepremicnine.net/oglasi-oddaja/kodeljevo-stanovanje_7406533/
7381390,KODELJEVO,Stanovanje,Soba,,400.0,EUR,15.0,1963,2/2,"15 m2, soba, zgrajena l. 1963, adaptirana l. 2023, 100 m2 zemljišča, 2/2 nad., oddamo. Cena: 400,00 EUR/mes",https://www.nepremicnine.net/oglasi-oddaja/kodeljevo-stanovanje_7381390/
7394520,KODELJEVO,Stanovanje,"2,5-sobno",2.5,1200.0,EUR,75.0,1997,2/2,"75 m2, 2,5-sobno, zgrajeno l. 1997, 2/2 nad., oddamo. Cena: 1.200,00 EUR/mes",https://www.nepremicnine.net/oglasi-oddaja/kodeljevo-stanovanje_7394520/
7315150,"KODELJEVO, MENARDOVA",Stanovanje,Soba,,350.0,EUR,15.0,1963,/P+1+2,"15 m2, soba, zgrajena l. 1963, adaptirana l. 2022, 400 m2 zemljišča, Od 15.9.2026 dalje oddam sobo s souporabe kopalnice...",https://www.nepremicnine.net/oglasi-oddaja/kodeljevo-menardova-stanovanje_7315150/
7346661,KOKRA,Stanovanje,2-sobno,2.0,650.0,EUR,45.0,2000,1/1,"45 m2, 2-sobno, zgrajeno l. 2000, adaptirano l. 2020, 40 m2 zemljišča, 1/1 nad., oddamo. Cena: 650,00 EUR/mes",https://www.nepremicnine.net/oglasi-oddaja/kokra-stanovanje_7346661/
7350064,KOKRICA,Stanovanje,4-sobno,4.0,1100.0,EUR,120.0,2025,1/2,"120 m2, 4-sobno, adaptirano l. 2025, 220 m2 zemljišča, 1/2 nad., Oddam polovico hiše - prostorno 4-sobno stanovanje na K...",https://www.nepremicnine.net/oglasi-oddaja/kokrica-stanovanje_7350064/
7338936,"KOKRICA, SLO",Stanovanje,Soba,,170.0,EUR,30.0,2016,2,"30 m2, soba, adaptirana l. 2016, 2. nad., Oddam sobo z sostanovalcem in souporabo WC ter kuhinje, oddamo. Cena: do 170,0...",https://www.nepremicnine.net/oglasi-oddaja/kokrica-slo-stanovanje_7338936/
7304254,KOLEZIJA,Stanovanje,3-sobno,3.0,1600.0,EUR,61.0,1934,P/3,"61 m2, 3-sobno, zgrajeno l. 1934, adaptirano l. 2025, P/3 nad., oddamo. Cena: 1.600,00 EUR/mes",https://www.nepremicnine.net/oglasi-oddaja/kolezija-stanovanje_7304254/
7039105,KOLEZIJA,Stanovanje,3-sobno,3.0,3450.0,EUR,140.0,2024,2,"140 m2, 3-sobno, zgrajeno l. 2024, 2. nad., Vrhunsko urbano zatočišče na Koleziji, oddamo. Cena: 3.450,00 EUR/mes",https://www.nepremicnine.net/oglasi-oddaja/kolezija-stanovanje_7039105/
7389090,"KOLEZIJA, LJ.",Stanovanje,3-sobno,3.0,1600.0,EUR,65.0,1975,P/4,"65 m2, 3-sobno, zgrajeno l. 1975, adaptirano l. 2020, 40 m2 zemljišča, P/4 nad., oddamo. Cena: 1.600,00 EUR/mes",https://www.nepremicnine.net/oglasi-oddaja/kolezija-lj-stanovanje_7389090/
7376090,KOMANIJA,Stanovanje,"1,5-sobno",1.5,700.0,EUR,40.1,2008,P/2,"40,1 m2, 1,5-sobno, zgrajeno l. 2008, P/2 nad., oddamo. Cena: 700,00 EUR/mes",https://www.nepremicnine.net/oglasi-oddaja/komanija-stanovanje_7376090/
7313677,KOMENDA,Stanovanje,2-sobno,2.0,800.0,EUR,60.0,2025,1/2,"60 m2, 2-sobno, adaptirano l. 2025, 1/2 nad., v centru Komende eno,sobna stanovanje.Obnovljeno z kuhinjo in kopalnico. V...",https://www.nepremicnine.net/oglasi-oddaja/komenda-stanovanje_7313677/
7390584,"KOMENDA, CENTER",Stanovanje,1-sobno,1.0,750.0,EUR,35.0,2024,1/2K,"35 m2, 1-sobno, zgrajeno l. 2024, adaptirano l. 2024, 1/2K nad., oddamo. Cena: cca 750,00 EUR/mes",https://www.nepremicnine.net/oglasi-oddaja/komenda-center-stanovanje_7390584/
7386563,"KOMENDA, KLANEC",Stanovanje,"2,5-sobno",2.5,900.0,EUR,78.0,2020,M/3,"78 m2, 2,5-sobno, adaptirano l. 2020, M/3 nad., Moderno opremljeno stanovanje v Komendi, oddamo. Cena: cca 900,00 EUR/me...",https://www.nepremicnine.net/oglasi-oddaja/komenda-klanec-stanovanje_7386563/
7407443,KOPER,Stanovanje,1-sobno,1.0,550.0,EUR,30.0,2025,P/1,"30 m2, 1-sobno, zgrajeno l. 2025, P/1 nad., 30 m2, enosobno, zgrajeno l. 2025, P/1 nad., vključno s parkirnim mestom v g...",https://www.nepremicnine.net/oglasi-oddaja/koper-stanovanje_7407443/
7414787,KOPER,Stanovanje,Garsonjera,,600.0,EUR,33.0,2022,3/10,"33 m2, garsonjera, adaptirana l. 2022, 3/10 nad., Svetla garsonjera z balkonom in pogledom na morje, oddamo. Cena: 600,0...",https://www.nepremicnine.net/oglasi-oddaja/koper-stanovanje_7414787/
7413987,KOPER,Stanovanje,"1,5-sobno",1.5,800.0,EUR,34.0,1963,1/7,"34 m2, 1,5-sobno, poslovni apartma, zgrajeno l. 1963, adaptirano l. 2025, 1/7 nad., oddamo. Cena: max. 800,00 EUR/mes",https://www.nepremicnine.net/oglasi-oddaja/koper-stanovanje_7413987/
7375791,KOPER,Stanovanje,Garsonjera,,750.0,EUR,36.0,1950,P/P,"36 m2, garsonjera, zgrajena l. 1950, P/P, Garsonjera v centru Kopra, oddamo. Cena: 750,00 EUR/mes",https://www.nepremicnine.net/oglasi-oddaja/koper-stanovanje_7375791/
7408915,KOPER,Stanovanje,2-sobno,2.0,750.0,EUR,50.0,1870,P/P,"50 m2, 2-sobno, zgrajeno l. 1870, adaptirano l. 2026, P/P, CENTER KOPRA, Prijetno 2 sobno stanovanje, 50 m2, Dolgoročni ...",https://www.nepremicnine.net/oglasi-oddaja/koper-stanovanje_7408915/
7413534,KOPER,Stanovanje,"1,5-sobno",1.5,765.0,EUR,55.0,1996,P/4,"55 m2, 1,5-sobno, zgrajeno l. 1996, adaptirano l. 2011, P/4 nad., Oddajam 1.5-sobno (55 m2) opremljeno stanovanje v prit...",https://www.nepremicnine.net/oglasi-oddaja/koper-stanovanje_7413534/
7409136,KOPER,Stanovanje,2-sobno,2.0,900.0,EUR,55.0,2005,2/2,"55 m2, 2-sobno, zgrajeno l. 2005, 2/2 nad., Oddamo omenjeno stanovanje za obdobje 10 mesecev in sicer od 1.9.26 do 1.7.2...",https://www.nepremicnine.net/oglasi-oddaja/koper-stanovanje_7409136/
7411250,KOPER,Stanovanje,2-sobno,2.0,900.0,EUR,55.8,1968,1/4,"55,8 m2, 2-sobno, zgrajeno l. 1968, adaptirano l. 2012, 1/4 nad., lepo stanovanje s prostornim balkonom in garažo, oddam...",https://www.nepremicnine.net/oglasi-oddaja/koper-stanovanje_7411250/
7404421,KOPER,Stanovanje,3-sobno,3.0,140.0,EUR,73.0,1990,2/2,"73 m2, 3-sobno, zgrajeno l. 1990, adaptirano l. 2021, 2/2 nad., primerno za POSAMEZNIKE, ki so pripravljeni deliti stano...",https://www.nepremicnine.net/oglasi-oddaja/koper-stanovanje_7404421/
7382174,KOPER,Stanovanje,3-sobno,3.0,1500.0,EUR,74.0,1650,1/3,"74 m2, 3-sobno, zgrajeno l. 1650, adaptirano l. 2022, 1/3 nad., oddamo. Cena: 1.500,00 EUR/mes",https://www.nepremicnine.net/oglasi-oddaja/koper-stanovanje_7382174/
7412070,KOPER,Stanovanje,1-sobno,1.0,1300.0,EUR,74.0,2024,5,"74 m2, 1-sobno, zgrajeno l. 2024, 5. nad., Oddamo prostorno in opremljeno stanovanje v Kopru (73,8 m2) z garažo in kletj...",https://www.nepremicnine.net/oglasi-oddaja/koper-stanovanje_7412070/
7378283,KOPER,Stanovanje,2-sobno,2.0,2500.0,EUR,74.0,2015,6/6,"74 m2, 2-sobno, zgrajeno l. 2015, 6/6 nad., PRESTIŽ V PRVI LINIJI OB MORJUV eni najbolj zaželenih in prestižnih stanovan...",https://www.nepremicnine.net/oglasi-oddaja/koper-stanovanje_7378283/
7412132,KOPER,Stanovanje,3-sobno,3.0,1050.0,EUR,75.3,1975,,"75,3 m2, 3-sobno, zgrajeno l. 1975, oddamo. Cena: 1.050,00 EUR/mes",https://www.nepremicnine.net/oglasi-oddaja/koper-stanovanje_7412132/
7335992,"KOPER, 1. VRSTA OB MORJU",Stanovanje,Garsonjera,,750.0,EUR,35.0,1990,,"35 m2, garsonjera, zgrajena l. 1990, vila z mediteranskim wellness vrtom. Elegantno zasnovani apartmaji nudijo zasebnost...",https://www.nepremicnine.net/oglasi-oddaja/koper-1-vrsta-ob-morju-stanovanje_7335992/
7280177,"KOPER, CENTER",Stanovanje,Soba,,290.0,EUR,16.0,1990,1/2,"16 m2, soba, zgrajena l. 1990, adaptirana l. 2020, 1/2 nad., Centru Kopra oddamo od 15.08.2026 dalje dvoposteljno sobo i...",https://www.nepremicnine.net/oglasi-oddaja/koper-center-stanovanje_7280177/
7405190,"KOPER, CENTER",Stanovanje,1-sobno,1.0,700.0,EUR,40.0,1900,P,"40 m2, 1-sobno, zgrajeno l. 1900, pritličje, Koper center 1-sobno, oddamo. Cena: 700,00 EUR/mes",https://www.nepremicnine.net/oglasi-oddaja/koper-center-stanovanje_7405190/
6946754,"KOPER, CENTER",Stanovanje,3-sobno,3.0,300.0,EUR,54.0,1980,2/5,"54 m2, 3-sobno, zgrajeno l. 1980, adaptirano l. 2023, 2/5 nad., stanovanje v bloku v centru kopra, oddamo. Cena: 300,00 ...",https://www.nepremicnine.net/oglasi-oddaja/koper-center-stanovanje_6946754/
7384847,"KOPER, CENTER",Stanovanje,Garsonjera,,800.0,EUR,56.0,1833,P/2,"56 m2, garsonjera, zgrajena l. 1833, adaptirana l. 2020, P/2 nad., Studio apartma 56 m2 v CENTRU Kopra oddam od 1. septe...",https://www.nepremicnine.net/oglasi-oddaja/koper-center-stanovanje_7384847/
6850932,"KOPER, CENTER",Stanovanje,Apartma,,300.0,EUR,100.0,1919,,"100 m2, apartma, zgrajen l. 1919, adaptiran l. 2024, oddam sobo za študente, oddamo. Cena: 300,00 EUR/osebo na mes",https://www.nepremicnine.net/oglasi-oddaja/koper-center-stanovanje_6850932/
7372724,"KOPER, CENTER - VOJKOVO NABREŽJE",Stanovanje,2-sobno,2.0,900.0,EUR,60.0,1965,4/5,"60 m2, 2-sobno, zgrajeno l. 1965, adaptirano l. 2020, 4/5 nad., 2 sobno stanovanje v centru Kopra s parkirnim mestom, od...",https://www.nepremicnine.net/oglasi-oddaja/koper-center-vojkovo-nabrezje-stanovanje_7372724/
7394664,"KOPER, CENTER OD 1. 2. 27 - 20. 6.",Stanovanje,1-sobno,1.0,700.0,EUR,40.0,1800,1/3,"40 m2, 1-sobno, zgrajeno l. 1800, adaptirano l. 2025, 1/3 nad., oddamo. Cena: 700,00 EUR/mes",https://www.nepremicnine.net/oglasi-oddaja/koper-center-od-1-2-27-20-6-stanovanje_7394664/
7409506,"KOPER, CENTER, FERRARSKA CESTA",Stanovanje,5 in večsobno,,4990.0,EUR,220.0,2022,5/5,"220 m2, 5 in večsobno, ""penthouse"", zgrajeno l. 2022, 5/5 nad., Novogradnja, izjemna lokacija in velikost stan...",https://www.nepremicnine.net/oglasi-oddaja/koper-center-ferrarska-cesta-stanovanje_7409506/
7412094,"KOPER, CENTER, OKT 2026 - MAJ 2027",Stanovanje,Apartma,,650.0,EUR,20.0,1930,P+1+M,"20 m2, apartma, zgrajen l. 1930, adaptiran l. 2023, P+1+M, KRATKOROČNI NAJEM od 01.10.2026 do 31.5.2027, primerno za štu...",https://www.nepremicnine.net/oglasi-oddaja/koper-center-okt-2026-maj-2027-stanovanje_7412094/
6926152,"KOPER, CENTER, VLAČIČEVA ULICA",Stanovanje,Garsonjera,,350.0,EUR,22.0,2015,P/1,"22 m2, garsonjera, adaptirana l. 2015, P/1 nad., oddamo. Cena: 350,00 EUR/mes",https://www.nepremicnine.net/oglasi-oddaja/koper-center-vlaciceva-ulica-stanovanje_6926152/
7348212,"KOPER, CESTA NA MARKOVEC 4",Stanovanje,3-sobno,3.0,1000.0,EUR,80.0,1980,1/2,"80 m2, 3-sobno, zgrajeno l. 1980, adaptirano l. 2023, 1/2 nad., Oddamo v najem z 1.10.2026 do 1.6.2027, oddamo. Cena: 1....",https://www.nepremicnine.net/oglasi-oddaja/koper-cesta-na-markovec-4-stanovanje_7348212/
7414523,"KOPER, KOPRSKA VRATA",Stanovanje,"1,5-sobno",1.5,900.0,EUR,58.0,2020,5/6,"58 m2, 1,5-sobno, zgrajeno l. 2020, 5/6 nad., KOPER, CENTER, z ločenim spalnim delom, balkonom, opremljeno, odprt pogled...",https://www.nepremicnine.net/oglasi-oddaja/koper-koprska-vrata-stanovanje_7414523/
7359709,"KOPER, KOPRSKA VRATA - BONIFIKA",Stanovanje,"2,5-sobno",2.5,2200.0,EUR,130.0,2013,6/6,"130 m2, 2,5-sobno, zgrajeno l. 2013, 6/6 nad., Prestižno nadstandardno 2,5-sobno stanovanje z veliko teraso in pogledom ...",https://www.nepremicnine.net/oglasi-oddaja/koper-koprska-vrata-bonifika-stanovanje_7359709/
7411294,"KOPER, MARKOVEC",Stanovanje,2-sobno,2.0,850.0,EUR,40.0,1974,P,"40 m2, 2-sobno, zgrajeno l. 1974, adaptirano l. 2023, pritličje, KOPER, MARKOVEC 40 m2, 2 sobno, adaptirano 2023, pritli...",https://www.nepremicnine.net/oglasi-oddaja/koper-markovec-stanovanje_7411294/
7382275,"KOPER, MARKOVEC",Stanovanje,3-sobno,3.0,1150.0,EUR,65.0,1980,4,"65 m2, 3-sobno, zgrajeno l. 1980, 4. nad., oddamo. Cena: 1.150,00 EUR/mes",https://www.nepremicnine.net/oglasi-oddaja/koper-markovec-stanovanje_7382275/
7394477,"KOPER, MARKOVEC",Stanovanje,Soba,,300.0,EUR,150.0,1975,1/2,"150 m2, soba, zgrajena l. 1975, 1/2 nad., oddamo. Cena: cca 300,00 EUR/osebo na mes",https://www.nepremicnine.net/oglasi-oddaja/koper-markovec-stanovanje_7394477/
7414583,"KOPER, MARKOVEC NOKTURNO KVEDROVA 22",Stanovanje,Garsonjera,,850.0,EUR,50.0,2005,2/2,"50 m2, garsonjera, zgrajena l. 2005, adaptirana l. 2017, 2/2 nad., oddamo. Cena: 850,00 EUR/mes",https://www.nepremicnine.net/oglasi-oddaja/koper-markovec-nokturno-kvedrova-22-stanovanje_7414583/
7408289,"KOPER, NAZORJEV TRG 5",Stanovanje,1-sobno,1.0,850.0,EUR,33.0,2022,2/11,"33 m2, 1-sobno, adaptirano l. 2022, 2/11 nad., Koper, v centru mesta oddamo opremljeno stanovanje 33 m2 plus balkon od 1...",https://www.nepremicnine.net/oglasi-oddaja/koper-nazorjev-trg-5-stanovanje_7408289/
7413027,"KOPER, NAZORJEV TRG 5",Stanovanje,3-sobno,3.0,1900.0,EUR,82.0,2020,8/10,"82 m2, 3-sobno, adaptirano l. 2020, 8/10 nad., For rent - 6 months: Beautiful, modern, unique apartment in a top locatio...",https://www.nepremicnine.net/oglasi-oddaja/koper-nazorjev-trg-5-stanovanje_7413027/
7399030,"KOPER, PRISTANIŠKA 6",Stanovanje,2-sobno,2.0,1090.0,EUR,50.0,2012,2/4,"50 m2, 2-sobno, zgrajeno l. 2012, adaptirano l. 2020, 2/4 nad., KOPER-Center Zeleni park oddamo 2 sobno stanovanje v nad...",https://www.nepremicnine.net/oglasi-oddaja/koper-pristaniska-6-stanovanje_7399030/
7398304,"KOPER, PRISTANIŠKA ULICA, 6000",Stanovanje,Garsonjera,,800.0,EUR,30.0,2019,3/4,"30 m2, garsonjera, zgrajena l. 2019, 3/4 nad., možnost počitniškega najema oddam opremljeno garsonjero z balkonom v nove...",https://www.nepremicnine.net/oglasi-oddaja/koper-pristaniska-ulica-6000-stanovanje_7398304/
7411427,"KOPER, SEMEDELA",Stanovanje,2-sobno,2.0,900.0,EUR,40.0,2010,2/2,"40 m2, 2-sobno, adaptirano l. 2010, 110 m2 zemljišča, 2/2 nad., Oddam v najem za daljše obdobje dvosobno, popolnoma opre...",https://www.nepremicnine.net/oglasi-oddaja/koper-semedela-stanovanje_7411427/
7344006,"KOPER, SEMEDELA",Stanovanje,2-sobno,2.0,900.0,EUR,46.0,1996,PK/P,"46 m2, 2-sobno, adaptirano l. 1996, PK/P, koper-semedela, oddamo. Cena: 900,00 EUR/mes",https://www.nepremicnine.net/oglasi-oddaja/koper-semedela-stanovanje_7344006/
7389182,"KOPER, SEMEDELA",Stanovanje,4-sobno,4.0,1100.0,EUR,72.0,1972,4/4,"72 m2, 4-sobno, zgrajeno l. 1972, 4/4 nad., oddamo. Cena: 1.100,00 EUR/mes",https://www.nepremicnine.net/oglasi-oddaja/koper-semedela-stanovanje_7389182/
7412158,"KOPER, SEMEDELA",Stanovanje,4-sobno,4.0,1250.0,EUR,88.73,2022,1/2,"88,73 m2, 4-sobno, adaptirano l. 2022, 1/2 nad., Alu okna, klima in talno gretje po sobi, getAir zracenje, parkirni pros...",https://www.nepremicnine.net/oglasi-oddaja/koper-semedela-stanovanje_7412158/
7130197,"KOPER, SERMIN",Stanovanje,2-sobno,2.0,700.0,EUR,37.0,2001,P+1/1,"37 m2, 2-sobno, zgrajeno l. 2001, adaptirano l. 2022, P+1/1 nad., Oddamo stanovanje v bližini Kopra, cena je 700 evrov n...",https://www.nepremicnine.net/oglasi-oddaja/koper-sermin-stanovanje_7130197/
7412055,"KOPER, SP. SEMEDELA",Stanovanje,"1,5-sobno",1.5,750.0,EUR,48.0,1962,VP/5,"48 m2, 1,5-sobno, zgrajeno l. 1962, adaptirano l. 2021, VP/5 nad., oddamo. Cena: 750,00 EUR/mes",https://www.nepremicnine.net/oglasi-oddaja/koper-sp-semedela-stanovanje_7412055/
7350475,"KOPER, TRG BROLO",Stanovanje,Garsonjera,,1200.0,EUR,22.0,1827,3/3,"22 m2, garsonjera, zgrajena l. 1827, adaptirana l. 2024, 3/3 nad., Stanovanje se oddaja za čas poletja cca od 10 Junij d...",https://www.nepremicnine.net/oglasi-oddaja/koper-trg-brolo-stanovanje_7350475/
7387548,"KOPER, UKMARJEV TRG",Stanovanje,"3,5-sobno",3.5,2800.0,EUR,84.0,2008,2/4,"84 m2, 3,5-sobno, zgrajeno l. 2008, adaptirano l. 2025, 2/4 nad., prestižna lokacija, na sami špici koprske promenade, d...",https://www.nepremicnine.net/oglasi-oddaja/koper-ukmarjev-trg-stanovanje_7387548/
7345808,"KOPER, VOJKOVO NABREŽJE",Stanovanje,"1,5-sobno",1.5,1000.0,EUR,45.0,2026,2,"45 m2, 1,5-sobno, adaptirano l. 2026, 2. nad., oddamo. Cena: 1.000,00 EUR/mes",https://www.nepremicnine.net/oglasi-oddaja/koper-vojkovo-nabrezje-stanovanje_7345808/
7409687,"KOPER, ŽUSTERNA",Stanovanje,Soba,,330.0,EUR,20.0,2018,VP/2,"20 m2, soba, zgrajena l. 2018, VP/2 nad., Vabljeni v lepo 2ss stanovanje s teraso in privat parkingom v Žusterni, primer...",https://www.nepremicnine.net/oglasi-oddaja/koper-zusterna-stanovanje_7409687/
7357885,"KOPER, ŽUSTERNA III",Stanovanje,3-sobno,3.0,1000.0,EUR,50.0,1998,P/3,"50 m2, 3-sobno, dupleks, zgrajeno l. 1998, adaptirano l. 2022, 30 m2 zemljišča, P/3 nad., Vseljivo od 1. septembra dalje...",https://www.nepremicnine.net/oglasi-oddaja/koper-zusterna-iii-stanovanje_7357885/
7402960,KOROŠKA BELA,Stanovanje,"1,5-sobno",1.5,470.0,EUR,41.1,1964,1/4,"41,1 m2, 1,5-sobno, zgrajeno l. 1964, 1/4 nad., oddamo. Cena: 470,00 EUR/mes",https://www.nepremicnine.net/oglasi-oddaja/koroska-bela-stanovanje_7402960/
7410764,KOROŠKA VRATA,Stanovanje,2-sobno,2.0,800.0,EUR,70.0,1900,VP/2,"70 m2, 2-sobno, zgrajeno l. 1900, adaptirano l. 2026, VP/2 nad., ODDAJA - prenovljeno 2-sobno staromeščansko stanovanje ...",https://www.nepremicnine.net/oglasi-oddaja/koroska-vrata-stanovanje_7410764/
7375273,KOROŠKA VRATA,Stanovanje,3-sobno,3.0,895.0,EUR,75.0,1978,,"75 m2, 3-sobno, zgrajeno l. 1978, adaptirano l. 2019, oddamo. Cena: 895,00 EUR/mes",https://www.nepremicnine.net/oglasi-oddaja/koroska-vrata-stanovanje_7375273/
7384791,KOROŠKA VRATA,Stanovanje,3-sobno,3.0,890.0,EUR,75.4,1960,3,"75,4 m2, 3-sobno, zgrajeno l. 1960, 3. nad., Oddamo zelo urejeno trisobno stanovanje v centru mesta, na območju Vrbanske...",https://www.nepremicnine.net/oglasi-oddaja/koroska-vrata-stanovanje_7384791/
7369327,KOROŠKA VRATA,Stanovanje,3-sobno,3.0,1100.0,EUR,82.0,2007,5/6,"82 m2, 3-sobno, zgrajeno l. 2007, 5/6 nad., V soseski Koroška vrata, med centrom in Lentom, je na voljo za najem stanova...",https://www.nepremicnine.net/oglasi-oddaja/koroska-vrata-stanovanje_7369327/
7411209,"KOROŠKA VRATA, MARIBOR",Stanovanje,2-sobno,2.0,500.0,EUR,60.0,1956,6/10,"60 m2, 2-sobno, zgrajeno l. 1956, 6/10 nad., oddamo. Cena: 500,00 EUR/mes",https://www.nepremicnine.net/oglasi-oddaja/koroska-vrata-maribor-stanovanje_7411209/
7407110,"KOROŠKA VRATA, OB TENIŠKIH IGRIŠČIH NA BRANIKU",Stanovanje,Soba,,230.0,EUR,20.0,1961,P,"20 m2, soba, zgrajena l. 1961, adaptirana l. 2020, pritličje, oddamo. Cena: 230,00 EUR/mes",https://www.nepremicnine.net/oglasi-oddaja/koroska-vrata-ob-teniskih-igriscih-na-braniku-stanovanje_7407110/
7400225,"KOROŠKA VRATA, SMETANOVA ULICA",Stanovanje,2-sobno,2.0,500.0,EUR,36.0,1911,2/3,"36 m2, 2-sobno, v stavbi zgrajeni l. 1911, adaptirano l. 2024, 2/3 nad., Na odlični lokaciji na Smetanovi ulici ODDAMO s...",https://www.nepremicnine.net/oglasi-oddaja/koroska-vrata-smetanova-ulica-stanovanje_7400225/
7365190,"KOROŠKA VRATA, SMETANOVA ULICA",Stanovanje,3-sobno,3.0,800.0,EUR,64.0,2010,4/4,"64 m2, 3-sobno, dupleks, zgrajeno l. 2010, 4/4 nad., Svetlo dvoetažno stanovanje v centru Maribora s pogledom na Pohorje...",https://www.nepremicnine.net/oglasi-oddaja/koroska-vrata-smetanova-ulica-stanovanje_7365190/
6607389,KORPULE,Stanovanje,Soba,,250.0,EUR,20.0,1980,VP/2,"20 m2, soba, zgrajena l. 1980, adaptirana l. 2022, VP/2 nad., Oddamo sobe primerne za delavce oz posamezne osebe, oddamo...",https://www.nepremicnine.net/oglasi-oddaja/korpule-stanovanje_6607389/
6885494,KOSEZE,Stanovanje,Soba,,470.0,EUR,12.0,1990,P,"12 m2, soba, zgrajena l. 1990, adaptirana l. 2024, 50 m2 zemljišča, pritličje, V Kosezah je na voljo opremljena študents...",https://www.nepremicnine.net/oglasi-oddaja/koseze-stanovanje_6885494/
7405249,KOSEZE,Stanovanje,Garsonjera,,700.0,EUR,45.0,2025,P/1,"45 m2, garsonjera, adaptirana l. 2025, adaptirana l. 2025, P/1 nad., oddamo. Cena: 700,00 EUR/mes",https://www.nepremicnine.net/oglasi-oddaja/koseze-stanovanje_7405249/
7409640,KOSEZE,Stanovanje,Garsonjera,,950.0,EUR,47.0,2001,P,"47 m2, garsonjera, zgrajena l. 2001, adaptirana l. 2024, pritličje, oddamo. Cena: 950,00 EUR/mes",https://www.nepremicnine.net/oglasi-oddaja/koseze-stanovanje_7409640/
7391016,KOSEZE,Stanovanje,2-sobno,2.0,850.0,EUR,48.0,1973,2/2,"48 m2, 2-sobno, zgrajeno l. 1973, adaptirano l. 2015, 2/2 nad., oddamo. Cena: 850,00 EUR/mes",https://www.nepremicnine.net/oglasi-oddaja/koseze-stanovanje_7391016/
7404704,KOSEZE,Stanovanje,3-sobno,3.0,1200.0,EUR,69.0,1975,3/4,"69 m2, 3-sobno, zgrajeno l. 1975, 3/4 nad., Oddamo obnovljeno, svetlo in prostorno 3-sobno stanovanje v terasastih bloki...",https://www.nepremicnine.net/oglasi-oddaja/koseze-stanovanje_7404704/
7389161,KOSEZE,Stanovanje,3-sobno,3.0,1900.0,EUR,94.2,2023,3/4,"94,2 m2, 3-sobno, zgrajeno l. 2023, 3/4 nad., V zgradbi Koseško okno oddamo 3-sobno stanovanje z balkonom in dvema parki...",https://www.nepremicnine.net/oglasi-oddaja/koseze-stanovanje_7389161/
7398231,KOSEZE,Stanovanje,3-sobno,3.0,1900.0,EUR,100.4,2023,3/4,"100,4 m2, 3-sobno, novogradnja - zgr. l. 2023, 3/4 nad., koseze - koseško okno, 3-sobno stanovanje z velikim balkonom in...",https://www.nepremicnine.net/oglasi-oddaja/koseze-stanovanje_7398231/
7411470,KOSEZE,Stanovanje,4-sobno,4.0,1350.0,EUR,106.9,1975,2,"106,9 m2, 4-sobno, zgrajeno l. 1975, adaptirano l. 2021, 2. nad., izjemno funkcionalno, opremljeno stanovanje z dvema ve...",https://www.nepremicnine.net/oglasi-oddaja/koseze-stanovanje_7411470/
7406633,KOSEZE,Stanovanje,3-sobno,3.0,1900.0,EUR,133.2,2023,3/4,"133,2 m2, 3-sobno, zgrajeno l. 2023, 3/4 nad., Sodobno in kakovostno opremljeno 3-sobno stanovanje, Koseze, Ljubljana, o...",https://www.nepremicnine.net/oglasi-oddaja/koseze-stanovanje_7406633/
7387685,"KOSEZE, SISKA",Stanovanje,3-sobno,3.0,1900.0,EUR,110.0,2023,3/4,"110 m2, 3-sobno, novogradnja - zgr. l. 2023, 3/4 nad., oddamo. Cena: cca 1.900,00 EUR/mes",https://www.nepremicnine.net/oglasi-oddaja/koseze-siska-stanovanje_7387685/
7262625,"KOSEZE, ŠIŠKA",Stanovanje,2-sobno,2.0,800.0,EUR,60.0,1978,1/4,"60 m2, 2-sobno, zgrajeno l. 1978, adaptirano l. 2022, 1/4 nad., NEOPREMLJENO stanovanje, Lj-Šiška, Koseze, 1.nad., 60 m2...",https://www.nepremicnine.net/oglasi-oddaja/koseze-siska-stanovanje_7262625/
7410756,"KOSEZE, TERASASTI BLOKI",Stanovanje,"1,5-sobno",1.5,1000.0,EUR,68.0,1978,1/4,"68 m2, 1,5-sobno, zgrajeno l. 1978, 1/4 nad., oddamo. Cena: 1.000,00 EUR/mes",https://www.nepremicnine.net/oglasi-oddaja/koseze-terasasti-bloki-stanovanje_7410756/
7322835,"KOSEZE, UREJENO NASELJE",Stanovanje,Garsonjera,,550.0,EUR,25.0,1975,P,"25 m2, garsonjera, zgrajena l. 1975, pritličje, V urejenem naselju družinskih hiš v Kosezah oddamo garsonjero (15 m2) v ...",https://www.nepremicnine.net/oglasi-oddaja/koseze-urejeno-naselje-stanovanje_7322835/
7383803,KOSTRENA,Stanovanje,1-sobno,1.0,600.0,EUR,30.0,,,"30 m2, 1-sobno, oddamo. Cena: 600,00 EUR/mes",https://www.nepremicnine.net/oglasi-oddaja/kostrena-stanovanje_7383803/
7395277,KOSTRENA,Stanovanje,1-sobno,1.0,400.0,EUR,30.0,,,"30 m2, 1-sobno, oddamo. Cena: 400,00 EUR/mes",https://www.nepremicnine.net/oglasi-oddaja/kostrena-stanovanje_7395277/
7392923,KOSTRENA,Stanovanje,1-sobno,1.0,700.0,EUR,40.0,,,"40 m2, 1-sobno, oddamo. Cena: 700,00 EUR/mes",https://www.nepremicnine.net/oglasi-oddaja/kostrena-stanovanje_7392923/
7399483,KOSTRENA,Stanovanje,1-sobno,1.0,1000.0,EUR,50.0,,,"50 m2, 1-sobno, oddamo. Cena: 1.000,00 EUR/mes",https://www.nepremicnine.net/oglasi-oddaja/kostrena-stanovanje_7399483/
7385650,KOSTRENA,Stanovanje,2-sobno,2.0,1100.0,EUR,62.0,,,"62 m2, 2-sobno, oddamo. Cena: 1.100,00 EUR/mes",https://www.nepremicnine.net/oglasi-oddaja/kostrena-stanovanje_7385650/
7392245,KOSTRENA,Stanovanje,1-sobno,1.0,1100.0,EUR,62.0,,,"62 m2, 1-sobno, oddamo. Cena: 1.100,00 EUR/mes",https://www.nepremicnine.net/oglasi-oddaja/kostrena-stanovanje_7392245/
7394668,KOSTRENA,Stanovanje,2-sobno,2.0,1000.0,EUR,71.0,,,"71 m2, 2-sobno, oddamo. Cena: 1.000,00 EUR/mes",https://www.nepremicnine.net/oglasi-oddaja/kostrena-stanovanje_7394668/
7393847,KOSTRENA,Stanovanje,2-sobno,2.0,1100.0,EUR,76.0,,,"76 m2, 2-sobno, oddamo. Cena: 1.100,00 EUR/mes",https://www.nepremicnine.net/oglasi-oddaja/kostrena-stanovanje_7393847/
7275537,KOSTRENA,Stanovanje,3-sobno,3.0,1100.0,EUR,84.0,1989,,"84 m2, 3-sobno, zgrajeno l. 1989, oddamo. Cena: 1.100,00 EUR/mes",https://www.nepremicnine.net/oglasi-oddaja/kostrena-stanovanje_7275537/
7399312,KOSTRENA,Stanovanje,2-sobno,2.0,1200.0,EUR,85.0,,,"85 m2, 2-sobno, oddamo. Cena: 1.200,00 EUR/mes",https://www.nepremicnine.net/oglasi-oddaja/kostrena-stanovanje_7399312/
7383932,KOSTRENA,Stanovanje,1-sobno,1.0,900.0,EUR,90.0,,,"90 m2, 1-sobno, oddamo. Cena: 900,00 EUR/mes",https://www.nepremicnine.net/oglasi-oddaja/kostrena-stanovanje_7383932/
7408526,KOSTRENA,Stanovanje,2-sobno,2.0,1400.0,EUR,120.0,,,"120 m2, 2-sobno, oddamo. Cena: 1.400,00 EUR/mes",https://www.nepremicnine.net/oglasi-oddaja/kostrena-stanovanje_7408526/
7395289,KOSTRENA,Stanovanje,4-sobno,4.0,1600.0,EUR,120.0,,,"120 m2, 4-sobno, oddamo. Cena: 1.600,00 EUR/mes",https://www.nepremicnine.net/oglasi-oddaja/kostrena-stanovanje_7395289/
7394541,KOSTRENA,Stanovanje,2-sobno,2.0,1500.0,EUR,120.0,,,"120 m2, 2-sobno, oddamo. Cena: 1.500,00 EUR/mes",https://www.nepremicnine.net/oglasi-oddaja/kostrena-stanovanje_7394541/
7394065,KOSTRENA,Stanovanje,3-sobno,3.0,1500.0,EUR,122.0,,,"122 m2, 3-sobno, oddamo. Cena: 1.500,00 EUR/mes",https://www.nepremicnine.net/oglasi-oddaja/kostrena-stanovanje_7394065/
7394066,KOSTRENA,Stanovanje,3-sobno,3.0,1500.0,EUR,122.0,,,"122 m2, 3-sobno, oddamo. Cena: 1.500,00 EUR/mes",https://www.nepremicnine.net/oglasi-oddaja/kostrena-stanovanje_7394066/
7398856,KOSTRENA,Stanovanje,2-sobno,2.0,1800.0,EUR,134.0,2023,,"134 m2, 2-sobno, novogradnja - zgr. l. 2023, oddamo. Cena: 1.800,00 EUR/mes",https://www.nepremicnine.net/oglasi-oddaja/kostrena-stanovanje_7398856/
7398564,KOSTRENA,Stanovanje,2-sobno,2.0,1800.0,EUR,134.0,2023,,"134 m2, 2-sobno, novogradnja - zgr. l. 2023, oddamo. Cena: 1.800,00 EUR/mes",https://www.nepremicnine.net/oglasi-oddaja/kostrena-stanovanje_7398564/
7393144,"KOSTRENA, GLAVANI",Stanovanje,2-sobno,2.0,1850.0,EUR,85.0,,,"85 m2, 2-sobno, oddamo. Cena: 1.850,00 EUR/mes",https://www.nepremicnine.net/oglasi-oddaja/kostrena-glavani-stanovanje_7393144/
7392274,"KOSTRENA, GLAVANI",Stanovanje,3-sobno,3.0,2500.0,EUR,129.0,,,"129 m2, 3-sobno, oddamo. Cena: 2.500,00 EUR/mes",https://www.nepremicnine.net/oglasi-oddaja/kostrena-glavani-stanovanje_7392274/
7407784,"KOSTRENA, PAVEKI",Stanovanje,2-sobno,2.0,1500.0,EUR,100.0,,,"100 m2, 2-sobno, oddamo. Cena: 1.500,00 EUR/mes",https://www.nepremicnine.net/oglasi-oddaja/kostrena-paveki-stanovanje_7407784/
7321205,"KOSTRENA, SVETA LUCIJA",Stanovanje,2-sobno,2.0,1400.0,EUR,62.0,,,"62 m2, 2-sobno, oddamo. Cena: 1.400,00 EUR/mes",https://www.nepremicnine.net/oglasi-oddaja/kostrena-sveta-lucija-stanovanje_7321205/
7392292,"KOSTRENA, SVETA LUCIJA",Stanovanje,3-sobno,3.0,2200.0,EUR,145.0,,,"145 m2, 3-sobno, oddamo. Cena: 2.200,00 EUR/mes",https://www.nepremicnine.net/oglasi-oddaja/kostrena-sveta-lucija-stanovanje_7392292/
6785349,KOŠAKI,Stanovanje,"2,5-sobno",2.5,560.0,EUR,76.5,2017,1/2,"76,5 m2, 2,5-sobno, adaptirano l. 2017, 1/2 nad., Na začetku Košaškega dola oddam 2.sobno stanovanje v dvostanovanjski h...",https://www.nepremicnine.net/oglasi-oddaja/kosaki-stanovanje_6785349/
7277227,KOŠAKI,Stanovanje,4-sobno,4.0,2500.0,EUR,195.0,1995,2,"195 m2, 4-sobno, zgrajeno l. 1995, 2. nad., oddamo. Cena: 2.500,00 EUR/mes",https://www.nepremicnine.net/oglasi-oddaja/kosaki-stanovanje_7277227/
7360880,KOŠAKI,Stanovanje,Soba,,280.0,EUR,195.0,1995,2,"195 m2, soba, zgrajena l. 1995, 2. nad., oddamo. Cena: 280,00 EUR/mes",https://www.nepremicnine.net/oglasi-oddaja/kosaki-stanovanje_7360880/
7256851,KOZINA,Stanovanje,1-sobno,1.0,250.0,EUR,42.0,2008,P/1,"42 m2, 1-sobno, adaptirano l. 2008, adaptirano l. 2008, P/1 nad., Hiša, KOZINA, Apartma, 1 sobno stanovanje, adaptirano,...",https://www.nepremicnine.net/oglasi-oddaja/kozina-stanovanje_7256851/
7353192,KOZJE,Stanovanje,3-sobno,3.0,600.0,EUR,111.6,1992,1/1,"111,6 m2, 3-sobno, zgrajeno l. 1992, adaptirano l. 2022, 1/1 nad., oddamo. Cena: 600,00 EUR/mes",https://www.nepremicnine.net/oglasi-oddaja/kozje-stanovanje_7353192/
7396649,KRALJ ZVONIMIR,Stanovanje,1-sobno,1.0,1100.0,EUR,47.0,1960,,"47 m2, 1-sobno, zgrajeno l. 1960, oddamo. Cena: 1.100,00 EUR/mes",https://www.nepremicnine.net/oglasi-oddaja/kralj-zvonimir-stanovanje_7396649/
7405881,KRALJ ZVONIMIR,Stanovanje,2-sobno,2.0,1200.0,EUR,55.0,,,"55 m2, 2-sobno, oddamo. Cena: 1.200,00 EUR/mes",https://www.nepremicnine.net/oglasi-oddaja/kralj-zvonimir-stanovanje_7405881/
7342379,KRALJ ZVONIMIR,Stanovanje,2-sobno,2.0,1800.0,EUR,75.0,1960,,"75 m2, 2-sobno, zgrajeno l. 1960, oddamo. Cena: 1.800,00 EUR/mes",https://www.nepremicnine.net/oglasi-oddaja/kralj-zvonimir-stanovanje_7342379/
7269628,KRALJ ZVONIMIR,Stanovanje,2-sobno,2.0,1000.0,EUR,75.0,1930,,"75 m2, 2-sobno, zgrajeno l. 1930, oddamo. Cena: 1.000,00 EUR/mes",https://www.nepremicnine.net/oglasi-oddaja/kralj-zvonimir-stanovanje_7269628/
7345707,"KRALJ ZVONIMIR, CRVENOG KRIŽA",Stanovanje,1-sobno,1.0,1140.0,EUR,54.0,,,"54 m2, 1-sobno, oddamo. Cena: 1.140,00 EUR/mes",https://www.nepremicnine.net/oglasi-oddaja/kralj-zvonimir-crvenog-kriza-stanovanje_7345707/
7285851,"KRALJ ZVONIMIR, DONJI GRAD",Stanovanje,1-sobno,1.0,950.0,EUR,50.0,,,"50 m2, 1-sobno, oddamo. Cena: 950,00 EUR/mes",https://www.nepremicnine.net/oglasi-oddaja/kralj-zvonimir-donji-grad-stanovanje_7285851/
7384192,"KRALJ ZVONIMIR, TUŠKANOVA",Stanovanje,1-sobno,1.0,650.0,EUR,30.0,,,"30 m2, 1-sobno, oddamo. Cena: 650,00 EUR/mes",https://www.nepremicnine.net/oglasi-oddaja/kralj-zvonimir-tuskanova-stanovanje_7384192/
7016148,KRANJ,Stanovanje,Soba,,280.0,EUR,16.0,1976,1/2,"16 m2, soba, zgrajena l. 1976, 1/2 nad., oddamo. Cena: cca 280,00 EUR/mes",https://www.nepremicnine.net/oglasi-oddaja/kranj-stanovanje_7016148/
7302748,KRANJ,Stanovanje,Soba,,250.0,EUR,16.0,1960,,"16 m2, soba, zgrajena l. 1960, Soba se nahaja v enostanovanjski hiši in zajema souporabo kuhinje/jedilnice, stranišča, k...",https://www.nepremicnine.net/oglasi-oddaja/kranj-stanovanje_7302748/
6943433,KRANJ,Stanovanje,Soba,,220.0,EUR,16.0,1965,P,"16 m2, soba, zgrajena l. 1965, pritličje, Na območju Kranja oddamo sobo, oddamo. Cena: do 220,00 EUR/mes",https://www.nepremicnine.net/oglasi-oddaja/kranj-stanovanje_6943433/
7350045,KRANJ,Stanovanje,Soba,,280.0,EUR,20.0,1980,1,"20 m2, soba, dupleks, zgrajena l. 1980, adaptirana l. 2020, 20 m2 zemljišča, 1. nad., oddamo. Cena: cca 280,00 EUR/mes",https://www.nepremicnine.net/oglasi-oddaja/kranj-stanovanje_7350045/
7391913,KRANJ,Stanovanje,Soba,,300.0,EUR,25.0,2000,,"25 m2, soba, zgrajena l. 2000, oddamo. Cena: 300,00 EUR/mes",https://www.nepremicnine.net/oglasi-oddaja/kranj-stanovanje_7391913/
7395882,KRANJ,Stanovanje,Garsonjera,,450.0,EUR,27.5,1960,2/4,"27,5 m2, garsonjera, zgrajena l. 1960, adaptirana l. 2015, 2/4 nad., oddamo. Cena: 450,00 EUR/mes",https://www.nepremicnine.net/oglasi-oddaja/kranj-stanovanje_7395882/
7403150,KRANJ,Stanovanje,Garsonjera,,500.0,EUR,31.0,2000,P,"31 m2, garsonjera, zgrajena l. 2000, pritličje, oddamo. Cena: 500,00 EUR/mes",https://www.nepremicnine.net/oglasi-oddaja/kranj-stanovanje_7403150/
7413994,KRANJ,Stanovanje,2-sobno,2.0,1000.0,EUR,50.62,2026,4/5,"50,62 m2, 2-sobno, zgrajeno l. 2026, 4/5 nad., oddamo. Cena: 1.000,00 EUR/mes",https://www.nepremicnine.net/oglasi-oddaja/kranj-stanovanje_7413994/
7408329,KRANJ,Stanovanje,2-sobno,2.0,950.0,EUR,61.0,2026,3/5,"61 m2, 2-sobno, zgrajeno l. 2026, 3/5 nad., oddamo. Cena: 950,00 EUR/mes",https://www.nepremicnine.net/oglasi-oddaja/kranj-stanovanje_7408329/
7369865,KRANJ,Stanovanje,3-sobno,3.0,1300.0,EUR,65.0,2024,4/4,"65 m2, 3-sobno, zgrajeno l. 2024, 4/4 nad., oddamo. Cena: 1.300,00 EUR/mes",https://www.nepremicnine.net/oglasi-oddaja/kranj-stanovanje_7369865/
7334137,KRANJ,Stanovanje,3-sobno,3.0,1200.0,EUR,70.7,2026,1,"70,7 m2, 3-sobno, zgrajeno l. 2026, 1. nad., ekskluzivno 3-sobno stanovanje z velikim balkonom in pogledom, 2 parkirnima...",https://www.nepremicnine.net/oglasi-oddaja/kranj-stanovanje_7334137/
7395689,KRANJ,Stanovanje,3-sobno,3.0,1200.0,EUR,75.0,2018,,"75 m2, 3-sobno, adaptirano l. 2018, oddamo. Cena: 1.200,00 EUR/mes",https://www.nepremicnine.net/oglasi-oddaja/kranj-stanovanje_7395689/
7324987,KRANJ,Stanovanje,"2,5-sobno",2.5,1050.0,EUR,76.2,2007,,"76,2 m2, 2,5-sobno, zgrajeno l. 2007, Na odlični lokaciji v samem centru Kranja, na naslovu Nazorjeva ulica 3A, oddamo s...",https://www.nepremicnine.net/oglasi-oddaja/kranj-stanovanje_7324987/
7354073,KRANJ,Stanovanje,4-sobno,4.0,995.0,EUR,80.0,1990,1/3,"80 m2, 4-sobno, zgrajeno l. 1990, adaptirano l. 2025, 1/3 nad., oddamo. Cena: 995,00 EUR/mes",https://www.nepremicnine.net/oglasi-oddaja/kranj-stanovanje_7354073/
7405814,KRANJ,Stanovanje,4-sobno,4.0,1400.0,EUR,100.0,1993,2/3,"100 m2, 4-sobno, zgrajeno l. 1993, adaptirano l. 2017, 650 m2 zemljišča, 2/3 nad., oddamo. Cena: 1.400,00 EUR/mes",https://www.nepremicnine.net/oglasi-oddaja/kranj-stanovanje_7405814/
7370352,KRANJ,Stanovanje,3-sobno,3.0,1300.0,EUR,120.0,2025,3,"120 m2, 3-sobno, zgrajeno l. 2025, 3. nad., oddamo. Cena: 1.300,00 EUR/mes",https://www.nepremicnine.net/oglasi-oddaja/kranj-stanovanje_7370352/
7197669,KRANJ,Stanovanje,"2,5-sobno",2.5,280.0,EUR,130.0,1965,4/4,"130 m2, 2,5-sobno, zgrajeno l. 1965, adaptirano l. 2023, 4/4 nad., oddamo. Cena: do cca 280,00 EUR/mes",https://www.nepremicnine.net/oglasi-oddaja/kranj-stanovanje_7197669/
7400479,"KRANJ, CENTER",Stanovanje,2-sobno,2.0,499.0,EUR,30.0,1964,1/2,"30 m2, 2-sobno, zgrajeno l. 1964, 800 m2 zemljišča, 1/2 nad., oddamo. Cena: do cca 499,00 EUR/mes",https://www.nepremicnine.net/oglasi-oddaja/kranj-center-stanovanje_7400479/
6373872,"KRANJ, DRULOVKA",Stanovanje,5 in večsobno,,350.0,EUR,120.0,1980,P,"120 m2, 5 in večsobno, zgrajeno l. 1980, adaptirano l. 2024, pritličje, oddamo. Cena: 350,00 EUR/mes",https://www.nepremicnine.net/oglasi-oddaja/kranj-drulovka-stanovanje_6373872/
7370934,"KRANJ, KRANJSKA ISKRICA",Stanovanje,2-sobno,2.0,1050.0,EUR,51.0,2026,4/5,"51 m2, 2-sobno, zgrajeno l. 2026, 4/5 nad., Kranjska iskrica, stanovanje 2-sobno, razgled in širše parkirno mesto, dolgo...",https://www.nepremicnine.net/oglasi-oddaja/kranj-kranjska-iskrica-stanovanje_7370934/
7412950,"KRANJ, KRANJSKA ISKRICA",Stanovanje,2-sobno,2.0,1090.0,EUR,55.0,2026,4/5,"55 m2, 2-sobno, zgrajeno l. 2026, 4/5 nad., Kranjska Iskrica- novo, oddamo. Cena: 1.090,00 EUR/mes",https://www.nepremicnine.net/oglasi-oddaja/kranj-kranjska-iskrica-stanovanje_7412950/
7383132,"KRANJ, NAZORJEVA ULICA",Stanovanje,Garsonjera,,600.0,EUR,37.0,2007,2/4,"37 m2, garsonjera, zgrajena l. 2007, 2/4 nad., Stanovanje primerno za eno osebo ali par, v bližini centra mesta, avtobus...",https://www.nepremicnine.net/oglasi-oddaja/kranj-nazorjeva-ulica-stanovanje_7383132/
7413978,"KRANJ, PLANINA",Stanovanje,2-sobno,2.0,850.0,EUR,65.5,1974,11/12,"65,5 m2, 2-sobno, zgrajeno l. 1974, adaptirano l. 2025, 11/12 nad., Za daljše obdobje oddam opremljeno 2-sobno stanovanj...",https://www.nepremicnine.net/oglasi-oddaja/kranj-planina-stanovanje_7413978/
7410836,"KRANJ, PLANINA",Stanovanje,3-sobno,3.0,1150.0,EUR,85.0,1979,11/11,"85 m2, 3-sobno, zgrajeno l. 1979, adaptirano l. 2022, 11/11 nad., 3-sobno stanovanje 85 m2, kranj, najvišje nadstropje, ...",https://www.nepremicnine.net/oglasi-oddaja/kranj-planina-stanovanje_7410836/
7389233,"KRANJ, PLANINA 1",Stanovanje,1-sobno,1.0,700.0,EUR,40.0,1978,4/10,"40 m2, 1-sobno, zgrajeno l. 1978, adaptirano l. 2025, 4/10 nad., oddamo malo 1 sobno stanovanje na planini 1, oddamo. Ce...",https://www.nepremicnine.net/oglasi-oddaja/kranj-planina-1-stanovanje_7389233/
7395253,"KRANJ, PLANINA 2",Stanovanje,Garsonjera,,500.0,EUR,30.0,1978,2/4,"30 m2, garsonjera, zgrajena l. 1978, adaptirana l. 2020, 2/4 nad., oddamo. Cena: 500,00 EUR/mes",https://www.nepremicnine.net/oglasi-oddaja/kranj-planina-2-stanovanje_7395253/
7392134,"KRANJ, SAVSKA CESTA",Stanovanje,Garsonjera,,620.0,EUR,30.0,2026,4/5,"30 m2, garsonjera, adaptirana l. 2026, 4/5 nad., KRANJ, 30 m2, garsonjera, zgrajena l. 1962, adaptirana l. 2026, 4.nad.,...",https://www.nepremicnine.net/oglasi-oddaja/kranj-savska-cesta-stanovanje_7392134/
7389230,"KRANJ, SLOVENIJA",Stanovanje,4-sobno,4.0,950.0,EUR,112.6,1995,P/2,"112,6 m2, 4-sobno, zgrajeno l. 1995, adaptirano l. 2026, 600 m2 zemljišča, P/2 nad., Stanovanje v hiši, oddamo. Cena: 95...",https://www.nepremicnine.net/oglasi-oddaja/kranj-slovenija-stanovanje_7389230/
6932598,"KRANJ, STRAŽIŠČE",Stanovanje,Soba,,300.0,EUR,30.0,2024,K+P+1/2,"30 m2, soba, adaptirana l. 2024, K+P+1/2 nad., oddamo. Cena: cca 300,00 EUR/mes",https://www.nepremicnine.net/oglasi-oddaja/kranj-strazisce-stanovanje_6932598/
7408428,"KRANJ, TOP LOKACIJA, OB SUPERNOVI",Stanovanje,2-sobno,2.0,850.0,EUR,63.0,2009,3/4,"63 m2, 2-sobno, zgrajeno l. 2009, 3/4 nad., oddamo. Cena: cca 850,00 EUR/mes",https://www.nepremicnine.net/oglasi-oddaja/kranj-top-lokacija-ob-supernovi-stanovanje_7408428/
7360978,"KRANJ, ZLATO POLJE",Stanovanje,Garsonjera,,700.0,EUR,30.0,1954,VP/1,"30 m2, garsonjera, zgrajena l. 1954, adaptirana l. 2026, VP/1 nad., V dolgoročni najem oddamo obnovljeno in opremljeno m...",https://www.nepremicnine.net/oglasi-oddaja/kranj-zlato-polje-stanovanje_7360978/
7107494,"KRANJ, ZLATO POLJE",Stanovanje,3-sobno,3.0,1300.0,EUR,74.0,2026,2/4,"74 m2, 3-sobno, novogradnja - zgr. l. 2026, 2/4 nad., oddamo. Cena: 1.300,00 EUR/mes",https://www.nepremicnine.net/oglasi-oddaja/kranj-zlato-polje-stanovanje_7107494/
7412885,"KRANJ, ZOISOVA ULICA",Stanovanje,2-sobno,2.0,830.0,EUR,54.0,1968,9/9,"54 m2, 2-sobno, zgrajeno l. 1968, adaptirano l. 2018, 9/9 nad., oddamo. Cena: 830,00 EUR/mes",https://www.nepremicnine.net/oglasi-oddaja/kranj-zoisova-ulica-stanovanje_7412885/
7202877,"KRANJ, ŽITNA ULICA 1B",Stanovanje,3-sobno,3.0,1250.0,EUR,72.3,2025,3/4,"72,3 m2, 3-sobno, zgrajeno l. 2025, 3/4 nad., Popolnoma opremljeno, novo stanovanje na Zlatem Polju pri Kranju v tretjem...",https://www.nepremicnine.net/oglasi-oddaja/kranj-zitna-ulica-1b-stanovanje_7202877/
7385622,KRANJSKA GORA,Stanovanje,Garsonjera,,800.0,EUR,33.0,2019,4/5,"33 m2, garsonjera, adaptirana l. 2019, 4/5 nad., oddam čudovito stanovanje z odprtim pogledom na špika-kranjska gora, dv...",https://www.nepremicnine.net/oglasi-oddaja/kranjska-gora-stanovanje_7385622/
6422251,KRANJSKA GORA,Stanovanje,Apartma,,1150.0,EUR,36.6,2021,M,"36,6 m2, apartma, adaptiran l. 2021, mansarda, KRANJSKA GORA, Naselje Slavka Černeta, 36,60 m2, apartma v novo adaptiran...",https://www.nepremicnine.net/oglasi-oddaja/kranjska-gora-stanovanje_6422251/
7409620,KRANJSKA GORA,Stanovanje,"1,5-sobno",1.5,1000.0,EUR,49.0,2000,2/2,"49 m2, 1,5-sobno, zgrajeno l. 2000, 2/2 nad., oddamo. Cena: 1.000,00 EUR/mes",https://www.nepremicnine.net/oglasi-oddaja/kranjska-gora-stanovanje_7409620/
6422256,KRANJSKA GORA,Stanovanje,Apartma,,2250.0,EUR,91.56,2021,P,"91,56 m2, apartma, adaptiran l. 2021, 100 m2 zemljišča, pritličje, KRANJSKA GORA, CENTER, 91,56 m2, apartma v novo adapt...",https://www.nepremicnine.net/oglasi-oddaja/kranjska-gora-stanovanje_6422256/
7000197,KRANJSKA GORA,Stanovanje,"3,5-sobno",3.5,2000.0,EUR,135.0,2013,2/2,"135 m2, 3,5-sobno, ""penthouse"", zgrajeno l. 2013, 2/2 nad., alpska poezija v obliki prostora, oddamo. Cena: 2....",https://www.nepremicnine.net/oglasi-oddaja/kranjska-gora-stanovanje_7000197/
7307464,KRANJSKA GORA,Stanovanje,3-sobno,3.0,1500.0,EUR,156.5,2004,VP,"156,5 m2, 3-sobno, zgrajeno l. 2004, visoko pritličje, oddamo. Cena: 1.500,00 EUR/mes",https://www.nepremicnine.net/oglasi-oddaja/kranjska-gora-stanovanje_7307464/
7376949,"KRANJSKA GORA, CENTER KRANJSKE GORE",Stanovanje,Garsonjera,,690.0,EUR,30.0,1990,2/2,"30 m2, garsonjera, zgrajena l. 1990, adaptirana l. 2024, 2/2 nad., oddamo. Cena: 690,00 EUR/mes",https://www.nepremicnine.net/oglasi-oddaja/kranjska-gora-center-kranjske-gore-stanovanje_7376949/
7388394,KRIŽ,Stanovanje,"2,5-sobno",2.5,300.0,EUR,85.0,2005,PK/1,"85 m2, 2,5-sobno, zgrajeno l. 2005, PK/1 nad., Oddamo opremljeno stanovanje na Križu pri Komendi. Primerno za delavce. S...",https://www.nepremicnine.net/oglasi-oddaja/kriz-stanovanje_7388394/
7368267,KRIŽ,Stanovanje,Soba,,1300.0,EUR,114.0,2002,1/2,"114 m2, soba, zgrajena l. 2002, adaptirana l. 2010, 1/2 nad., oddamo. Cena: 1.300,00 EUR/mes",https://www.nepremicnine.net/oglasi-oddaja/kriz-stanovanje_7368267/
7375641,KRIŽ,Stanovanje,Soba,,325.0,EUR,114.21,2002,1/2,"114,21 m2, soba, zgrajena l. 2002, adaptirana l. 2010, 1/2 nad., oddamo. Cena: 325,00 EUR/mes",https://www.nepremicnine.net/oglasi-oddaja/kriz-stanovanje_7375641/
7019777,"KRIŽ, MIRNA LOKACIJA V CENTRU VASI",Stanovanje,"3,5-sobno",3.5,2000.0,EUR,140.0,2000,PK/2,"140 m2, 3,5-sobno, zgrajeno l. 2000, PK/2 nad., Oddamo pritlično stanovanje v hiši. Prirejeno je za bivanje delavcev. Ob...",https://www.nepremicnine.net/oglasi-oddaja/kriz-mirna-lokacija-v-centru-vasi-stanovanje_7019777/
7286452,KRK - CENTER,Stanovanje,1-sobno,1.0,800.0,EUR,40.0,,,"40 m2, 1-sobno, oddamo. Cena: 800,00 EUR/mes",https://www.nepremicnine.net/oglasi-oddaja/krk-center-stanovanje_7286452/
7313130,KRK - CENTER,Stanovanje,1-sobno,1.0,850.0,EUR,55.0,,,"55 m2, 1-sobno, oddamo. Cena: 850,00 EUR/mes",https://www.nepremicnine.net/oglasi-oddaja/krk-center-stanovanje_7313130/
7318079,KRK - CENTER,Stanovanje,2-sobno,2.0,1300.0,EUR,80.0,,,"80 m2, 2-sobno, oddamo. Cena: 1.300,00 EUR/mes",https://www.nepremicnine.net/oglasi-oddaja/krk-center-stanovanje_7318079/
7284412,KRK - CENTER,Stanovanje,2-sobno,2.0,1150.0,EUR,85.0,,,"85 m2, 2-sobno, oddamo. Cena: 1.150,00 EUR/mes",https://www.nepremicnine.net/oglasi-oddaja/krk-center-stanovanje_7284412/
7284777,KRK - CENTER,Stanovanje,3-sobno,3.0,1300.0,EUR,120.0,,,"120 m2, 3-sobno, oddamo. Cena: 1.300,00 EUR/mes",https://www.nepremicnine.net/oglasi-oddaja/krk-center-stanovanje_7284777/
7406629,KROMBERK,Stanovanje,2-sobno,2.0,600.0,EUR,49.4,2000,2/2,"49,4 m2, 2-sobno, zgrajeno l. 2000, 2/2 nad., opremljeno dvosobno stanovanje, oddamo. Cena: 600,00 EUR/mes",https://www.nepremicnine.net/oglasi-oddaja/kromberk-stanovanje_7406629/
7397730,KROMBERK,Stanovanje,3-sobno,3.0,700.0,EUR,54.0,2001,1/2,"54 m2, 3-sobno, zgrajeno l. 2001, 1/2 nad., oddamo. Cena: 700,00 EUR/mes",https://www.nepremicnine.net/oglasi-oddaja/kromberk-stanovanje_7397730/
7400470,"KRŠKO, SLOVENIJA, NARPEL",Stanovanje,2-sobno,2.0,700.0,EUR,100.0,2018,M,"100 m2, 2-sobno, zgrajeno l. 2018, mansarda, Oddam celotno mansardo, novo opremljeno, mirna okolica, oddamo. Cena: cca 7...",https://www.nepremicnine.net/oglasi-oddaja/krsko-slovenija-narpel-stanovanje_7400470/
7283135,KRUŠEVO,Stanovanje,1-sobno,1.0,1350.0,EUR,56.0,,,"56 m2, 1-sobno, oddamo. Cena: 1.350,00 EUR/mes",https://www.nepremicnine.net/oglasi-oddaja/krusevo-stanovanje_7283135/
7361823,KRUŠEVO,Stanovanje,2-sobno,2.0,800.0,EUR,90.0,,,"90 m2, 2-sobno, oddamo. Cena: 800,00 EUR/mes",https://www.nepremicnine.net/oglasi-oddaja/krusevo-stanovanje_7361823/
7394848,KUSTOSIJA - CENTER,Stanovanje,2-sobno,2.0,1000.0,EUR,86.0,,,"86 m2, 2-sobno, oddamo. Cena: 1.000,00 EUR/mes",https://www.nepremicnine.net/oglasi-oddaja/kustosija-center-stanovanje_7394848/
7268867,KUSTOSIJA - CENTER,Stanovanje,1-sobno,1.0,1200.0,EUR,97.0,1920,,"97 m2, 1-sobno, zgrajeno l. 1920, oddamo. Cena: 1.200,00 EUR/mes",https://www.nepremicnine.net/oglasi-oddaja/kustosija-center-stanovanje_7268867/
7365076,"KUSTOSIJA - CENTER, CANKAREVA",Stanovanje,3-sobno,3.0,2200.0,EUR,123.0,,,"123 m2, 3-sobno, oddamo. Cena: 2.200,00 EUR/mes",https://www.nepremicnine.net/oglasi-oddaja/kustosija-center-cankareva-stanovanje_7365076/
7383094,"KUSTOSIJA - CENTER, ČRNOMEREC",Stanovanje,1-sobno,1.0,1000.0,EUR,46.0,,,"46 m2, 1-sobno, oddamo. Cena: 1.000,00 EUR/mes",https://www.nepremicnine.net/oglasi-oddaja/kustosija-center-crnomerec-stanovanje_7383094/
7368108,"KUSTOSIJA - CENTER, ČRNOMEREC",Stanovanje,1-sobno,1.0,850.0,EUR,60.0,,,"60 m2, 1-sobno, oddamo. Cena: 850,00 EUR/mes",https://www.nepremicnine.net/oglasi-oddaja/kustosija-center-crnomerec-stanovanje_7368108/
7372394,"KUSTOSIJA - CENTER, ČRNOMEREC",Stanovanje,2-sobno,2.0,850.0,EUR,70.0,,,"70 m2, 2-sobno, oddamo. Cena: 850,00 EUR/mes",https://www.nepremicnine.net/oglasi-oddaja/kustosija-center-crnomerec-stanovanje_7372394/
7391063,"KUSTOSIJA - CENTER, ČRNOMEREC",Stanovanje,2-sobno,2.0,1950.0,EUR,82.0,,,"82 m2, 2-sobno, oddamo. Cena: 1.950,00 EUR/mes",https://www.nepremicnine.net/oglasi-oddaja/kustosija-center-crnomerec-stanovanje_7391063/
7372353,"KUSTOSIJA - CENTER, DONJI GRAD",Stanovanje,1-sobno,1.0,720.0,EUR,39.0,,,"39 m2, 1-sobno, oddamo. Cena: 720,00 EUR/mes",https://www.nepremicnine.net/oglasi-oddaja/kustosija-center-donji-grad-stanovanje_7372353/
7348299,"KUSTOSIJA - CENTER, GRAHOROVA",Stanovanje,3-sobno,3.0,2300.0,EUR,142.0,,,"142 m2, 3-sobno, oddamo. Cena: 2.300,00 EUR/mes",https://www.nepremicnine.net/oglasi-oddaja/kustosija-center-grahorova-stanovanje_7348299/
6686496,"KUSTOSIJA - CENTER, ILICA",Stanovanje,1-sobno,1.0,1200.0,EUR,130.0,,,"130 m2, 1-sobno, oddamo. Cena: 1.200,00 EUR/mes",https://www.nepremicnine.net/oglasi-oddaja/kustosija-center-ilica-stanovanje_6686496/
7396481,"KUSTOSIJA - CENTER, TRG FRAJE TUĐMANA",Stanovanje,1-sobno,1.0,1900.0,EUR,61.0,,,"61 m2, 1-sobno, oddamo. Cena: 1.900,00 EUR/mes",https://www.nepremicnine.net/oglasi-oddaja/kustosija-center-trg-fraje-tudmana-stanovanje_7396481/
7071794,"KUSTOSIJA - CENTER, TRG FRANCUSKE REPUBLIKE",Stanovanje,2-sobno,2.0,1900.0,EUR,103.0,,,"103 m2, 2-sobno, oddamo. Cena: 1.900,00 EUR/mes",https://www.nepremicnine.net/oglasi-oddaja/kustosija-center-trg-francuske-republike-stanovanje_7071794/
7286562,"KUSTOSIJA - CENTER, TRG FRANCUSKE REPUBLIKE",Stanovanje,4-sobno,4.0,3300.0,EUR,170.0,,,"170 m2, 4-sobno, ""penthouse"", oddamo. Cena: 3.300,00 EUR/mes",https://www.nepremicnine.net/oglasi-oddaja/kustosija-center-trg-francuske-republike-stanovanje_7286562/
7404035,LABIN,Stanovanje,2-sobno,2.0,1000.0,EUR,77.0,,,"77 m2, 2-sobno, oddamo. Cena: 1.000,00 EUR/mes",https://www.nepremicnine.net/oglasi-oddaja/labin-stanovanje_7404035/
7339332,LANISTE - REMETINEC,Stanovanje,1-sobno,1.0,1000.0,EUR,50.0,2025,,"50 m2, 1-sobno, novogradnja - zgr. l. 2025, oddamo. Cena: 1.000,00 EUR/mes",https://www.nepremicnine.net/oglasi-oddaja/laniste-remetinec-stanovanje_7339332/
7389826,LANISTE - REMETINEC,Stanovanje,2-sobno,2.0,900.0,EUR,55.0,,,"55 m2, 2-sobno, oddamo. Cena: 900,00 EUR/mes",https://www.nepremicnine.net/oglasi-oddaja/laniste-remetinec-stanovanje_7389826/
7372283,LANISTE - REMETINEC,Stanovanje,1-sobno,1.0,1000.0,EUR,61.0,,,"61 m2, 1-sobno, oddamo. Cena: 1.000,00 EUR/mes",https://www.nepremicnine.net/oglasi-oddaja/laniste-remetinec-stanovanje_7372283/
7406932,LANISTE - REMETINEC,Stanovanje,2-sobno,2.0,1000.0,EUR,65.0,2006,,"65 m2, 2-sobno, zgrajeno l. 2006, oddamo. Cena: 1.000,00 EUR/mes",https://www.nepremicnine.net/oglasi-oddaja/laniste-remetinec-stanovanje_7406932/
7284211,"LANISTE - REMETINEC, JARUŠČICA",Stanovanje,1-sobno,1.0,750.0,EUR,40.0,,,"40 m2, 1-sobno, oddamo. Cena: 750,00 EUR/mes",https://www.nepremicnine.net/oglasi-oddaja/laniste-remetinec-jaruscica-stanovanje_7284211/
7410881,"LANISTE - REMETINEC, LANIŠTE, NOVI ZAGREB - ZAPAD",Stanovanje,3-sobno,3.0,1100.0,EUR,83.0,,,"83 m2, 3-sobno, oddamo. Cena: 1.100,00 EUR/mes",https://www.nepremicnine.net/oglasi-oddaja/laniste-remetinec-laniste-novi-zagreb-zapad-stanovanje_7410881/
7407503,"LANIŠČE, CENTER ŠKOFLJICE",Stanovanje,1-sobno,1.0,600.0,EUR,44.0,1979,P/VP,"44 m2, 1-sobno, zgrajeno l. 1979, adaptirano l. 2024, P/VP, oddamo. Cena: cca 600,00 EUR/mes",https://www.nepremicnine.net/oglasi-oddaja/lanisce-center-skofljice-stanovanje_7407503/
7362978,LAŠČINSKA CESTA,Stanovanje,2-sobno,2.0,1350.0,EUR,80.0,,,"80 m2, 2-sobno, oddamo. Cena: 1.350,00 EUR/mes",https://www.nepremicnine.net/oglasi-oddaja/lascinska-cesta-stanovanje_7362978/
7370507,LAŠČINSKA CESTA,Stanovanje,2-sobno,2.0,2000.0,EUR,81.0,2024,,"81 m2, 2-sobno, novogradnja - zgr. l. 2024, oddamo. Cena: 2.000,00 EUR/mes",https://www.nepremicnine.net/oglasi-oddaja/lascinska-cesta-stanovanje_7370507/
7242282,LAŠČINSKA CESTA,Stanovanje,3-sobno,3.0,2300.0,EUR,127.0,,,"127 m2, 3-sobno, oddamo. Cena: 2.300,00 EUR/mes",https://www.nepremicnine.net/oglasi-oddaja/lascinska-cesta-stanovanje_7242282/
7356387,"LAŠČINSKA CESTA, DUGI DOL",Stanovanje,3-sobno,3.0,1400.0,EUR,95.0,,,"95 m2, 3-sobno, oddamo. Cena: 1.400,00 EUR/mes",https://www.nepremicnine.net/oglasi-oddaja/lascinska-cesta-dugi-dol-stanovanje_7356387/
7294853,"LAŠČINSKA CESTA, KLANJČIĆ",Stanovanje,4-sobno,4.0,1800.0,EUR,160.0,,,"160 m2, 4-sobno, oddamo. Cena: 1.800,00 EUR/mes",https://www.nepremicnine.net/oglasi-oddaja/lascinska-cesta-klanjcic-stanovanje_7294853/
7400440,"LAŠČINSKA CESTA, LAŠĆINA",Stanovanje,3-sobno,3.0,2500.0,EUR,130.0,,,"130 m2, 3-sobno, oddamo. Cena: 2.500,00 EUR/mes",https://www.nepremicnine.net/oglasi-oddaja/lascinska-cesta-lascina-stanovanje_7400440/
7282497,"LAŠČINSKA CESTA, LAŠĆINSKA",Stanovanje,3-sobno,3.0,1600.0,EUR,143.0,,,"143 m2, 3-sobno, oddamo. Cena: 1.600,00 EUR/mes",https://www.nepremicnine.net/oglasi-oddaja/lascinska-cesta-lascinska-stanovanje_7282497/
7284797,"LAŠČINSKA CESTA, LAŠĆINSKA",Stanovanje,3-sobno,3.0,2600.0,EUR,150.0,,,"150 m2, 3-sobno, ""penthouse"", oddamo. Cena: 2.600,00 EUR/mes",https://www.nepremicnine.net/oglasi-oddaja/lascinska-cesta-lascinska-stanovanje_7284797/
7335880,"LAŠČINSKA CESTA, LAŠĆINSKA",Stanovanje,3-sobno,3.0,2000.0,EUR,160.0,,,"160 m2, 3-sobno, oddamo. Cena: 2.000,00 EUR/mes",https://www.nepremicnine.net/oglasi-oddaja/lascinska-cesta-lascinska-stanovanje_7335880/
7370405,"LAŠČINSKA CESTA, MAKSIMIR",Stanovanje,1-sobno,1.0,750.0,EUR,60.0,,,"60 m2, 1-sobno, oddamo. Cena: 750,00 EUR/mes",https://www.nepremicnine.net/oglasi-oddaja/lascinska-cesta-maksimir-stanovanje_7370405/
7358474,"LAŠČINSKA CESTA, PETROVA",Stanovanje,4-sobno,4.0,3900.0,EUR,150.0,,,"150 m2, 4-sobno, oddamo. Cena: 3.900,00 EUR/mes",https://www.nepremicnine.net/oglasi-oddaja/lascinska-cesta-petrova-stanovanje_7358474/
7358462,"LAŠČINSKA CESTA, PETROVA",Stanovanje,4-sobno,4.0,3900.0,EUR,170.0,,,"170 m2, 4-sobno, oddamo. Cena: 3.900,00 EUR/mes",https://www.nepremicnine.net/oglasi-oddaja/lascinska-cesta-petrova-stanovanje_7358462/
7376917,"LAŠČINSKA CESTA, SREBRNJAK",Stanovanje,2-sobno,2.0,1500.0,EUR,85.0,,,"85 m2, 2-sobno, oddamo. Cena: 1.500,00 EUR/mes",https://www.nepremicnine.net/oglasi-oddaja/lascinska-cesta-srebrnjak-stanovanje_7376917/
7335976,"LAŠČINSKA CESTA, SREBRNJAK",Stanovanje,2-sobno,2.0,2500.0,EUR,116.0,,,"116 m2, 2-sobno, ""penthouse"", oddamo. Cena: 2.500,00 EUR/mes",https://www.nepremicnine.net/oglasi-oddaja/lascinska-cesta-srebrnjak-stanovanje_7335976/
7282219,"LAŠČINSKA CESTA, SREBRNJAK",Stanovanje,3-sobno,3.0,2500.0,EUR,157.0,,,"157 m2, 3-sobno, oddamo. Cena: 2.500,00 EUR/mes",https://www.nepremicnine.net/oglasi-oddaja/lascinska-cesta-srebrnjak-stanovanje_7282219/
7127202,"LAŠČINSKA CESTA, ŠTAMPAROVA",Stanovanje,3-sobno,3.0,2300.0,EUR,140.0,,,"140 m2, 3-sobno, oddamo. Cena: 2.300,00 EUR/mes",https://www.nepremicnine.net/oglasi-oddaja/lascinska-cesta-stamparova-stanovanje_7127202/
7394618,LAŠKO,Stanovanje,3-sobno,3.0,850.0,EUR,78.0,1990,1/2,"78 m2, 3-sobno, zgrajeno l. 1990, adaptirano l. 2010, 1/2 nad., oddamo. Cena: 850,00 EUR/mes",https://www.nepremicnine.net/oglasi-oddaja/lasko-stanovanje_7394618/
7409023,"LAŠKO, CENTER MESTA",Stanovanje,3-sobno,3.0,550.0,EUR,90.0,1940,1/2,"90 m2, 3-sobno, zgrajeno l. 1940, adaptirano l. 2022, 1/2 nad., oddamo. Cena: cca 550,00 EUR/mes",https://www.nepremicnine.net/oglasi-oddaja/lasko-center-mesta-stanovanje_7409023/
7107309,"LAŠKO, LASKO CENTER",Stanovanje,"1,5-sobno",1.5,470.0,EUR,58.0,1965,P/P,"58 m2, 1,5-sobno, zgrajeno l. 1965, adaptirano l. 2023, 750 m2 zemljišča, P/P, oddamo. Cena: cca 470,00 EUR/mes",https://www.nepremicnine.net/oglasi-oddaja/lasko-lasko-center-stanovanje_7107309/
7407420,LAVRICA,Stanovanje,"1,5-sobno",1.5,850.0,EUR,45.0,1999,1/2,"45 m2, 1,5-sobno, zgrajeno l. 1999, 1/2 nad., na Kamnikarjevi ulici, opremljeno, optika, pokrito parkirišče, balkon, bli...",https://www.nepremicnine.net/oglasi-oddaja/lavrica-stanovanje_7407420/
7410799,LAVRICA,Stanovanje,"1,5-sobno",1.5,1000.0,EUR,50.0,2024,2/2,"50 m2, 1,5-sobno, zgrajeno l. 2024, 2/2 nad., oddamo. Cena: 1.000,00 EUR/mes",https://www.nepremicnine.net/oglasi-oddaja/lavrica-stanovanje_7410799/
7096985,LAVRICA,Stanovanje,3-sobno,3.0,3000.0,EUR,90.0,1852,P/1,"90 m2, 3-sobno, zgrajeno l. 1852, adaptirano l. 2025, P/1 nad., oddamo. Cena: 3.000,00 EUR/mes",https://www.nepremicnine.net/oglasi-oddaja/lavrica-stanovanje_7096985/
7096986,LAVRICA,Stanovanje,Soba,,300.0,EUR,90.0,1852,P/1,"90 m2, soba, zgrajena l. 1852, adaptirana l. 2025, P/1 nad., oddamo. Cena: 300,00 EUR/mes",https://www.nepremicnine.net/oglasi-oddaja/lavrica-stanovanje_7096986/
7412857,LAZE,Stanovanje,2-sobno,2.0,400.0,EUR,42.0,1964,P,"42 m2, 2-sobno, zgrajeno l. 1964, pritličje, oddamo. Cena: 400,00 EUR/mes",https://www.nepremicnine.net/oglasi-oddaja/laze-stanovanje_7412857/
7093675,LENART V SLOVENSKIH GORICAH,Stanovanje,1-sobno,1.0,450.0,EUR,45.74,1978,4/5,"45,74 m2, 1-sobno, zgrajeno l. 1978, adaptirano l. 2025, 4/5 nad., oddamo. Cena: 450,00 EUR/mes",https://www.nepremicnine.net/oglasi-oddaja/lenart-v-slovenskih-goricah-stanovanje_7093675/
7414737,"LENART V SLOVENSKIH GORICAH, PRI DOMU UPOKOJENCEV",Stanovanje,3-sobno,3.0,600.0,EUR,82.0,2012,2/4,"82 m2, 3-sobno, zgrajeno l. 2012, 2/4 nad., oddamo. Cena: 600,00 EUR/mes",https://www.nepremicnine.net/oglasi-oddaja/lenart-v-slovenskih-goricah-pri-domu-upokojencev-stanovanje_7414737/
7218783,"LENDAVA, MLINSKA",Stanovanje,"4,5-sobno",4.5,8.0,EUR,215.0,1995,P/2,"215 m2, 4,5-sobno, zgrajeno l. 1995, 509 m2 zemljišča, P/2 nad., za daljše obdobje oddamo opremljene prostore kot poslov...",https://www.nepremicnine.net/oglasi-oddaja/lendava-mlinska-stanovanje_7218783/
7410310,LENDAVSKE GORICE,Stanovanje,1-sobno,1.0,500.0,EUR,30.0,1975,1,"30 m2, 1-sobno, zgrajeno l. 1975, adaptirano l. 2026, 1. nad., oddamo. Cena: 500,00 EUR/mes",https://www.nepremicnine.net/oglasi-oddaja/lendavske-gorice-stanovanje_7410310/
7408374,LESCE,Stanovanje,1-sobno,1.0,650.0,EUR,44.0,2008,P/4,"44 m2, 1-sobno, zgrajeno l. 2008, adaptirano l. 2022, P/4 nad., oddamo. Cena: 650,00 EUR/mes",https://www.nepremicnine.net/oglasi-oddaja/lesce-stanovanje_7408374/
7411196,LESCE,Stanovanje,3-sobno,3.0,850.0,EUR,68.6,1979,VP/3,"68,6 m2, 3-sobno, v stavbi zgrajeni l. 1979, adaptirano l. 2021, VP/3 nad., oddamo. Cena: 850,00 EUR/mes",https://www.nepremicnine.net/oglasi-oddaja/lesce-stanovanje_7411196/
6531255,LESKOVEC PRI KRŠKEM,Stanovanje,4-sobno,4.0,200.0,EUR,140.0,2019,,"140 m2, 4-sobno, adaptirano l. 2019, pritličje, 4 sobe, vsaka cca. 20 m2. Oddamo stanovanje, sobe primerne za delavce, v...",https://www.nepremicnine.net/oglasi-oddaja/leskovec-pri-krskem-stanovanje_6531255/
7337876,"LIČ, FUŽINE",Stanovanje,3-sobno,3.0,300.0,EUR,75.0,,,"75 m2, 3-sobno, oddamo. Cena: 300,00 EUR/mes",https://www.nepremicnine.net/oglasi-oddaja/lic-fuzine-stanovanje_7337876/
6813377,LITIJA,Stanovanje,Soba,,300.0,EUR,10.0,2020,2/2,"10 m2, soba, adaptirana l. 2020, 2/2 nad., enoposteljna soba v centru litije, oddamo. Cena: 300,00 EUR/mes",https://www.nepremicnine.net/oglasi-oddaja/litija-stanovanje_6813377/
7410832,LITIJA,Stanovanje,1-sobno,1.0,400.0,EUR,32.0,1990,2/3,"32 m2, 1-sobno, zgrajeno l. 1990, adaptirano l. 2011, 2/3 nad., Oddam 1-sobno stanovanje v Litiji - 2,8 km do železniške...",https://www.nepremicnine.net/oglasi-oddaja/litija-stanovanje_7410832/
7383229,LITIJA,Stanovanje,2-sobno,2.0,650.0,EUR,51.67,1986,2/5,"51,67 m2, 2-sobno, zgrajeno l. 1986, 2/5 nad., oddamo. Cena: 650,00 EUR/mes",https://www.nepremicnine.net/oglasi-oddaja/litija-stanovanje_7383229/
7398232,LITOSTROJ,Stanovanje,3-sobno,3.0,1200.0,EUR,68.0,1954,2/4,"68 m2, 3-sobno, zgrajeno l. 1954, adaptirano l. 2023, 2/4 nad., prostorno, lepo opremljeno stanovanje z balkonom, parkir...",https://www.nepremicnine.net/oglasi-oddaja/litostroj-stanovanje_7398232/
7254838,LIŽNJAN,Stanovanje,3-sobno,3.0,990.0,EUR,67.12,2021,1/1,"67,12 m2, 3-sobno, zgrajeno l. 2021, 1/1 nad., oddamo. Cena: 990,00 EUR/mes",https://www.nepremicnine.net/oglasi-oddaja/liznjan-stanovanje_7254838/
7197542,LIŽNJAN,Stanovanje,2-sobno,2.0,1000.0,EUR,69.0,,,"69 m2, 2-sobno, oddamo. Cena: 1.000,00 EUR/mes",https://www.nepremicnine.net/oglasi-oddaja/liznjan-stanovanje_7197542/
7263210,LIŽNJAN,Stanovanje,3-sobno,3.0,1500.0,EUR,90.0,2022,2/3,"90 m2, 3-sobno, zgrajeno l. 2022, 2/3 nad., oddamo. Cena: 1.500,00 EUR/mes",https://www.nepremicnine.net/oglasi-oddaja/liznjan-stanovanje_7263210/
7410857,LJ. BEŽIGRAD,Stanovanje,Soba,,230.0,EUR,8.0,1985,3/5,"8 m2, soba, zgrajena l. 1985, adaptirana l. 2012, 3/5 nad., Soba v kraju Bežigrad, 8 m2 (oddaja), oddamo. Cena: 230,00 E...",https://www.nepremicnine.net/oglasi-oddaja/lj-bezigrad-stanovanje_7410857/
7375660,LJ. BEŽIGRAD,Stanovanje,Soba,,360.0,EUR,9.23,1975,1,"9,23 m2, soba, zgrajena l. 1975, adaptirana l. 2023, 1. nad., oddamo. Cena: 360,00 EUR/mes",https://www.nepremicnine.net/oglasi-oddaja/lj-bezigrad-stanovanje_7375660/
7360021,LJ. BEŽIGRAD,Stanovanje,Soba,,400.0,EUR,9.23,1975,1,"9,23 m2, soba, zgrajena l. 1975, adaptirana l. 2023, 1. nad., oddamo. Cena: 400,00 EUR/mes",https://www.nepremicnine.net/oglasi-oddaja/lj-bezigrad-stanovanje_7360021/
7360046,LJ. BEŽIGRAD,Stanovanje,Soba,,450.0,EUR,9.3,1975,1,"9,3 m2, soba, zgrajena l. 1975, adaptirana l. 2023, 1. nad., oddamo. Cena: 450,00 EUR/mes",https://www.nepremicnine.net/oglasi-oddaja/lj-bezigrad-stanovanje_7360046/
7375663,LJ. BEŽIGRAD,Stanovanje,Soba,,410.0,EUR,9.42,1975,1,"9,42 m2, soba, zgrajena l. 1975, adaptirana l. 2023, 1. nad., oddamo. Cena: 410,00 EUR/mes",https://www.nepremicnine.net/oglasi-oddaja/lj-bezigrad-stanovanje_7375663/
7386744,LJ. BEŽIGRAD,Stanovanje,Soba,,390.0,EUR,10.0,2009,P/M,"10 m2, soba, zgrajena l. 2009, 500 m2 zemljišča, P/M, Enoposteljne študentske sobe. Opremljeno, mirno in urejeno stanova...",https://www.nepremicnine.net/oglasi-oddaja/lj-bezigrad-stanovanje_7386744/
7065472,LJ. BEŽIGRAD,Stanovanje,Soba,,300.0,EUR,15.0,1900,1/1,"15 m2, soba, zgrajena l. 1900, adaptirana l. 2025, 1/1 nad., etažno stanovanje primerno za več oseb, možnost delitve na ...",https://www.nepremicnine.net/oglasi-oddaja/lj-bezigrad-stanovanje_7065472/
7107297,LJ. BEŽIGRAD,Stanovanje,Soba,,280.0,EUR,15.0,1959,PK/2,"15 m2, soba, zgrajena l. 1959, adaptirana l. 2024, PK/2 nad., oddamo. Cena: 280,00 EUR/mes",https://www.nepremicnine.net/oglasi-oddaja/lj-bezigrad-stanovanje_7107297/
7244052,LJ. BEŽIGRAD,Stanovanje,Soba,,280.0,EUR,15.0,1959,PK/2,"15 m2, soba, zgrajena l. 1959, adaptirana l. 2024, PK/2 nad., oddamo. Cena: 280,00 EUR/mes",https://www.nepremicnine.net/oglasi-oddaja/lj-bezigrad-stanovanje_7244052/
6746736,LJ. BEŽIGRAD,Stanovanje,Soba,,240.0,EUR,15.0,2023,6/11,"15 m2, soba, adaptirana l. 2023, 6/11 nad., Oddamo posteljo v sobi, cena je po dogovoru/po postelji. Cena: cca 240,00 EU...",https://www.nepremicnine.net/oglasi-oddaja/lj-bezigrad-stanovanje_6746736/
7344807,LJ. BEŽIGRAD,Stanovanje,Garsonjera,,550.0,EUR,17.0,2024,VP/2,"17 m2, garsonjera, adaptirana l. 2024, VP/2 nad., oddamo. Cena: 550,00 EUR/mes",https://www.nepremicnine.net/oglasi-oddaja/lj-bezigrad-stanovanje_7344807/
7383960,LJ. BEŽIGRAD,Stanovanje,Soba,,280.0,EUR,20.0,2000,,"20 m2, soba, zgrajena l. 2000, Oddam dvoposteljno sobo Lj.-Bežigrad, oddamo. Cena: 280,00 EUR/osebo na mes",https://www.nepremicnine.net/oglasi-oddaja/lj-bezigrad-stanovanje_7383960/
7376893,LJ. BEŽIGRAD,Stanovanje,Garsonjera,,700.0,EUR,28.0,1978,VP,"28 m2, garsonjera, zgrajena l. 1978, visoko pritličje, oddamo. Cena: 700,00 EUR/mes",https://www.nepremicnine.net/oglasi-oddaja/lj-bezigrad-stanovanje_7376893/
7410281,LJ. BEŽIGRAD,Stanovanje,Garsonjera,,700.0,EUR,30.0,2026,P+1+M,"30 m2, garsonjera, adaptirana l. 2026, P+1+M, 30 m2,soba z kuhinjo,ločena kopalnica,shrambeni prostor, balkon,zgrajeno19...",https://www.nepremicnine.net/oglasi-oddaja/lj-bezigrad-stanovanje_7410281/
6864451,LJ. BEŽIGRAD,Stanovanje,1-sobno,1.0,700.0,EUR,33.0,1933,K/7,"33 m2, 1-sobno, zgrajeno l. 1933, adaptirano l. 2021, 33 m2 zemljišča, K/7 nad., Svetlo enosobno kletno stanovanje na od...",https://www.nepremicnine.net/oglasi-oddaja/lj-bezigrad-stanovanje_6864451/
7242102,LJ. BEŽIGRAD,Stanovanje,1-sobno,1.0,70.0,EUR,36.0,2001,1/7,"36 m2, 1-sobno, zgrajeno l. 2001, 1/7 nad., Stanovanje Ljubljana Bežigrad, dnevni najemi, dnevni počitek, kratkoročni na...",https://www.nepremicnine.net/oglasi-oddaja/lj-bezigrad-stanovanje_7242102/
7406676,LJ. BEŽIGRAD,Stanovanje,2-sobno,2.0,950.0,EUR,40.5,1966,3/4,"40,5 m2, 2-sobno, zgrajeno l. 1966, adaptirano l. 2019, 3/4 nad., Na odlični lokaciji v Bežigradu oddamo 2- sobno stanov...",https://www.nepremicnine.net/oglasi-oddaja/lj-bezigrad-stanovanje_7406676/
7382022,LJ. BEŽIGRAD,Stanovanje,2-sobno,2.0,1100.0,EUR,41.6,1964,,"41,6 m2, 2-sobno, zgrajeno l. 1964, adaptirano l. 2019, oddamo. Cena: 1.100,00 EUR/mes",https://www.nepremicnine.net/oglasi-oddaja/lj-bezigrad-stanovanje_7382022/
7398270,LJ. BEŽIGRAD,Stanovanje,2-sobno,2.0,450.0,EUR,42.5,1964,PK,"42,5 m2, 2-sobno, zgrajeno l. 1964, adaptirano l. 2026, polklet, oddamo dvosobno stanovanje, primerno za dva študenta, s...",https://www.nepremicnine.net/oglasi-oddaja/lj-bezigrad-stanovanje_7398270/
7412783,LJ. BEŽIGRAD,Stanovanje,"1,5-sobno",1.5,750.0,EUR,45.0,1992,3/5,"45 m2, 1,5-sobno, zgrajeno l. 1992, 3/5 nad., Oddamo opremljeno večje enoinpol sobno stanovanje z balkonom za Bežigradom...",https://www.nepremicnine.net/oglasi-oddaja/lj-bezigrad-stanovanje_7412783/
7332299,LJ. BEŽIGRAD,Stanovanje,2-sobno,2.0,850.0,EUR,47.58,2004,2,"47,58 m2, 2-sobno, zgrajeno l. 2004, 2. nad., oddamo. Cena: 850,00 EUR/mes",https://www.nepremicnine.net/oglasi-oddaja/lj-bezigrad-stanovanje_7332299/
7371180,LJ. BEŽIGRAD,Stanovanje,2-sobno,2.0,1100.0,EUR,50.0,2014,4/6,"50 m2, 2-sobno, zgrajeno l. 2014, 4/6 nad., Oddamo dvosobno stanovanje,Glavarjeva rezidenca-Bežigrad, opremljeno.Prosto ...",https://www.nepremicnine.net/oglasi-oddaja/lj-bezigrad-stanovanje_7371180/
7406625,LJ. BEŽIGRAD,Stanovanje,2-sobno,2.0,925.0,EUR,50.56,1930,PK/4,"50,56 m2, 2-sobno, zgrajeno l. 1930, adaptirano l. 2026, PK/4 nad., (K1), Popolnoma novo stanovanje, v novem manjšem blo...",https://www.nepremicnine.net/oglasi-oddaja/lj-bezigrad-stanovanje_7406625/
7383738,LJ. BEŽIGRAD,Stanovanje,2-sobno,2.0,1500.0,EUR,52.1,2026,,"52,1 m2, 2-sobno, zgrajeno l. 2026, Popolnoma novo dvosobno stanovanje v novi soseki Soča, oddamo. Cena: 1.500,00 EUR/me...",https://www.nepremicnine.net/oglasi-oddaja/lj-bezigrad-stanovanje_7383738/
7381251,LJ. BEŽIGRAD,Stanovanje,2-sobno,2.0,1100.0,EUR,52.6,2006,4/6,"52,6 m2, 2-sobno, zgrajeno l. 2006, 4/6 nad., oddamo. Cena: 1.100,00 EUR/mes",https://www.nepremicnine.net/oglasi-oddaja/lj-bezigrad-stanovanje_7381251/
7360237,LJ. BEŽIGRAD,Stanovanje,2-sobno,2.0,1300.0,EUR,54.8,2025,4/5,"54,8 m2, 2-sobno, novogradnja - zgr. l. 2025, 4/5 nad., Sodobno 2-sobno stanovanje v novogradnji Rezidenca Bežigrad Topn...",https://www.nepremicnine.net/oglasi-oddaja/lj-bezigrad-stanovanje_7360237/
6896165,LJ. BEŽIGRAD,Stanovanje,Soba,,250.0,EUR,55.8,1960,5/5,"55,8 m2, soba, zgrajena l. 1960, adaptirana l. 2022, 5/5 nad., oddamo. Cena: 250,00 EUR/mes",https://www.nepremicnine.net/oglasi-oddaja/lj-bezigrad-stanovanje_6896165/
7304083,LJ. BEŽIGRAD,Stanovanje,2-sobno,2.0,870.0,EUR,57.42,1975,5/5,"57,42 m2, 2-sobno, zgrajeno l. 1975, adaptirano l. 2020, 5/5 nad., pvc okna, balkon, klet, internet, oddamo. Cena: 870,0...",https://www.nepremicnine.net/oglasi-oddaja/lj-bezigrad-stanovanje_7304083/
7366130,LJ. BEŽIGRAD,Stanovanje,"2,5-sobno",2.5,1200.0,EUR,57.7,1977,6/10,"57,7 m2, 2,5-sobno, zgrajeno l. 1977, adaptirano l. 2017, 6/10 nad., oddamo. Cena: 1.200,00 EUR/mes",https://www.nepremicnine.net/oglasi-oddaja/lj-bezigrad-stanovanje_7366130/
7369770,LJ. BEŽIGRAD,Stanovanje,"2,5-sobno",2.5,1200.0,EUR,57.7,1977,6/10,"57,7 m2, 2,5-sobno, zgrajeno l. 1977, adaptirano l. 2017, 6/10 nad., oddamo. Cena: 1.200,00 EUR/mes",https://www.nepremicnine.net/oglasi-oddaja/lj-bezigrad-stanovanje_7369770/
7410838,LJ. BEŽIGRAD,Stanovanje,2-sobno,2.0,1000.0,EUR,58.0,2012,5/5,"58 m2, 2-sobno, zgrajeno l. 2012, 5/5 nad., SITULA, delno opremljeno, parkirno mesto v podzemni garaži, takoj vseljivo, ...",https://www.nepremicnine.net/oglasi-oddaja/lj-bezigrad-stanovanje_7410838/
7407482,LJ. BEŽIGRAD,Stanovanje,"2,5-sobno",2.5,1000.0,EUR,59.9,1964,3/4,"59,9 m2, 2,5-sobno, zgrajeno l. 1964, adaptirano l. 2026, 3/4 nad., Oddamo 2,5 sobno v celoti obnovljeno stanovanje. Sta...",https://www.nepremicnine.net/oglasi-oddaja/lj-bezigrad-stanovanje_7407482/
7378495,LJ. BEŽIGRAD,Stanovanje,2-sobno,2.0,250.0,EUR,60.0,1965,2/5,"60 m2, 2-sobno, zgrajeno l. 1965, adaptirano l. 2015, 2/5 nad., oddamo. Cena: 250,00 EUR/mes",https://www.nepremicnine.net/oglasi-oddaja/lj-bezigrad-stanovanje_7378495/
7294942,LJ. BEŽIGRAD,Stanovanje,2-sobno,2.0,1600.0,EUR,60.0,2025,3/5,"60 m2, 2-sobno, novogradnja - zgr. l. 2025, 3/5 nad., oddamo. Cena: 1.600,00 EUR/mes",https://www.nepremicnine.net/oglasi-oddaja/lj-bezigrad-stanovanje_7294942/
7376710,LJ. BEŽIGRAD,Stanovanje,2-sobno,2.0,1000.0,EUR,60.0,1977,7/12,"60 m2, 2-sobno, zgrajeno l. 1977, adaptirano l. 2025, 7/12 nad., Za Bežigradom, na Glavarjevi ulici oddamo popolnoma pre...",https://www.nepremicnine.net/oglasi-oddaja/lj-bezigrad-stanovanje_7376710/
7409645,LJ. BEŽIGRAD,Stanovanje,2-sobno,2.0,1000.0,EUR,60.0,1977,7/12,"60 m2, 2-sobno, zgrajeno l. 1977, adaptirano l. 2025, 7/12 nad., Za Bežigradom, na Glavarjevi ulici oddamo popolnoma pre...",https://www.nepremicnine.net/oglasi-oddaja/lj-bezigrad-stanovanje_7409645/
7391909,LJ. BEŽIGRAD,Stanovanje,"2,5-sobno",2.5,950.0,EUR,60.0,1964,4/4,"60 m2, 2,5-sobno, zgrajeno l. 1964, 4/4 nad., oddamo stanovanje za bežigradom - 60 m2 ; 950 EUR /mesec + stroški, oddamo...",https://www.nepremicnine.net/oglasi-oddaja/lj-bezigrad-stanovanje_7391909/
7362690,LJ. BEŽIGRAD,Stanovanje,2-sobno,2.0,1400.0,EUR,61.09,2012,3/5,"61,09 m2, 2-sobno, zgrajeno l. 2012, 3/5 nad., oddamo. Cena: 1.400,00 EUR/mes",https://www.nepremicnine.net/oglasi-oddaja/lj-bezigrad-stanovanje_7362690/
7412191,LJ. BEŽIGRAD,Stanovanje,2-sobno,2.0,1050.0,EUR,62.1,1980,5,"62,1 m2, 2-sobno, zgrajeno l. 1980, adaptirano l. 2000, 5. nad., oddamo. Cena: 1.050,00 EUR/mes",https://www.nepremicnine.net/oglasi-oddaja/lj-bezigrad-stanovanje_7412191/
7413800,LJ. BEŽIGRAD,Stanovanje,2-sobno,2.0,1100.0,EUR,62.1,1980,1/10,"62,1 m2, 2-sobno, zgrajeno l. 1980, 1/10 nad., oddamo. Cena: 1.100,00 EUR/mes",https://www.nepremicnine.net/oglasi-oddaja/lj-bezigrad-stanovanje_7413800/
7371026,LJ. BEŽIGRAD,Stanovanje,2-sobno,2.0,1300.0,EUR,63.3,2003,4,"63,3 m2, 2-sobno, zgrajeno l. 2003, 4. nad., oddamo. Cena: 1.300,00 EUR/mes",https://www.nepremicnine.net/oglasi-oddaja/lj-bezigrad-stanovanje_7371026/
7383211,LJ. BEŽIGRAD,Stanovanje,"2,5-sobno",2.5,1200.0,EUR,65.0,1957,1,"65 m2, 2,5-sobno, zgrajeno l. 1957, 1. nad., Za Bežigradom oddajamo svetlo in prostorno 2,5-sobno stanovanje z dvema bal...",https://www.nepremicnine.net/oglasi-oddaja/lj-bezigrad-stanovanje_7383211/
7368270,LJ. BEŽIGRAD,Stanovanje,3-sobno,3.0,1100.0,EUR,68.9,1978,8/10,"68,9 m2, 3-sobno, zgrajeno l. 1978, adaptirano l. 2014, 8/10 nad., Za Bežigradom oddamo prenovljeno trosobno stanovanje ...",https://www.nepremicnine.net/oglasi-oddaja/lj-bezigrad-stanovanje_7368270/
7400195,LJ. BEŽIGRAD,Stanovanje,3-sobno,3.0,1600.0,EUR,71.42,2026,,"71,42 m2, 3-sobno, novogradnja - zgr. l. 2026, oddamo. Cena: 1.600,00 EUR/mes",https://www.nepremicnine.net/oglasi-oddaja/lj-bezigrad-stanovanje_7400195/
6892811,LJ. BEŽIGRAD,Stanovanje,3-sobno,3.0,1600.0,EUR,75.0,2009,P/3,"75 m2, 3-sobno, dupleks, zgrajeno l. 2009, adaptirano l. 2014, 70 m2 zemljišča, P/3 nad., Na odlični lokaciji za Bežigra...",https://www.nepremicnine.net/oglasi-oddaja/lj-bezigrad-stanovanje_6892811/
7343956,LJ. BEŽIGRAD,Stanovanje,3-sobno,3.0,1500.0,EUR,78.3,2014,8/11,"78,3 m2, 3-sobno, zgrajeno l. 2014, 8/11 nad., Posredujemo pri oddaji 3 sobnega stanovanja v Eko Srebrni hiši, oddamo. C...",https://www.nepremicnine.net/oglasi-oddaja/lj-bezigrad-stanovanje_7343956/
7347669,LJ. BEŽIGRAD,Stanovanje,3-sobno,3.0,1900.0,EUR,79.5,2025,,"79,5 m2, 3-sobno, novogradnja - zgr. l. 2025, oddamo. Cena: 1.900,00 EUR/mes",https://www.nepremicnine.net/oglasi-oddaja/lj-bezigrad-stanovanje_7347669/
7404716,LJ. BEŽIGRAD,Stanovanje,2-sobno,2.0,1200.0,EUR,82.3,2023,5,"82,3 m2, 2-sobno, zgrajeno l. 2023, 5. nad., oddamo. Cena: 1.200,00 EUR/mes",https://www.nepremicnine.net/oglasi-oddaja/lj-bezigrad-stanovanje_7404716/
7075560,LJ. BEŽIGRAD,Stanovanje,3-sobno,3.0,1600.0,EUR,85.2,2006,,"85,2 m2, 3-sobno, zgrajeno l. 2006, oddamo. Cena: 1.600,00 EUR/mes",https://www.nepremicnine.net/oglasi-oddaja/lj-bezigrad-stanovanje_7075560/
7069085,LJ. BEŽIGRAD,Stanovanje,Soba,,320.0,EUR,85.8,1966,6/7,"85,8 m2, soba, zgrajena l. 1966, adaptirana l. 2016, 6/7 nad., oddamo. Cena: 320,00 EUR/mes",https://www.nepremicnine.net/oglasi-oddaja/lj-bezigrad-stanovanje_7069085/
6964753,LJ. BEŽIGRAD,Stanovanje,3-sobno,3.0,1500.0,EUR,86.0,2010,P,"86 m2, 3-sobno, zgrajeno l. 2010, pritličje, Sodobno in udobno bivanje v Bežigradu, oddamo. Cena: cca 1.500,00 EUR/mes",https://www.nepremicnine.net/oglasi-oddaja/lj-bezigrad-stanovanje_6964753/
7395596,LJ. BEŽIGRAD,Stanovanje,3-sobno,3.0,1550.0,EUR,90.0,1941,1/1,"90 m2, 3-sobno, v stavbi zgrajeni l. 1941, adaptirano l. 2017, 1/1 nad., 90 m2, 3-sobno, oddamo za do dve osebi, 1.10.20...",https://www.nepremicnine.net/oglasi-oddaja/lj-bezigrad-stanovanje_7395596/
7299095,LJ. BEŽIGRAD,Stanovanje,4-sobno,4.0,1500.0,EUR,91.8,1970,1,"91,8 m2, 4-sobno, zgrajeno l. 1970, adaptirano l. 2000, 1. nad., Oddamo prostorno stanovanje z 3 spalnice, dnevno sobo i...",https://www.nepremicnine.net/oglasi-oddaja/lj-bezigrad-stanovanje_7299095/
7394762,LJ. BEŽIGRAD,Stanovanje,3-sobno,3.0,1550.0,EUR,93.2,1988,7/7,"93,2 m2, 3-sobno, zgrajeno l. 1988, adaptirano l. 2019, 7/7 nad., oddamo. Cena: 1.550,00 EUR/mes",https://www.nepremicnine.net/oglasi-oddaja/lj-bezigrad-stanovanje_7394762/
7400151,LJ. BEŽIGRAD,Stanovanje,4-sobno,4.0,1700.0,EUR,94.3,2026,2/6,"94,3 m2, 4-sobno, adaptirano l. 2026, 2/6 nad., čudovito, svetlo 4-sobno stanovanje v ljubljani - bežigrad. 94,3 m2, 1.7...",https://www.nepremicnine.net/oglasi-oddaja/lj-bezigrad-stanovanje_7400151/
7407445,LJ. BEŽIGRAD,Stanovanje,3-sobno,3.0,1600.0,EUR,98.2,2006,,"98,2 m2, 3-sobno, zgrajeno l. 2006, oddamo. Cena: 1.600,00 EUR/mes",https://www.nepremicnine.net/oglasi-oddaja/lj-bezigrad-stanovanje_7407445/
7382048,LJ. BEŽIGRAD,Stanovanje,3-sobno,3.0,1600.0,EUR,98.2,2006,,"98,2 m2, 3-sobno, zgrajeno l. 2006, oddamo. Cena: 1.600,00 EUR/mes",https://www.nepremicnine.net/oglasi-oddaja/lj-bezigrad-stanovanje_7382048/
7412220,LJ. BEŽIGRAD,Stanovanje,4-sobno,4.0,1650.0,EUR,104.0,1986,2/7,"104 m2, 4-sobno, zgrajeno l. 1986, adaptirano l. 2015, 2/7 nad., Oddamo prostorno 4-sobno stanovanje v Ljubljani (Bežigr...",https://www.nepremicnine.net/oglasi-oddaja/lj-bezigrad-stanovanje_7412220/
7389044,LJ. BEŽIGRAD,Stanovanje,4-sobno,4.0,1650.0,EUR,104.1,1986,2/10,"104,1 m2, 4-sobno, zgrajeno l. 1986, adaptirano l. 2006, 2/10 nad., oddamo. Cena: 1.650,00 EUR/mes",https://www.nepremicnine.net/oglasi-oddaja/lj-bezigrad-stanovanje_7389044/
7403760,LJ. BEŽIGRAD,Stanovanje,3-sobno,3.0,1700.0,EUR,110.1,1997,3/3,"110,1 m2, 3-sobno, zgrajeno l. 1997, 3/3 nad., oddamo. Cena: 1.700,00 EUR/mes",https://www.nepremicnine.net/oglasi-oddaja/lj-bezigrad-stanovanje_7403760/
7412805,LJ. BEŽIGRAD,Stanovanje,3-sobno,3.0,1100.0,EUR,116.7,1960,P/3,"116,7 m2, 3-sobno, zgrajeno l. 1960, P/3 nad., oddamo. Cena: 1.100,00 EUR/mes",https://www.nepremicnine.net/oglasi-oddaja/lj-bezigrad-stanovanje_7412805/
7400361,LJ. BEŽIGRAD,Stanovanje,"3,5-sobno",3.5,2450.0,EUR,118.0,2005,5/7,"118 m2, 3,5-sobno, zgrajeno l. 2005, 5/7 nad., Zupančičeva jama; odlična lokacija, prostorno, svetlo stanovanje z ložo, ...",https://www.nepremicnine.net/oglasi-oddaja/lj-bezigrad-stanovanje_7400361/
6908489,LJ. BEŽIGRAD,Stanovanje,3-sobno,3.0,1600.0,EUR,128.7,2009,P,"128,7 m2, 3-sobno, zgrajeno l. 2009, pritličje, oddamo. Cena: 1.600,00 EUR/mes",https://www.nepremicnine.net/oglasi-oddaja/lj-bezigrad-stanovanje_6908489/
7292249,LJ. BEŽIGRAD,Stanovanje,4-sobno,4.0,2500.0,EUR,130.0,2014,2/3,"130 m2, 4-sobno, zgrajeno l. 2014, adaptirano l. 2022, 2/3 nad., oddamo. Cena: 2.500,00 EUR/mes",https://www.nepremicnine.net/oglasi-oddaja/lj-bezigrad-stanovanje_7292249/
7382010,LJ. BEŽIGRAD,Stanovanje,4-sobno,4.0,1800.0,EUR,136.0,1984,11/12,"136 m2, 4-sobno, zgrajeno l. 1984, 11/12 nad., Oddamo prestižno dupleks stanovanje (136 m2) v 11. in 12. nadstropju za B...",https://www.nepremicnine.net/oglasi-oddaja/lj-bezigrad-stanovanje_7382010/
7375282,LJ. BEŽIGRAD,Stanovanje,"4,5-sobno",4.5,2500.0,EUR,137.3,1991,4/5,"137,3 m2, 4,5-sobno, zgrajeno l. 1991, 4/5 nad., oddamo. Cena: 2.500,00 EUR/mes",https://www.nepremicnine.net/oglasi-oddaja/lj-bezigrad-stanovanje_7375282/
7287045,LJ. BEŽIGRAD,Stanovanje,"4,5-sobno",4.5,2700.0,EUR,155.0,1930,3/3,"155 m2, 4,5-sobno, dupleks, zgrajeno l. 1930, adaptirano l. 2010, 3/3 nad., staromesščansko, dupleks 4,5-sobno stanovanj...",https://www.nepremicnine.net/oglasi-oddaja/lj-bezigrad-stanovanje_7287045/
7287482,LJ. BEŽIGRAD,Stanovanje,4-sobno,4.0,2700.0,EUR,155.0,1930,3/3,"155 m2, 4-sobno, zgrajeno l. 1930, adaptirano l. 2010, 3/3 nad., staromesščansko, dupleks 4-sobno stanovanje v tristanov...",https://www.nepremicnine.net/oglasi-oddaja/lj-bezigrad-stanovanje_7287482/
7386722,LJ. BEŽIGRAD,Stanovanje,4-sobno,4.0,3700.0,EUR,168.0,1997,3/4,"168 m2, 4-sobno, dupleks, zgrajeno l. 1997, 3/4 nad., Zupančičeva jama; odlična lokacija, prostorno, svetlo stanovanje z...",https://www.nepremicnine.net/oglasi-oddaja/lj-bezigrad-stanovanje_7386722/
7409152,"LJ. BEŽIGRAD, BEZIGRAD",Stanovanje,2-sobno,2.0,950.0,EUR,43.0,1978,10/11,"43 m2, 2-sobno, v stavbi zgrajeni l. 1978, adaptirano l. 2026, 10/11 nad., 2-sobno stanovanje oddajano v najem na odlicn...",https://www.nepremicnine.net/oglasi-oddaja/lj-bezigrad-bezigrad-stanovanje_7409152/
7392119,"LJ. BEŽIGRAD, BEŽIGRAJSKI DVOR - PERIČEVA ULICA",Stanovanje,1-sobno,1.0,750.0,EUR,44.0,1997,4/6,"44 m2, 1-sobno, zgrajeno l. 1997, 4/6 nad., oddamo. Cena: 750,00 EUR/mes",https://www.nepremicnine.net/oglasi-oddaja/lj-bezigrad-bezigrajski-dvor-periceva-ulica-stanovanje_7392119/
7387756,"LJ. BEŽIGRAD, BLIZU GIMNAZIJE",Stanovanje,2-sobno,2.0,1100.0,EUR,62.0,1982,2,"62 m2, 2-sobno, zgrajeno l. 1982, 2. nad., Oddamo vzdrževano 2-sobno stanovanje blizu centra. Možnost pokritega parkiriš...",https://www.nepremicnine.net/oglasi-oddaja/lj-bezigrad-blizu-gimnazije-stanovanje_7387756/
7374046,"LJ. BEŽIGRAD, BLIZU OBVOZNICE",Stanovanje,3-sobno,3.0,1300.0,EUR,80.0,1980,K+P,"80 m2, 3-sobno, zgrajeno l. 1980, adaptirano l. 2024, 500 m2 zemljišča, K+P, 3-sobno, novo opremljeno stanovanje -80 m2,...",https://www.nepremicnine.net/oglasi-oddaja/lj-bezigrad-blizu-obvoznice-stanovanje_7374046/
6930620,"LJ. BEŽIGRAD, BLIŽINA OBVOZNICE",Stanovanje,Soba,,280.0,EUR,15.0,1960,VP/1,"15 m2, soba, zgrajena l. 1960, adaptirana l. 2023, VP/1 nad., Oddam 2posteljno s.s souporabo 2 kop.,3WCjev,kuh.,utilitya...",https://www.nepremicnine.net/oglasi-oddaja/lj-bezigrad-blizina-obvoznice-stanovanje_6930620/
7408913,"LJ. BEŽIGRAD, BLIŽINA VOJKOVE",Stanovanje,2-sobno,2.0,1190.0,EUR,49.8,2002,P,"49,8 m2, 2-sobno, zgrajeno l. 2002, adaptirano l. 2026, pritličje, oddamo. Cena: 1.190,00 EUR/mes",https://www.nepremicnine.net/oglasi-oddaja/lj-bezigrad-blizina-vojkove-stanovanje_7408913/
7413365,"LJ. BEŽIGRAD, BRANKOVA ULICA",Stanovanje,2-sobno,2.0,850.0,EUR,50.0,1970,1/3,"50 m2, 2-sobno, zgrajeno l. 1970, adaptirano l. 2017, 1/3 nad., Oddamo stanovanje v manjšem bloku na mirni in odlični lo...",https://www.nepremicnine.net/oglasi-oddaja/lj-bezigrad-brankova-ulica-stanovanje_7413365/
7258930,"LJ. BEŽIGRAD, BRATOVŠEVA PLOŠČAD",Stanovanje,3-sobno,3.0,1450.0,EUR,80.0,1976,11/14,"80 m2, 3-sobno, zgrajeno l. 1976, adaptirano l. 2025, 11/14 nad., oddamo. Cena: 1.450,00 EUR/mes",https://www.nepremicnine.net/oglasi-oddaja/lj-bezigrad-bratovseva-ploscad-stanovanje_7258930/
7406607,"LJ. BEŽIGRAD, BS3",Stanovanje,"1,5-sobno",1.5,800.0,EUR,46.0,1978,,"46 m2, 1,5-sobno, zgrajeno l. 1978, adaptirano l. 2019, Oddamo svetlo in funkcionalno razporejeno 1,5-sobno v celoti opr...",https://www.nepremicnine.net/oglasi-oddaja/lj-bezigrad-bs3-stanovanje_7406607/
7377280,"LJ. BEŽIGRAD, DUNAJSKA",Stanovanje,3-sobno,3.0,1390.0,EUR,78.26,2026,3/4,"78,26 m2, 3-sobno, adaptirano l. 2026, 3/4 nad., V bližini plave lagune se v staro meščanski zgradbi nahaja zelo svetlo,...",https://www.nepremicnine.net/oglasi-oddaja/lj-bezigrad-dunajska-stanovanje_7377280/
7385616,"LJ. BEŽIGRAD, DUNAJSKA C., ENOPOSTELJNA SOBA",Stanovanje,Soba,,380.0,EUR,10.0,2026,4/6,"10 m2, soba, adaptirana l. 2026, 4/6 nad., oddamo. Cena: 380,00 EUR/mes",https://www.nepremicnine.net/oglasi-oddaja/lj-bezigrad-dunajska-c-enoposteljna-soba-stanovanje_7385616/
7405393,"LJ. BEŽIGRAD, DUNAJSKA CESTA",Stanovanje,4-sobno,4.0,1800.0,EUR,105.0,2012,1/4,"105 m2, 4-sobno, zgrajeno l. 2012, 1/4 nad., Moderno nadstandardno stanovanje, Nahaja se v sodobnem objektu, parkirno me...",https://www.nepremicnine.net/oglasi-oddaja/lj-bezigrad-dunajska-cesta-stanovanje_7405393/
7387687,"LJ. BEŽIGRAD, GLINŠKOVA PLOŠČAD",Stanovanje,"1,5-sobno",1.5,750.0,EUR,55.3,1978,5/9,"55,3 m2, 1,5-sobno, zgrajeno l. 1978, adaptirano l. 2000, 5/9 nad., oddamo. Cena: 750,00 EUR/mes",https://www.nepremicnine.net/oglasi-oddaja/lj-bezigrad-glinskova-ploscad-stanovanje_7387687/
7397655,"LJ. BEŽIGRAD, GOGALOVA ULICA",Stanovanje,"2,5-sobno",2.5,999.0,EUR,60.0,1956,VP/1,"60 m2, 2,5-sobno, zgrajeno l. 1956, adaptirano l. 2025, 200 m2 zemljišča, VP/1 nad., Klima, odlična lokacija, oddamo. Ce...",https://www.nepremicnine.net/oglasi-oddaja/lj-bezigrad-gogalova-ulica-stanovanje_7397655/
7304900,"LJ. BEŽIGRAD, HACQUETOVA ULICA",Stanovanje,2-sobno,2.0,1500.0,EUR,53.1,2009,4/14,"53,1 m2, 2-sobno, zgrajeno l. 2009, 4/14 nad., Oddamo svetlo in funkcionalno 2-sobno stanovanje v urejenem bloku z dviga...",https://www.nepremicnine.net/oglasi-oddaja/lj-bezigrad-hacquetova-ulica-stanovanje_7304900/
7391995,"LJ. BEŽIGRAD, KRANJČEVA ULICA 30",Stanovanje,2-sobno,2.0,1450.0,EUR,78.7,2026,2,"78,7 m2, 2-sobno, zgrajeno l. 2026, 2. nad., oddamo. Cena: 1.450,00 EUR/mes",https://www.nepremicnine.net/oglasi-oddaja/lj-bezigrad-kranjceva-ulica-30-stanovanje_7391995/
7357874,"LJ. BEŽIGRAD, LIKOZARJEVA ULICA",Stanovanje,"3,5-sobno",3.5,1500.0,EUR,113.7,1934,M,"113,7 m2, 3,5-sobno, zgrajeno l. 1934, mansarda, oddamo. Cena: 1.500,00 EUR/mes",https://www.nepremicnine.net/oglasi-oddaja/lj-bezigrad-likozarjeva-ulica-stanovanje_7357874/
7411428,"LJ. BEŽIGRAD, MED WTC IN BTC VILA BLOK",Stanovanje,Garsonjera,,600.0,EUR,24.0,2020,1/2,"24 m2, garsonjera, zgrajena l. 2020, 1/2 nad., Mirno in sončno, opremljeno lcd,pralno sušilni stroj, internet,parkirišče...",https://www.nepremicnine.net/oglasi-oddaja/lj-bezigrad-med-wtc-in-btc-vila-blok-stanovanje_7411428/
7404561,"LJ. BEŽIGRAD, MIRNA LOKACIJA, POGLED NA PARK",Stanovanje,Garsonjera,,700.0,EUR,26.6,1978,P,"26,6 m2, garsonjera, zgrajena l. 1978, adaptirana l. 2017, pritličje, Garsonjera primerna za eno ali dve osebi. V pritli...",https://www.nepremicnine.net/oglasi-oddaja/lj-bezigrad-mirna-lokacija-pogled-na-park-stanovanje_7404561/
7413822,"LJ. BEŽIGRAD, NADGORICA",Stanovanje,3-sobno,3.0,800.0,EUR,78.0,1970,1/2,"78 m2, 3-sobno, zgrajeno l. 1970, adaptirano l. 2010, 1/2 nad., oddamo. Cena: 800,00 EUR/mes",https://www.nepremicnine.net/oglasi-oddaja/lj-bezigrad-nadgorica-stanovanje_7413822/
6264690,"LJ. BEŽIGRAD, ODLIČNA LOKACIJA - BREZ PROVIZIJ",Stanovanje,3-sobno,3.0,2700.0,EUR,176.1,2014,7/11,"176,1 m2, 3-sobno, zgrajeno l. 2014, 7/11 nad., LJ. BEŽIGRAD, EKO SREBRNA HIŠA - BREZ PROVIZIJE, 176,10 m2, 3-sobno, zgr...",https://www.nepremicnine.net/oglasi-oddaja/lj-bezigrad-odlicna-lokacija-brez-provizij-stanovanje_6264690/
7386661,"LJ. BEŽIGRAD, OKOLICA BS4",Stanovanje,4-sobno,4.0,1280.0,EUR,68.0,2022,1/2,"68 m2, 4-sobno, adaptirano l. 2022, 1/2 nad., oddamo. Cena: 1.280,00 EUR/mes",https://www.nepremicnine.net/oglasi-oddaja/lj-bezigrad-okolica-bs4-stanovanje_7386661/
7413991,"LJ. BEŽIGRAD, PODMILŠČAKOVA",Stanovanje,2-sobno,2.0,1690.0,EUR,68.48,2025,2/5,"68,48 m2, 2-sobno, novogradnja - zgr. l. 2025, 2/5 nad., oddamo. Cena: cca 1.690,00 EUR/mes",https://www.nepremicnine.net/oglasi-oddaja/lj-bezigrad-podmilscakova-stanovanje_7413991/
7394587,"LJ. BEŽIGRAD, RUSKI CAR",Stanovanje,4-sobno,4.0,1600.0,EUR,96.0,1973,P/1,"96 m2, 4-sobno, zgrajeno l. 1973, adaptirano l. 2012, 48 m2 zemljišča, P/1 nad., V mirni soseski blizu OŠ Danile Kumar o...",https://www.nepremicnine.net/oglasi-oddaja/lj-bezigrad-ruski-car-stanovanje_7394587/
7389075,"LJ. BEŽIGRAD, SITULA",Stanovanje,2-sobno,2.0,1350.0,EUR,53.0,2012,9/20,"53 m2, 2-sobno, zgrajeno l. 2012, 9/20 nad., Situla: Svetlo 2-sobno stanovanje v 9. nadstropju; Garaža; Loža; Odprt pogl...",https://www.nepremicnine.net/oglasi-oddaja/lj-bezigrad-situla-stanovanje_7389075/
7411448,"LJ. BEŽIGRAD, SOČI PARK",Stanovanje,2-sobno,2.0,1300.0,EUR,69.1,1926,3/6,"69,1 m2, 2-sobno, zgrajeno l. 1926, 3/6 nad., LJ. Bežigrad, Soči park, 69,1 m2, zgrajeno 2026, 2-sobno popolnoma opremlj...",https://www.nepremicnine.net/oglasi-oddaja/lj-bezigrad-soci-park-stanovanje_7411448/
7412187,"LJ. BEŽIGRAD, TOMAČEVSKI RONDO",Stanovanje,Garsonjera,,700.0,EUR,28.0,2026,P/P,"28 m2, garsonjera, zgrajena l. 2026, 60 m2 zemljišča, P/P, Stanovanje, novogradnja, Varščina 1500 EUR. Prednost predplač...",https://www.nepremicnine.net/oglasi-oddaja/lj-bezigrad-tomacevski-rondo-stanovanje_7412187/
7413799,"LJ. BEŽIGRAD, VOJKOVA",Stanovanje,Soba,,250.0,EUR,20.0,2022,,"20 m2, soba, adaptirana l. 2022, V meščanski hiši za Bežigradom, kjer so že same študentke nižjih letnikov, oddamo eno a...",https://www.nepremicnine.net/oglasi-oddaja/lj-bezigrad-vojkova-stanovanje_7413799/
7384808,"LJ. BEŽIGRAD, VOJKOVA 50",Stanovanje,Soba,,380.0,EUR,15.0,1989,5/7,"15 m2, soba, zgrajena l. 1989, adaptirana l. 2025, 5/7 nad., Oddamo enoposteljno sobo v Bežigradu, blizu fakultet. Zgraj...",https://www.nepremicnine.net/oglasi-oddaja/lj-bezigrad-vojkova-50-stanovanje_7384808/
7395660,"LJ. BEŽIGRAD, VOJKOVA ULICA 4",Stanovanje,1-sobno,1.0,750.0,EUR,37.0,1962,6/9,"37 m2, 1-sobno, zgrajeno l. 1962, 6/9 nad., oddamo. Cena: 750,00 EUR/mes",https://www.nepremicnine.net/oglasi-oddaja/lj-bezigrad-vojkova-ulica-4-stanovanje_7395660/
7311485,"LJ. BEŽIGRAD, ZA ŠTUDENTKI, NEKADILCI.",Stanovanje,Soba,,200.0,EUR,12.0,2005,,"12 m2, soba, zgrajena l. 2005, adaptirana l. 2020, 89 m2 zemljišča, oddamo. Cena: do cca 200,00 EUR/mes",https://www.nepremicnine.net/oglasi-oddaja/lj-bezigrad-za-studentki-nekadilci-stanovanje_7311485/
7402777,"LJ. BEŽIGRAD, ŽUPANČIČEVA JAMA",Stanovanje,1-sobno,1.0,850.0,EUR,45.9,1988,,"45,9 m2, 1-sobno, zgrajeno l. 1988, oddamo. Cena: 850,00 EUR/mes",https://www.nepremicnine.net/oglasi-oddaja/lj-bezigrad-zupanciceva-jama-stanovanje_7402777/
7406662,LJ. CENTER,Stanovanje,Garsonjera,,750.0,EUR,19.5,1850,2/3,"19,5 m2, garsonjera, zgrajena l. 1850, adaptirana l. 2015, 2/3 nad., Popolnoma opremljena garsonjera, Ljubljana center, ...",https://www.nepremicnine.net/oglasi-oddaja/lj-center-stanovanje_7406662/
7410381,LJ. CENTER,Stanovanje,Garsonjera,,550.0,EUR,25.14,1999,M/3,"25,14 m2, garsonjera, adaptirana l. 1999, M/3 nad., LJ. CENTER, 25,14 m2, garsonjera, adaptirana l. 1999. Oddamo garsonj...",https://www.nepremicnine.net/oglasi-oddaja/lj-center-stanovanje_7410381/
7413515,LJ. CENTER,Stanovanje,1-sobno,1.0,700.0,EUR,27.1,1929,5/5,"27,1 m2, 1-sobno, zgrajeno l. 1929, 5/5 nad., oddamo. Cena: 700,00 EUR/mes",https://www.nepremicnine.net/oglasi-oddaja/lj-center-stanovanje_7413515/
7403071,LJ. CENTER,Stanovanje,"1,5-sobno",1.5,800.0,EUR,32.9,1971,2/3,"32,9 m2, 1,5-sobno, zgrajeno l. 1971, 2/3 nad., 1,5 ss, LJ.-center, s parkingom, oddamo. Cena: 800,00 EUR/mes",https://www.nepremicnine.net/oglasi-oddaja/lj-center-stanovanje_7403071/
7045785,LJ. CENTER,Stanovanje,Garsonjera,,999.0,EUR,34.0,1985,4/5,"34 m2, garsonjera, zgrajena l. 1985, 4/5 nad., Svetlo, opremljeno stanovanje s podzemno garažo, AC in Wi-Fi, vključenimi...",https://www.nepremicnine.net/oglasi-oddaja/lj-center-stanovanje_7045785/
7395664,LJ. CENTER,Stanovanje,2-sobno,2.0,750.0,EUR,34.0,1964,4/4,"34 m2, 2-sobno, zgrajeno l. 1964, adaptirano l. 2005, 4/4 nad., oddamo. Cena: 750,00 EUR/mes",https://www.nepremicnine.net/oglasi-oddaja/lj-center-stanovanje_7395664/
7410831,LJ. CENTER,Stanovanje,Garsonjera,,700.0,EUR,35.0,2008,1/3,"35 m2, garsonjera, zgrajena l. 2008, 1/3 nad., Bohoričeva ulica, opremljena, CK, klima, optika, dvigalo, parkirno mesto ...",https://www.nepremicnine.net/oglasi-oddaja/lj-center-stanovanje_7410831/
6521278,LJ. CENTER,Stanovanje,1-sobno,1.0,2608.0,EUR,35.0,2022,,"35 m2, 1-sobno, zgrajeno l. 2022, oddamo. Cena: 2.608,00 EUR/mes",https://www.nepremicnine.net/oglasi-oddaja/lj-center-stanovanje_6521278/
7349987,LJ. CENTER,Stanovanje,Garsonjera,,850.0,EUR,35.3,2007,3/5,"35,3 m2, garsonjera, zgrajena l. 2007, 3/5 nad., Lj.Center- Mesarska c 16, 35,3 m2,garsonjera,zgrajena 2007, 3.nadstropj...",https://www.nepremicnine.net/oglasi-oddaja/lj-center-stanovanje_7349987/
7328653,LJ. CENTER,Stanovanje,Garsonjera,,850.0,EUR,37.6,2006,3,"37,6 m2, garsonjera, zgrajena l. 2006, 3. nad., Za daljše obdobje oddam opremljeno garsonjero v centru Ljubljane, na odl...",https://www.nepremicnine.net/oglasi-oddaja/lj-center-stanovanje_7328653/
7381368,LJ. CENTER,Stanovanje,1-sobno,1.0,750.0,EUR,38.8,1908,PK/3,"38,8 m2, 1-sobno, zgrajeno l. 1908, adaptirano l. 2018, PK/3 nad., življenje v centru Ljubljane, oddamo. Cena: 750,00 EU...",https://www.nepremicnine.net/oglasi-oddaja/lj-center-stanovanje_7381368/
7340646,LJ. CENTER,Stanovanje,Garsonjera,,1075.0,EUR,39.0,1713,,"39 m2, garsonjera, zgrajena l. 1713, adaptirana l. 2018, oddamo. Cena: 1.075,00 EUR/mes",https://www.nepremicnine.net/oglasi-oddaja/lj-center-stanovanje_7340646/
7411247,LJ. CENTER,Stanovanje,2-sobno,2.0,1200.0,EUR,39.3,1933,2,"39,3 m2, 2-sobno, zgrajeno l. 1933, adaptirano l. 2026, 2. nad., oddamo. Cena: 1.200,00 EUR/mes",https://www.nepremicnine.net/oglasi-oddaja/lj-center-stanovanje_7411247/
7255143,LJ. CENTER,Stanovanje,Garsonjera,,1420.0,EUR,42.0,2024,,"42 m2, garsonjera, adaptirana l. 2024, oddamo. Cena: 1.420,00 EUR/mes",https://www.nepremicnine.net/oglasi-oddaja/lj-center-stanovanje_7255143/
7035073,LJ. CENTER,Stanovanje,2-sobno,2.0,1200.0,EUR,42.0,2025,1,"42 m2, 2-sobno, adaptirano l. 2025, 1. nad., Urbana eleganca z dušo: Popolnoma prenovljeno dvosobno stanovanje za najem,...",https://www.nepremicnine.net/oglasi-oddaja/lj-center-stanovanje_7035073/
7277385,LJ. CENTER,Stanovanje,2-sobno,2.0,1300.0,EUR,42.6,2023,5,"42,6 m2, 2-sobno, zgrajeno l. 2023, 5. nad., Na odlični lokaciji v centru Ljubljane oddamo zelo lepo, moderno in funkcio...",https://www.nepremicnine.net/oglasi-oddaja/lj-center-stanovanje_7277385/
7402848,LJ. CENTER,Stanovanje,Garsonjera,,800.0,EUR,43.0,2004,1/4,"43 m2, garsonjera, zgrajena l. 2004, 1/4 nad., Opremljena garsonjera na Glonarjevi ulici, blizu UKC, s parkirnim mestom ...",https://www.nepremicnine.net/oglasi-oddaja/lj-center-stanovanje_7402848/
6819223,LJ. CENTER,Stanovanje,2-sobno,2.0,350.0,EUR,52.0,1850,P/2,"52 m2, 2-sobno, zgrajeno l. 1850, adaptirano l. 2010, 400 m2 zemljišča, P/2 nad., oddamo. Cena: 350,00 EUR/osebo na mes",https://www.nepremicnine.net/oglasi-oddaja/lj-center-stanovanje_6819223/
7414745,LJ. CENTER,Stanovanje,3-sobno,3.0,1400.0,EUR,52.0,1960,,"52 m2, 3-sobno, zgrajeno l. 1960, oddamo. Cena: 1.400,00 EUR/mes",https://www.nepremicnine.net/oglasi-oddaja/lj-center-stanovanje_7414745/
7388341,LJ. CENTER,Stanovanje,2-sobno,2.0,900.0,EUR,52.4,1965,9/9,"52,4 m2, 2-sobno, zgrajeno l. 1965, adaptirano l. 2012, 9/9 nad., oddamo. Cena: 900,00 EUR/mes",https://www.nepremicnine.net/oglasi-oddaja/lj-center-stanovanje_7388341/
7406462,LJ. CENTER,Stanovanje,2-sobno,2.0,1100.0,EUR,54.0,1959,2/10,"54 m2, 2-sobno, zgrajeno l. 1959, adaptirano l. 2023, 2/10 nad., Oddaja se svetlo in funkcionalno 2-sobno stanovanje v c...",https://www.nepremicnine.net/oglasi-oddaja/lj-center-stanovanje_7406462/
7375801,LJ. CENTER,Stanovanje,2-sobno,2.0,950.0,EUR,55.0,2023,1/2,"55 m2, 2-sobno, adaptirano l. 2023, 55 m2 zemljišča, 1/2 nad., Ljubljana, Center, Vodmat / Ljubljana, Stanovanje (oddaja...",https://www.nepremicnine.net/oglasi-oddaja/lj-center-stanovanje_7375801/
7406493,LJ. CENTER,Stanovanje,2-sobno,2.0,1100.0,EUR,56.4,1959,2/11,"56,4 m2, 2-sobno, zgrajeno l. 1959, adaptirano l. 2023, 2/11 nad., oddamo. Cena: 1.100,00 EUR/mes",https://www.nepremicnine.net/oglasi-oddaja/lj-center-stanovanje_7406493/
7376765,LJ. CENTER,Stanovanje,2-sobno,2.0,1050.0,EUR,57.8,1985,1/6,"57,8 m2, 2-sobno, zgrajeno l. 1985, 1/6 nad., posredujemo pri oddaji obnovljenega, delno opremljenega stanovanja v ureje...",https://www.nepremicnine.net/oglasi-oddaja/lj-center-stanovanje_7376765/
7406626,LJ. CENTER,Stanovanje,2-sobno,2.0,1200.0,EUR,58.0,1969,2/12,"58 m2, 2-sobno, zgrajeno l. 1969, adaptirano l. 2025, 2/12 nad., Svetlo, 2-sobno stanovanje z balkonom v centru Ljubljan...",https://www.nepremicnine.net/oglasi-oddaja/lj-center-stanovanje_7406626/
7414569,LJ. CENTER,Stanovanje,"2,5-sobno",2.5,1200.0,EUR,58.0,1895,4/4,"58 m2, 2,5-sobno, zgrajeno l. 1895, 4/4 nad., oddamo. Cena: 1.200,00 EUR/mes",https://www.nepremicnine.net/oglasi-oddaja/lj-center-stanovanje_7414569/
7357800,LJ. CENTER,Stanovanje,2-sobno,2.0,1200.0,EUR,60.0,1931,2,"60 m2, 2-sobno, zgrajeno l. 1931, adaptirano l. 2022, 2. nad., oddamo. Cena: 1.200,00 EUR/mes",https://www.nepremicnine.net/oglasi-oddaja/lj-center-stanovanje_7357800/
6521280,LJ. CENTER,Stanovanje,2-sobno,2.0,3620.0,EUR,60.0,2022,,"60 m2, 2-sobno, zgrajeno l. 2022, oddamo. Cena: 3.620,00 EUR/mes",https://www.nepremicnine.net/oglasi-oddaja/lj-center-stanovanje_6521280/
7412139,LJ. CENTER,Stanovanje,3-sobno,3.0,1350.0,EUR,64.8,2000,4,"64,8 m2, 3-sobno, zgrajeno l. 2000, 4. nad., oddamo. Cena: 1.350,00 EUR/mes",https://www.nepremicnine.net/oglasi-oddaja/lj-center-stanovanje_7412139/
6865553,LJ. CENTER,Stanovanje,"2,5-sobno",2.5,1350.0,EUR,65.0,1850,1/1,"65 m2, 2,5-sobno, zgrajeno l. 1850, adaptirano l. 2025, 65 m2 zemljišča, 1/1 nad., Elegantno, prostorno 2-sobno stanovan...",https://www.nepremicnine.net/oglasi-oddaja/lj-center-stanovanje_6865553/
7092994,LJ. CENTER,Stanovanje,2-sobno,2.0,1300.0,EUR,65.0,2006,2/4,"65 m2, 2-sobno, zgrajeno l. 2006, 2/4 nad., oddamo. Cena: 1.300,00 EUR/mes",https://www.nepremicnine.net/oglasi-oddaja/lj-center-stanovanje_7092994/
7411945,LJ. CENTER,Stanovanje,1-sobno,1.0,890.0,EUR,66.6,1998,2/5,"66,6 m2, 1-sobno, zgrajeno l. 1998, 2/5 nad., Na odlični lokaciji oddamo lepo stanovanje s teraso, oddamo. Cena: 890,00 ...",https://www.nepremicnine.net/oglasi-oddaja/lj-center-stanovanje_7411945/
7408669,LJ. CENTER,Stanovanje,3-sobno,3.0,1200.0,EUR,66.7,1897,P/3,"66,7 m2, 3-sobno, zgrajeno l. 1897, adaptirano l. 2021, P/3 nad., oddamo. Cena: 1.200,00 EUR/mes",https://www.nepremicnine.net/oglasi-oddaja/lj-center-stanovanje_7408669/
7359516,LJ. CENTER,Stanovanje,"2,5-sobno",2.5,1300.0,EUR,67.0,2008,4/6,"67 m2, 2,5-sobno, zgrajeno l. 2008, adaptirano l. 2022, 4/6 nad., oddamo. Cena: 1.300,00 EUR/mes",https://www.nepremicnine.net/oglasi-oddaja/lj-center-stanovanje_7359516/
7411259,LJ. CENTER,Stanovanje,2-sobno,2.0,1300.0,EUR,67.0,2006,2/5,"67 m2, 2-sobno, zgrajeno l. 2006, 2/5 nad., oddamo. Cena: 1.300,00 EUR/mes",https://www.nepremicnine.net/oglasi-oddaja/lj-center-stanovanje_7411259/
7290383,LJ. CENTER,Stanovanje,2-sobno,2.0,1100.0,EUR,69.2,2006,3/5,"69,2 m2, 2-sobno, zgrajeno l. 2006, adaptirano l. 2023, 3/5 nad., oddamo. Cena: 1.100,00 EUR/mes",https://www.nepremicnine.net/oglasi-oddaja/lj-center-stanovanje_7290383/
6503726,LJ. CENTER,Stanovanje,3-sobno,3.0,4494.0,EUR,70.0,2022,,"70 m2, 3-sobno, zgrajeno l. 2022, oddamo. Cena: 4.494,00 EUR/mes",https://www.nepremicnine.net/oglasi-oddaja/lj-center-stanovanje_6503726/
7388364,LJ. CENTER,Stanovanje,3-sobno,3.0,1500.0,EUR,71.5,2022,VP/4,"71,5 m2, 3-sobno, adaptirano l. 2022, adaptirano l. 2026, VP/4 nad., CENTER, VODMAT, v celoti prenovljeno in opremljeno ...",https://www.nepremicnine.net/oglasi-oddaja/lj-center-stanovanje_7388364/
6904266,LJ. CENTER,Stanovanje,3-sobno,3.0,1200.0,EUR,72.0,1876,2/3,"72 m2, 3-sobno, dupleks, zgrajeno l. 1876, 2/3 nad., Oddam stanovanje, oddamo. Cena: 1.200,00 EUR/mes",https://www.nepremicnine.net/oglasi-oddaja/lj-center-stanovanje_6904266/
7406677,LJ. CENTER,Stanovanje,2-sobno,2.0,1150.0,EUR,72.2,2004,3/4,"72,2 m2, 2-sobno, zgrajeno l. 2004, 3/4 nad., V novejšem bloku oddamo prostorno in zelo svetlo stanovanje v Centru Ljubl...",https://www.nepremicnine.net/oglasi-oddaja/lj-center-stanovanje_7406677/
7356243,LJ. CENTER,Stanovanje,2-sobno,2.0,1500.0,EUR,73.3,1932,VP,"73,3 m2, 2-sobno, zgrajeno l. 1932, adaptirano l. 2022, visoko pritličje, oddamo. Cena: 1.500,00 EUR/mes",https://www.nepremicnine.net/oglasi-oddaja/lj-center-stanovanje_7356243/
7279473,LJ. CENTER,Stanovanje,3-sobno,3.0,1600.0,EUR,76.2,1931,1/2,"76,2 m2, 3-sobno, zgrajeno l. 1931, adaptirano l. 2019, 1/2 nad., oddamo. Cena: 1.600,00 EUR/mes",https://www.nepremicnine.net/oglasi-oddaja/lj-center-stanovanje_7279473/
7392017,LJ. CENTER,Stanovanje,2-sobno,2.0,1700.0,EUR,78.7,1983,2,"78,7 m2, 2-sobno, zgrajeno l. 1983, adaptirano l. 2023, 2. nad., oddamo. Cena: 1.700,00 EUR/mes",https://www.nepremicnine.net/oglasi-oddaja/lj-center-stanovanje_7392017/
6860071,LJ. CENTER,Stanovanje,3-sobno,3.0,2500.0,EUR,80.0,1960,2,"80 m2, 3-sobno, zgrajeno l. 1960, adaptirano l. 2018, 2. nad., oddamo. Cena: 2.500,00 EUR/mes",https://www.nepremicnine.net/oglasi-oddaja/lj-center-stanovanje_6860071/
7355556,LJ. CENTER,Stanovanje,3-sobno,3.0,1500.0,EUR,80.97,1940,P,"80,97 m2, 3-sobno, zgrajeno l. 1940, adaptirano l. 2008, pritličje, oddamo. Cena: 1.500,00 EUR/mes",https://www.nepremicnine.net/oglasi-oddaja/lj-center-stanovanje_7355556/
7389904,LJ. CENTER,Stanovanje,3-sobno,3.0,1700.0,EUR,81.2,1850,2/3,"81,2 m2, 3-sobno, zgrajeno l. 1850, adaptirano l. 2026, 2/3 nad., oddamo. Cena: 1.700,00 EUR/mes",https://www.nepremicnine.net/oglasi-oddaja/lj-center-stanovanje_7389904/
7365931,LJ. CENTER,Stanovanje,3-sobno,3.0,1700.0,EUR,84.6,1957,2/5,"84,6 m2, 3-sobno, zgrajeno l. 1957, 2/5 nad., oddamo. Cena: 1.700,00 EUR/mes",https://www.nepremicnine.net/oglasi-oddaja/lj-center-stanovanje_7365931/
7035913,LJ. CENTER,Stanovanje,4-sobno,4.0,1500.0,EUR,84.7,1970,12/13,"84,7 m2, 4-sobno, zgrajeno l. 1970, adaptirano l. 2013, 12/13 nad., luksuzno urbano bivanje nad ljubljano, oddamo. Cena:...",https://www.nepremicnine.net/oglasi-oddaja/lj-center-stanovanje_7035913/
7407349,LJ. CENTER,Stanovanje,3-sobno,3.0,1150.0,EUR,85.1,1959,3,"85,1 m2, 3-sobno, zgrajeno l. 1959, adaptirano l. 2019, 3. nad., oddamo. Cena: 1.150,00 EUR/mes",https://www.nepremicnine.net/oglasi-oddaja/lj-center-stanovanje_7407349/
7408414,LJ. CENTER,Stanovanje,3-sobno,3.0,1350.0,EUR,85.5,1900,1/3,"85,5 m2, 3-sobno, zgrajeno l. 1900, adaptirano l. 2000, 1/3 nad., staromeščansko stanovanje v centru Ljubljane, oddamo. ...",https://www.nepremicnine.net/oglasi-oddaja/lj-center-stanovanje_7408414/
7398209,LJ. CENTER,Stanovanje,3-sobno,3.0,2000.0,EUR,87.4,2003,1/2,"87,4 m2, 3-sobno, zgrajeno l. 2003, adaptirano l. 2020, 1/2 nad., Za dolgoročni najem oddamo 3 sobno stanovanje s parkir...",https://www.nepremicnine.net/oglasi-oddaja/lj-center-stanovanje_7398209/
7339737,LJ. CENTER,Stanovanje,4-sobno,4.0,1600.0,EUR,87.6,2004,,"87,6 m2, 4-sobno, zgrajeno l. 2004, oddamo. Cena: 1.600,00 EUR/mes",https://www.nepremicnine.net/oglasi-oddaja/lj-center-stanovanje_7339737/
7408958,LJ. CENTER,Stanovanje,3-sobno,3.0,2000.0,EUR,89.54,2021,2,"89,54 m2, 3-sobno, zgrajeno l. 2021, 2. nad., oddamo. Cena: 2.000,00 EUR/mes",https://www.nepremicnine.net/oglasi-oddaja/lj-center-stanovanje_7408958/
6863517,LJ. CENTER,Stanovanje,2-sobno,2.0,1300.0,EUR,89.7,1955,4,"89,7 m2, 2-sobno, zgrajeno l. 1955, adaptirano l. 2014, 4. nad., Oddaja se luksuzno dvosobno stanovanje v srcu Ljubljane...",https://www.nepremicnine.net/oglasi-oddaja/lj-center-stanovanje_6863517/
7353242,LJ. CENTER,Stanovanje,3-sobno,3.0,1400.0,EUR,90.0,1607,2/3,"90 m2, 3-sobno, zgrajeno l. 1607, adaptirano l. 2022, 2/3 nad., prostorno, svetlo stanovanje v strogem centru, kompletno...",https://www.nepremicnine.net/oglasi-oddaja/lj-center-stanovanje_7353242/
7041833,LJ. CENTER,Stanovanje,3-sobno,3.0,1350.0,EUR,91.0,1905,1,"91 m2, 3-sobno, zgrajeno l. 1905, adaptirano l. 2025, 1. nad., Gregorčičeva ulica - kjer se tradicija sreča z brezčasno ...",https://www.nepremicnine.net/oglasi-oddaja/lj-center-stanovanje_7041833/
6529781,LJ. CENTER,Stanovanje,"3,5-sobno",3.5,1500.0,EUR,91.3,1897,,"91,3 m2, 3,5-sobno, zgrajeno l. 1897, adaptirano l. 2021, oddamo. Cena: 1.500,00 EUR/mes",https://www.nepremicnine.net/oglasi-oddaja/lj-center-stanovanje_6529781/
7366957,LJ. CENTER,Stanovanje,3-sobno,3.0,1650.0,EUR,92.9,1985,,"92,9 m2, 3-sobno, zgrajeno l. 1985, oddamo. Cena: 1.650,00 EUR/mes",https://www.nepremicnine.net/oglasi-oddaja/lj-center-stanovanje_7366957/
7408879,LJ. CENTER,Stanovanje,3-sobno,3.0,1550.0,EUR,93.2,2018,1/4,"93,2 m2, 3-sobno, zgrajeno l. 2018, 1/4 nad., oddamo. Cena: 1.550,00 EUR/mes",https://www.nepremicnine.net/oglasi-oddaja/lj-center-stanovanje_7408879/
7347618,LJ. CENTER,Stanovanje,"3,5-sobno",3.5,1800.0,EUR,94.9,1865,,"94,9 m2, 3,5-sobno, zgrajeno l. 1865, Ekskluzivno meščansko stanovanje ob Tivoliju, oddamo. Cena: 1.800,00 EUR/mes",https://www.nepremicnine.net/oglasi-oddaja/lj-center-stanovanje_7347618/
7409546,LJ. CENTER,Stanovanje,3-sobno,3.0,1800.0,EUR,94.9,1865,VP/4,"94,9 m2, 3-sobno, zgrajeno l. 1865, adaptirano l. 2010, VP/4 nad., oddamo. Cena: 1.800,00 EUR/mes",https://www.nepremicnine.net/oglasi-oddaja/lj-center-stanovanje_7409546/
6821861,LJ. CENTER,Stanovanje,3-sobno,3.0,1350.0,EUR,95.8,1969,5,"95,8 m2, 3-sobno, zgrajeno l. 1969, adaptirano l. 2018, 5. nad., oddamo. Cena: 1.350,00 EUR/mes",https://www.nepremicnine.net/oglasi-oddaja/lj-center-stanovanje_6821861/
7406620,LJ. CENTER,Stanovanje,3-sobno,3.0,2100.0,EUR,98.0,1984,1/3,"98 m2, 3-sobno, zgrajeno l. 1984, adaptirano l. 2023, 1/3 nad., oddamo. Cena: 2.100,00 EUR/mes",https://www.nepremicnine.net/oglasi-oddaja/lj-center-stanovanje_7406620/
7361081,LJ. CENTER,Stanovanje,3-sobno,3.0,1500.0,EUR,100.0,1918,1,"100 m2, 3-sobno, zgrajeno l. 1918, 1. nad., Stanovanje je v fazi renovacije. oglas je objavljen za morebitne zainteresir...",https://www.nepremicnine.net/oglasi-oddaja/lj-center-stanovanje_7361081/
7395508,LJ. CENTER,Stanovanje,"3,5-sobno",3.5,1800.0,EUR,101.1,1932,6/7,"101,1 m2, 3,5-sobno, zgrajeno l. 1932, adaptirano l. 2008, 6/7 nad., oddamo. Cena: 1.800,00 EUR/mes",https://www.nepremicnine.net/oglasi-oddaja/lj-center-stanovanje_7395508/
7356456,LJ. CENTER,Stanovanje,3-sobno,3.0,3000.0,EUR,102.0,1911,1,"102 m2, 3-sobno, zgrajeno l. 1911, 1. nad., oddamo. Cena: 3.000,00 EUR/mes",https://www.nepremicnine.net/oglasi-oddaja/lj-center-stanovanje_7356456/
7383122,LJ. CENTER,Stanovanje,4-sobno,4.0,1700.0,EUR,102.5,1991,2,"102,5 m2, 4-sobno, zgrajeno l. 1991, 2. nad., oddamo. Cena: 1.700,00 EUR/mes",https://www.nepremicnine.net/oglasi-oddaja/lj-center-stanovanje_7383122/
7305771,LJ. CENTER,Stanovanje,4-sobno,4.0,2200.0,EUR,102.7,2024,2/3,"102,7 m2, 4-sobno, zgrajeno l. 2024, 2/3 nad., V moderni tri stanovanjski stavbi je v središču Ljubljane na voljo popoln...",https://www.nepremicnine.net/oglasi-oddaja/lj-center-stanovanje_7305771/
7404723,LJ. CENTER,Stanovanje,3-sobno,3.0,1500.0,EUR,104.0,1985,2,"104 m2, 3-sobno, zgrajeno l. 1985, 2. nad., oddamo. Cena: 1.500,00 EUR/mes",https://www.nepremicnine.net/oglasi-oddaja/lj-center-stanovanje_7404723/
7403037,LJ. CENTER,Stanovanje,3-sobno,3.0,1750.0,EUR,105.0,1998,6,"105 m2, 3-sobno, zgrajeno l. 1998, 6. nad., Trisobno stanovanje v Kapitlju, oddamo. Cena: 1.750,00 EUR/mes",https://www.nepremicnine.net/oglasi-oddaja/lj-center-stanovanje_7403037/
7390562,LJ. CENTER,Stanovanje,3-sobno,3.0,1350.0,EUR,105.8,1929,P,"105,8 m2, 3-sobno, zgrajeno l. 1929, pritličje, oddamo. Cena: 1.350,00 EUR/mes",https://www.nepremicnine.net/oglasi-oddaja/lj-center-stanovanje_7390562/
7406410,LJ. CENTER,Stanovanje,4-sobno,4.0,3500.0,EUR,110.0,2022,3/6,"110 m2, 4-sobno, zgrajeno l. 2022, 3/6 nad., kompletno opremljeno, pogled na Ljubljanski grad, ekskluzivna lokacija, dva...",https://www.nepremicnine.net/oglasi-oddaja/lj-center-stanovanje_7406410/
7371064,LJ. CENTER,Stanovanje,3-sobno,3.0,1550.0,EUR,110.0,1893,3/4,"110 m2, 3-sobno, zgrajeno l. 1893, adaptirano l. 2017, 3/4 nad., oddamo. Cena: 1.550,00 EUR/mes",https://www.nepremicnine.net/oglasi-oddaja/lj-center-stanovanje_7371064/
7364979,LJ. CENTER,Stanovanje,4-sobno,4.0,3500.0,EUR,110.04,2023,3/6,"110,04 m2, 4-sobno, zgrajeno l. 2023, 3/6 nad., oddamo. Cena: 3.500,00 EUR/mes",https://www.nepremicnine.net/oglasi-oddaja/lj-center-stanovanje_7364979/
7075207,LJ. CENTER,Stanovanje,3-sobno,3.0,2480.0,EUR,112.48,2018,4/5,"112,48 m2, 3-sobno, novogradnja - zgr. l. 2018, adaptirano l. 2024, 4/5 nad., oddamo. Cena: 2.480,00 EUR/mes",https://www.nepremicnine.net/oglasi-oddaja/lj-center-stanovanje_7075207/
7073423,LJ. CENTER,Stanovanje,3-sobno,3.0,1800.0,EUR,113.0,1896,1/3,"113 m2, 3-sobno, zgrajeno l. 1896, 1/3 nad., oddamo. Cena: 1.800,00 EUR/mes",https://www.nepremicnine.net/oglasi-oddaja/lj-center-stanovanje_7073423/
7058332,LJ. CENTER,Stanovanje,"3,5-sobno",3.5,1800.0,EUR,113.54,1935,6/7,"113,54 m2, 3,5-sobno, zgrajeno l. 1935, adaptirano l. 2008, 6/7 nad., Staromeščansko stanovanje v Dukičevih blokih v cen...",https://www.nepremicnine.net/oglasi-oddaja/lj-center-stanovanje_7058332/
7395452,LJ. CENTER,Stanovanje,3-sobno,3.0,3100.0,EUR,114.0,2021,3/6,"114 m2, 3-sobno, zgrajeno l. 2021, adaptirano l. 2024, 3/6 nad., V rezidenci Šumi oddamo kompletno opremljeno stanovanje...",https://www.nepremicnine.net/oglasi-oddaja/lj-center-stanovanje_7395452/
7360898,LJ. CENTER,Stanovanje,3-sobno,3.0,3100.0,EUR,114.3,2023,3/6,"114,3 m2, 3-sobno, zgrajeno l. 2023, 3/6 nad., oddamo. Cena: 3.100,00 EUR/mes",https://www.nepremicnine.net/oglasi-oddaja/lj-center-stanovanje_7360898/
7406466,LJ. CENTER,Stanovanje,4-sobno,4.0,2950.0,EUR,117.63,2026,P,"117,63 m2, 4-sobno, zgrajeno l. 2026, pritličje, V enem najbolj diskretnih in elitnih predelov Ljubljane, le korak od me...",https://www.nepremicnine.net/oglasi-oddaja/lj-center-stanovanje_7406466/
7406468,LJ. CENTER,Stanovanje,4-sobno,4.0,2800.0,EUR,117.63,2026,1,"117,63 m2, 4-sobno, zgrajeno l. 2026, 1. nad., V enem najbolj diskretnih in elitnih predelov Ljubljane, le korak od mest...",https://www.nepremicnine.net/oglasi-oddaja/lj-center-stanovanje_7406468/
7020572,LJ. CENTER,Stanovanje,3-sobno,3.0,3500.0,EUR,119.2,1902,,"119,2 m2, 3-sobno, zgrajeno l. 1902, adaptirano l. 2014, oddamo. Cena: 3.500,00 EUR/mes",https://www.nepremicnine.net/oglasi-oddaja/lj-center-stanovanje_7020572/
7347445,LJ. CENTER,Stanovanje,4-sobno,4.0,2100.0,EUR,120.0,1956,2/5,"120 m2, 4-sobno, zgrajeno l. 1956, adaptirano l. 2010, 2/5 nad., Prostorno stanovanje na izredni lokaciji, oddamo. Cena:...",https://www.nepremicnine.net/oglasi-oddaja/lj-center-stanovanje_7347445/
7132737,LJ. CENTER,Stanovanje,"4,5-sobno",4.5,3000.0,EUR,120.0,1929,VP/4,"120 m2, 4,5-sobno, zgrajeno l. 1929, adaptirano l. 2025, VP/4 nad., oddamo. Cena: 3.000,00 EUR/mes",https://www.nepremicnine.net/oglasi-oddaja/lj-center-stanovanje_7132737/
7119811,LJ. CENTER,Stanovanje,4-sobno,4.0,2500.0,EUR,121.3,1930,3,"121,3 m2, 4-sobno, zgrajeno l. 1930, 3. nad., oddamo. Cena: 2.500,00 EUR/mes",https://www.nepremicnine.net/oglasi-oddaja/lj-center-stanovanje_7119811/
6514841,LJ. CENTER,Stanovanje,3-sobno,3.0,2100.0,EUR,122.0,2014,,"122 m2, 3-sobno, zgrajeno l. 2014, Prostorno opremljeno stanovanje v starem delu Ljubljane nasproti mestne hiše na Strit...",https://www.nepremicnine.net/oglasi-oddaja/lj-center-stanovanje_6514841/
7198237,LJ. CENTER,Stanovanje,4-sobno,4.0,3000.0,EUR,123.53,1929,,"123,53 m2, 4-sobno, zgrajeno l. 1929, adaptirano l. 2025, oddamo. Cena: 3.000,00 EUR/mes",https://www.nepremicnine.net/oglasi-oddaja/lj-center-stanovanje_7198237/
7389866,LJ. CENTER,Stanovanje,"3,5-sobno",3.5,1800.0,EUR,127.2,2006,5/5,"127,2 m2, 3,5-sobno, zgrajeno l. 2006, 5/5 nad., oddamo. Cena: 1.800,00 EUR/mes",https://www.nepremicnine.net/oglasi-oddaja/lj-center-stanovanje_7389866/
7370197,LJ. CENTER,Stanovanje,4-sobno,4.0,3500.0,EUR,130.8,2022,,"130,8 m2, 4-sobno, zgrajeno l. 2022, oddamo. Cena: 3.500,00 EUR/mes",https://www.nepremicnine.net/oglasi-oddaja/lj-center-stanovanje_7370197/
7383820,LJ. CENTER,Stanovanje,4-sobno,4.0,3300.0,EUR,133.6,2007,,"133,6 m2, 4-sobno, zgrajeno l. 2007, oddamo. Cena: 3.300,00 EUR/mes",https://www.nepremicnine.net/oglasi-oddaja/lj-center-stanovanje_7383820/
6873686,LJ. CENTER,Stanovanje,4-sobno,4.0,3300.0,EUR,134.2,2005,M,"134,2 m2, 4-sobno, zgrajeno l. 2005, mansarda, oddamo. Cena: 3.300,00 EUR/mes",https://www.nepremicnine.net/oglasi-oddaja/lj-center-stanovanje_6873686/
7305836,LJ. CENTER,Stanovanje,4-sobno,4.0,2200.0,EUR,134.3,2023,2/2,"134,3 m2, 4-sobno, novogradnja - zgr. l. 2023, 2/2 nad., ljubljana center - prestižno 4-sobno stanovanje z dvema parkirn...",https://www.nepremicnine.net/oglasi-oddaja/lj-center-stanovanje_7305836/
7365987,LJ. CENTER,Stanovanje,4-sobno,4.0,3200.0,EUR,135.87,2023,P,"135,87 m2, 4-sobno, zgrajeno l. 2023, pritličje, oddamo. Cena: 3.200,00 EUR/mes",https://www.nepremicnine.net/oglasi-oddaja/lj-center-stanovanje_7365987/
6760889,LJ. CENTER,Stanovanje,4-sobno,4.0,1950.0,EUR,137.8,1600,,"137,8 m2, 4-sobno, zgrajeno l. 1600, oddamo. Cena: 1.950,00 EUR/mes",https://www.nepremicnine.net/oglasi-oddaja/lj-center-stanovanje_6760889/
7356458,LJ. CENTER,Stanovanje,2-sobno,2.0,2000.0,EUR,144.0,1991,1/4,"144 m2, 2-sobno, zgrajeno l. 1991, adaptirano l. 2011, 1/4 nad., oddamo. Cena: 2.000,00 EUR/mes",https://www.nepremicnine.net/oglasi-oddaja/lj-center-stanovanje_7356458/
7383004,LJ. CENTER,Stanovanje,3-sobno,3.0,2800.0,EUR,145.0,1896,4/6,"145 m2, 3-sobno, zgrajeno l. 1896, adaptirano l. 2002, 4/6 nad., obnovljeno stanovanje z balkonom, parkirnim mestom, dvi...",https://www.nepremicnine.net/oglasi-oddaja/lj-center-stanovanje_7383004/
7413851,LJ. CENTER,Stanovanje,4-sobno,4.0,2200.0,EUR,145.0,1900,3/4,"145 m2, 4-sobno, zgrajeno l. 1900, 3/4 nad., oddamo. Cena: 2.200,00 EUR/mes",https://www.nepremicnine.net/oglasi-oddaja/lj-center-stanovanje_7413851/
7097008,LJ. CENTER,Stanovanje,4-sobno,4.0,3950.0,EUR,155.3,1826,,"155,3 m2, 4-sobno, zgrajeno l. 1826, oddamo. Cena: 3.950,00 EUR/mes",https://www.nepremicnine.net/oglasi-oddaja/lj-center-stanovanje_7097008/
7116646,LJ. CENTER,Stanovanje,5 in večsobno,,2500.0,EUR,158.0,1898,2/2,"158 m2, 5 in večsobno, zgrajeno l. 1898, adaptirano l. 2017, 2/2 nad., oddamo. Cena: 2.500,00 EUR/mes",https://www.nepremicnine.net/oglasi-oddaja/lj-center-stanovanje_7116646/
7281795,LJ. CENTER,Stanovanje,4-sobno,4.0,2800.0,EUR,163.5,1934,3/4,"163,5 m2, 4-sobno, zgrajeno l. 1934, adaptirano l. 2019, 3/4 nad., oddamo. Cena: 2.800,00 EUR/mes",https://www.nepremicnine.net/oglasi-oddaja/lj-center-stanovanje_7281795/
7395858,LJ. CENTER,Stanovanje,5 in večsobno,,3500.0,EUR,170.0,2025,2,"170 m2, 5 in večsobno, novogradnja - zgr. l. 2025, 2. nad., oddamo. Cena: 3.500,00 EUR/mes",https://www.nepremicnine.net/oglasi-oddaja/lj-center-stanovanje_7395858/
7414571,LJ. CENTER,Stanovanje,"3,5-sobno",3.5,2700.0,EUR,170.6,1898,,"170,6 m2, 3,5-sobno, zgrajeno l. 1898, oddamo. Cena: 2.700,00 EUR/mes",https://www.nepremicnine.net/oglasi-oddaja/lj-center-stanovanje_7414571/
6812185,LJ. CENTER,Stanovanje,4-sobno,4.0,4500.0,EUR,182.6,1905,2/4,"182,6 m2, 4-sobno, zgrajeno l. 1905, adaptirano l. 2024, 2/4 nad., oddamo. Cena: 4.500,00 EUR/mes",https://www.nepremicnine.net/oglasi-oddaja/lj-center-stanovanje_6812185/
7084158,LJ. CENTER,Stanovanje,"4,5-sobno",4.5,4000.0,EUR,184.3,1600,2/3,"184,3 m2, 4,5-sobno, zgrajeno l. 1600, adaptirano l. 2023, 2/3 nad., oddamo. Cena: 4.000,00 EUR/mes",https://www.nepremicnine.net/oglasi-oddaja/lj-center-stanovanje_7084158/
7305959,LJ. CENTER,Stanovanje,5 in večsobno,,2750.0,EUR,190.0,2024,,"190 m2, 5 in večsobno, ""penthouse"", zgrajeno l. 2024, Ekskluzivni penthouse z razgledom, 4 spalnice, terasa, 2...",https://www.nepremicnine.net/oglasi-oddaja/lj-center-stanovanje_7305959/
7350161,LJ. CENTER,Stanovanje,4-sobno,4.0,2000.0,EUR,208.2,1923,3/3,"208,2 m2, 4-sobno, zgrajeno l. 1923, adaptirano l. 2024, 3/3 nad., Oddamo 4-sobno stanovanje na Prulah neto tlorisne pov...",https://www.nepremicnine.net/oglasi-oddaja/lj-center-stanovanje_7350161/
7389988,LJ. CENTER,Stanovanje,5 in večsobno,,2750.0,EUR,210.3,1912,,"210,3 m2, 5 in večsobno, zgrajeno l. 1912, oddamo. Cena: 2.750,00 EUR/mes",https://www.nepremicnine.net/oglasi-oddaja/lj-center-stanovanje_7389988/
7358518,LJ. CENTER,Stanovanje,4-sobno,4.0,3500.0,EUR,227.0,2007,3/5,"227 m2, 4-sobno, zgrajeno l. 2007, 3/5 nad., Vila Grad v centru Ljubljane, moderno stanovanje za pare ali družine, oddam...",https://www.nepremicnine.net/oglasi-oddaja/lj-center-stanovanje_7358518/
6790643,LJ. CENTER,Stanovanje,4-sobno,4.0,3500.0,EUR,250.0,1520,1,"250 m2, 4-sobno, zgrajeno l. 1520, adaptirano l. 2010, 1. nad., oddamo. Cena: 3.500,00 EUR/mes",https://www.nepremicnine.net/oglasi-oddaja/lj-center-stanovanje_6790643/
7347449,LJ. CENTER,Stanovanje,5 in večsobno,,4000.0,EUR,285.0,1520,3/3,"285 m2, 5 in večsobno, zgrajeno l. 1520, adaptirano l. 2026, 3/3 nad., oddamo. Cena: 4.000,00 EUR/mes",https://www.nepremicnine.net/oglasi-oddaja/lj-center-stanovanje_7347449/
7043138,LJ. CENTER,Stanovanje,5 in večsobno,,4000.0,EUR,337.0,2008,7/7,"337 m2, 5 in večsobno, ""penthouse"", zgrajeno l. 2008, adaptirano l. 2015, 7/7 nad., Penthouse na Železni cesti...",https://www.nepremicnine.net/oglasi-oddaja/lj-center-stanovanje_7043138/
7411357,"LJ. CENTER, AŠKERČEVA",Stanovanje,Soba,,270.0,EUR,35.0,1933,1/2,"35 m2, soba, zgrajena l. 1933, adaptirana l. 2009, 1/2 nad., Večja dvoposteljna soba v študentskem stanovanju pri Aškerč...",https://www.nepremicnine.net/oglasi-oddaja/lj-center-askerceva-stanovanje_7411357/
7408301,"LJ. CENTER, BAVARSKI DVOR",Stanovanje,4-sobno,4.0,1850.0,EUR,119.6,1956,4/7,"119,6 m2, 4-sobno, zgrajeno l. 1956, adaptirano l. 2025, 4/7 nad., funkcionalno razporejeno in zelo svetlo stanovanje z ...",https://www.nepremicnine.net/oglasi-oddaja/lj-center-bavarski-dvor-stanovanje_7408301/
6938337,"LJ. CENTER, BEETHOVNOVA 9",Stanovanje,3-sobno,3.0,2800.0,EUR,117.0,1910,,"117 m2, 3-sobno, zgrajeno l. 1910, adaptirano l. 2011, Oddamo prenovljeno stanovanje v secesijski zgradbi na Beethovnovi...",https://www.nepremicnine.net/oglasi-oddaja/lj-center-beethovnova-9-stanovanje_6938337/
7349504,"LJ. CENTER, BLIŽINA KRIŽANK",Stanovanje,3-sobno,3.0,1400.0,EUR,90.0,1607,2/3,"90 m2, 3-sobno, zgrajeno l. 1607, adaptirano l. 2022, 2/3 nad., 3-sobno staro meščansko stanovanje v bližini Križank, od...",https://www.nepremicnine.net/oglasi-oddaja/lj-center-blizina-krizank-stanovanje_7349504/
7256174,"LJ. CENTER, BLIŽINA TIVOLIJA",Stanovanje,3-sobno,3.0,2300.0,EUR,110.7,1920,2/4,"110,7 m2, 3-sobno, zgrajeno l. 1920, adaptirano l. 2015, 2/4 nad., Na najboljši lokaciji oddamo zelo lepo in opremljeno ...",https://www.nepremicnine.net/oglasi-oddaja/lj-center-blizina-tivolija-stanovanje_7256174/
7324073,"LJ. CENTER, CANKARJEVA ULICA",Stanovanje,3-sobno,3.0,1300.0,EUR,70.4,1990,1/1,"70,4 m2, 3-sobno, ""penthouse"", zgrajeno l. 1990, adaptirano l. 2022, 1/1 nad., posredujemo pri oddaji zelo lep...",https://www.nepremicnine.net/oglasi-oddaja/lj-center-cankarjeva-ulica-stanovanje_7324073/
6538364,"LJ. CENTER, CANKARJEVO NABREŽJE 1",Stanovanje,Garsonjera,,960.0,EUR,60.0,1897,4/4,"60 m2, garsonjera, zgrajena l. 1897, adaptirana l. 2022, 4/4 nad., na odlični, top lokaciji, strogi center, v Filipovem ...",https://www.nepremicnine.net/oglasi-oddaja/lj-center-cankarjevo-nabrezje-1-stanovanje_6538364/
6735712,"LJ. CENTER, CANKARJEVO NABREŽJE 1",Stanovanje,1-sobno,1.0,960.0,EUR,60.0,1897,4/4,"60 m2, 1-sobno, zgrajeno l. 1897, adaptirano l. 2022, 4/4 nad., na odlični, top lokaciji, strogi center, v Filipovem dvo...",https://www.nepremicnine.net/oglasi-oddaja/lj-center-cankarjevo-nabrezje-1-stanovanje_6735712/
7085984,"LJ. CENTER, FERANTOV VRT",Stanovanje,4-sobno,4.0,2950.0,EUR,124.1,1969,4/6,"124,1 m2, 4-sobno, zgrajeno l. 1969, adaptirano l. 2023, 4/6 nad., Oddamo lepo urejeno in v celoti prenovljeno stanovanj...",https://www.nepremicnine.net/oglasi-oddaja/lj-center-ferantov-vrt-stanovanje_7085984/
7133503,"LJ. CENTER, GABRIJELČIČEV NADVOZ",Stanovanje,Garsonjera,,415.0,EUR,19.0,2019,P/2,"19 m2, garsonjera, poslovni apartma, zgrajena l. 2019, adaptirana l. 2024, 100 m2 zemljišča, P/2 nad., Na voljo z 30. se...",https://www.nepremicnine.net/oglasi-oddaja/lj-center-gabrijelcicev-nadvoz-stanovanje_7133503/
7412707,"LJ. CENTER, GLONARJEVA ULICA",Stanovanje,Garsonjera,,850.0,EUR,32.9,2004,1/5,"32,9 m2, garsonjera, zgrajena l. 2004, 1/5 nad., Stanovanje v centru mesta le nekaj korakov od reke Ljubljanice, oddamo....",https://www.nepremicnine.net/oglasi-oddaja/lj-center-glonarjeva-ulica-stanovanje_7412707/
7383317,"LJ. CENTER, GORNJI TRG",Stanovanje,3-sobno,3.0,1800.0,EUR,121.4,1930,1,"121,4 m2, 3-sobno, zgrajeno l. 1930, adaptirano l. 2000, 1. nad., oddamo. Cena: 1.800,00 EUR/mes",https://www.nepremicnine.net/oglasi-oddaja/lj-center-gornji-trg-stanovanje_7383317/
7400359,"LJ. CENTER, GOSPOSVETSKA",Stanovanje,3-sobno,3.0,1600.0,EUR,98.0,1898,2/5,"98 m2, 3-sobno, zgrajeno l. 1898, adaptirano l. 2017, 2/5 nad., Stanovanje obsega predsobo, dnevno sobo z jedilnico in k...",https://www.nepremicnine.net/oglasi-oddaja/lj-center-gosposvetska-stanovanje_7400359/
7278179,"LJ. CENTER, HUDOVERNIKOVA 11",Stanovanje,2-sobno,2.0,1100.0,EUR,54.0,1980,9/11,"54 m2, 2-sobno, zgrajeno l. 1980, 9/11 nad., Svetlo, 2-sobno stanovanje z balkonom in parkirnim mestom - 9. nadstropje, ...",https://www.nepremicnine.net/oglasi-oddaja/lj-center-hudovernikova-11-stanovanje_7278179/
6490108,"LJ. CENTER, ILIRSKA/ TRUBARJEVA ULICA",Stanovanje,Garsonjera,,990.0,EUR,19.4,1964,2/8,"19,4 m2, garsonjera, zgrajena l. 1964, adaptirana l. 2024, 2/8 nad., Nazadnje prenovljena 2018 in 2024; dvigalo, central...",https://www.nepremicnine.net/oglasi-oddaja/lj-center-ilirska-trubarjeva-ulica-stanovanje_6490108/
7315626,"LJ. CENTER, KAPITELJ",Stanovanje,4-sobno,4.0,2800.0,EUR,268.0,2000,4/5,"268 m2, 4-sobno, zgrajeno l. 2000, 4/5 nad., Oddamo 4 sobno stanovanje z dvema terasama in parkirnim mestom v garaži, od...",https://www.nepremicnine.net/oglasi-oddaja/lj-center-kapitelj-stanovanje_7315626/
7330948,"LJ. CENTER, KODELJEVO",Stanovanje,4-sobno,4.0,1600.0,EUR,78.0,1969,3/4,"78 m2, 4-sobno, zgrajeno l. 1969, 3/4 nad., svetlo stanovanje v urejeni soseski, bližina narave, primerno za družino, od...",https://www.nepremicnine.net/oglasi-oddaja/lj-center-kodeljevo-stanovanje_7330948/
7362584,"LJ. CENTER, MESARSKA",Stanovanje,"3,5-sobno",3.5,1800.0,EUR,115.0,2006,5/5,"115 m2, 3,5-sobno, dupleks, zgrajeno l. 2006, 5/5 nad., oddamo. Cena: 1.800,00 EUR/mes",https://www.nepremicnine.net/oglasi-oddaja/lj-center-mesarska-stanovanje_7362584/
7395976,"LJ. CENTER, MESARSKA CESTA",Stanovanje,2-sobno,2.0,1100.0,EUR,55.0,2007,P/4,"55 m2, 2-sobno, zgrajeno l. 2007, P/4 nad., Oddamo v celoti opremljeno 2-sobno stanovanje z velikim svetlim atrijem in g...",https://www.nepremicnine.net/oglasi-oddaja/lj-center-mesarska-cesta-stanovanje_7395976/
7048333,"LJ. CENTER, MESTNI TRG",Stanovanje,Soba,,390.0,EUR,12.0,2023,1/3,"12 m2, soba, adaptirana l. 2023, 1/3 nad., Oddamo sobo na Mestnem trgu v Ljubljani, velikosti 12 m2. Primerna za študent...",https://www.nepremicnine.net/oglasi-oddaja/lj-center-mestni-trg-stanovanje_7048333/
5910707,"LJ. CENTER, MESTNI TRG",Stanovanje,5 in večsobno,,3800.0,EUR,188.0,2007,3,"188 m2, 5 in večsobno, adaptirano l. 2007, 3. nad., prestižno opremljeno stanovanje s pogledom na grajski hrib: v dnevne...",https://www.nepremicnine.net/oglasi-oddaja/lj-center-mestni-trg-stanovanje_5910707/
7398225,"LJ. CENTER, MIRJE",Stanovanje,2-sobno,2.0,1100.0,EUR,70.0,2023,P,"70 m2, 2-sobno, adaptirano l. 2023, pritličje, moderno in popolnoma opremljeno staromeščansko stanovanje. Klima, TV, WIF...",https://www.nepremicnine.net/oglasi-oddaja/lj-center-mirje-stanovanje_7398225/
7409032,"LJ. CENTER, NASPROTI DRAME IN ŠUMIJA",Stanovanje,3-sobno,3.0,1800.0,EUR,109.0,1932,4/4,"109 m2, 3-sobno, dupleks, v stavbi zgrajeni l. 1932, adaptirano l. 2000, 4/4 nad., oddamo. Cena: do 1.800,00 EUR/mes",https://www.nepremicnine.net/oglasi-oddaja/lj-center-nasproti-drame-in-sumija-stanovanje_7409032/
7308405,"LJ. CENTER, OB LJUBLJANICI",Stanovanje,5 in večsobno,,2500.0,EUR,121.3,1900,2/4,"121,3 m2, 5 in večsobno, zgrajeno l. 1900, adaptirano l. 2017, 2/4 nad., V popolnoma obnovljeni staro meščanski stavbi n...",https://www.nepremicnine.net/oglasi-oddaja/lj-center-ob-ljubljanici-stanovanje_7308405/
6907018,"LJ. CENTER, PLAVA LAGUNA / - BEŽIGRAD",Stanovanje,Garsonjera,,1050.0,EUR,27.0,1974,5/8,"27 m2, garsonjera, poslovni apartma, zgrajena l. 1974, adaptirana l. 2021, 5/8 nad., oddamo. Cena: 1.050,00 EUR/mes",https://www.nepremicnine.net/oglasi-oddaja/lj-center-plava-laguna--bezigrad-stanovanje_6907018/
7357771,"LJ. CENTER, POD GRADOM",Stanovanje,"1,5-sobno",1.5,750.0,EUR,35.0,1965,4/4,"35 m2, 1,5-sobno, zgrajeno l. 1965, adaptirano l. 2010, 4/4 nad., oddamo. Cena: 750,00 EUR/mes",https://www.nepremicnine.net/oglasi-oddaja/lj-center-pod-gradom-stanovanje_7357771/
7368233,"LJ. CENTER, POGLED NA LJUBLJANICO",Stanovanje,2-sobno,2.0,1100.0,EUR,44.8,1807,1/3,"44,8 m2, 2-sobno, zgrajeno l. 1807, adaptirano l. 2015, 1/3 nad., Vzdolž Cankarjevega nabrežja se v obnovljeni stavbi od...",https://www.nepremicnine.net/oglasi-oddaja/lj-center-pogled-na-ljubljanico-stanovanje_7368233/
7395322,"LJ. CENTER, POLJANSKA CESTA",Stanovanje,2-sobno,2.0,1000.0,EUR,59.0,1860,P/1,"59 m2, 2-sobno, zgrajeno l. 1860, adaptirano l. 2026, P/1 nad., Stanovanje na voljo od oktobra, prenova v teku in možnos...",https://www.nepremicnine.net/oglasi-oddaja/lj-center-poljanska-cesta-stanovanje_7395322/
7361736,"LJ. CENTER, POLJANSKA, DVIGALO",Stanovanje,"4,5-sobno",4.5,3000.0,EUR,120.0,1929,VP/4,"120 m2, 4,5-sobno, zgrajeno l. 1929, adaptirano l. 2025, VP/4 nad., oddamo. Cena: 3.000,00 EUR/mes",https://www.nepremicnine.net/oglasi-oddaja/lj-center-poljanska-dvigalo-stanovanje_7361736/
7355624,"LJ. CENTER, PRI TRGU REPUBLIKE",Stanovanje,2-sobno,2.0,1100.0,EUR,48.6,1961,3/5,"48,6 m2, 2-sobno, zgrajeno l. 1961, adaptirano l. 2019, 3/5 nad., Na mirni lokaciji v centru mesta oddamo stanovanje, ki...",https://www.nepremicnine.net/oglasi-oddaja/lj-center-pri-trgu-republike-stanovanje_7355624/
7370983,"LJ. CENTER, RESLJEVA CESTA",Stanovanje,2-sobno,2.0,1300.0,EUR,50.0,1950,2/4,"50 m2, 2-sobno, zgrajeno l. 1950, adaptirano l. 2017, 2/4 nad., oddamo. Cena: 1.300,00 EUR/mes",https://www.nepremicnine.net/oglasi-oddaja/lj-center-resljeva-cesta-stanovanje_7370983/
7391989,"LJ. CENTER, RESLJEVA CESTA",Stanovanje,3-sobno,3.0,3500.0,EUR,101.7,1929,1/2,"101,7 m2, 3-sobno, zgrajeno l. 1929, adaptirano l. 2010, 1/2 nad., zelo lepo in prostorno meščansko stanovanje s parkirn...",https://www.nepremicnine.net/oglasi-oddaja/lj-center-resljeva-cesta-stanovanje_7391989/
6955339,"LJ. CENTER, RIMSKA 2",Stanovanje,2-sobno,2.0,950.0,EUR,50.0,1930,1/2,"50 m2, 2-sobno, zgrajeno l. 1930, adaptirano l. 2023, 1/2 nad., oddamo. Cena: 950,00 EUR/mes",https://www.nepremicnine.net/oglasi-oddaja/lj-center-rimska-2-stanovanje_6955339/
7412866,"LJ. CENTER, ROŽNA DOLINA",Stanovanje,3-sobno,3.0,2495.0,EUR,116.2,2015,1,"116,2 m2, 3-sobno, zgrajeno l. 2015, 1. nad., Na odlični lokaciji v Rožni dolini, tik ob Rožniku, oddamo prostorno, svet...",https://www.nepremicnine.net/oglasi-oddaja/lj-center-rozna-dolina-stanovanje_7412866/
7391015,"LJ. CENTER, SCHELLENBURG",Stanovanje,2-sobno,2.0,2500.0,EUR,68.6,2023,P/7,"68,6 m2, 2-sobno, zgrajeno l. 2023, P/7 nad., oddamo. Cena: 2.500,00 EUR/mes",https://www.nepremicnine.net/oglasi-oddaja/lj-center-schellenburg-stanovanje_7391015/
7363317,"LJ. CENTER, SCHELLENBURG",Stanovanje,2-sobno,2.0,2400.0,EUR,91.52,2023,5/7,"91,52 m2, 2-sobno, zgrajeno l. 2023, 5/7 nad., Schellenburg, oddamo. Cena: 2.400,00 EUR/mes",https://www.nepremicnine.net/oglasi-oddaja/lj-center-schellenburg-stanovanje_7363317/
6842339,"LJ. CENTER, SCHELLENBURG",Stanovanje,3-sobno,3.0,3300.0,EUR,102.3,2024,3,"102,3 m2, 3-sobno, zgrajeno l. 2024, 3. nad., prestižno luksuzno trisobno stanovanje v srčiki schellenburga, oddamo. Cen...",https://www.nepremicnine.net/oglasi-oddaja/lj-center-schellenburg-stanovanje_6842339/
7407595,"LJ. CENTER, SITULA",Stanovanje,2-sobno,2.0,1500.0,EUR,91.7,2012,3/20,"91,7 m2, 2-sobno, zgrajeno l. 2012, 3/20 nad., popolnoma opremljeno z balkonom(ložo),pripada mu še kletna shramba v izme...",https://www.nepremicnine.net/oglasi-oddaja/lj-center-situla-stanovanje_7407595/
7398356,"LJ. CENTER, SLOMŠKOVA ULICA",Stanovanje,Garsonjera,,800.0,EUR,25.0,2025,P/4,"25 m2, garsonjera, adaptirana l. 2025, P/4 nad., Popolnoma opremeljena garsonjera na voljo za najem od 1.10.2026 dalje, ...",https://www.nepremicnine.net/oglasi-oddaja/lj-center-slomskova-ulica-stanovanje_7398356/
7362879,"LJ. CENTER, SLOVENSKA CESTA 51",Stanovanje,"2,5-sobno",2.5,2200.0,EUR,122.0,1900,4/4,"122 m2, 2,5-sobno, dupleks, zgrajeno l. 1900, adaptirano l. 2024, 4/4 nad., Oddamo dupleks stanovanje na odlični lokacij...",https://www.nepremicnine.net/oglasi-oddaja/lj-center-slovenska-cesta-51-stanovanje_7362879/
7397718,"LJ. CENTER, STARA",Stanovanje,Garsonjera,,700.0,EUR,25.0,1850,2/3,"25 m2, garsonjera, zgrajena l. 1850, adaptirana l. 2015, 2/3 nad., Prijetna garsonjera v srcu Ljubljane, pri Pravni faku...",https://www.nepremicnine.net/oglasi-oddaja/lj-center-stara-stanovanje_7397718/
7091429,"LJ. CENTER, STARA",Stanovanje,"1,5-sobno",1.5,900.0,EUR,34.0,1886,3/4,"34 m2, 1,5-sobno, zgrajeno l. 1886, adaptirano l. 2015, 3/4 nad., 34 m2, 1,5-sobno, zgrajeno l. 1860, adaptirano l. 2015...",https://www.nepremicnine.net/oglasi-oddaja/lj-center-stara-stanovanje_7091429/
6860203,"LJ. CENTER, STARA",Stanovanje,4-sobno,4.0,2300.0,EUR,121.3,1900,2/4,"121,3 m2, 4-sobno, zgrajeno l. 1900, adaptirano l. 2018, 2/4 nad., oddamo. Cena: 2.300,00 EUR/mes",https://www.nepremicnine.net/oglasi-oddaja/lj-center-stara-stanovanje_6860203/
7404440,"LJ. CENTER, STRELIŠKA ULICA",Stanovanje,2-sobno,2.0,1100.0,EUR,54.05,1959,2/10,"54,05 m2, 2-sobno, zgrajeno l. 1959, adaptirano l. 2023, 2/10 nad., LJ. center, poljane, 56,4 m2, 2-sobno, zgrajeno l. 1...",https://www.nepremicnine.net/oglasi-oddaja/lj-center-streliska-ulica-stanovanje_7404440/
7395554,"LJ. CENTER, ŠTUDENTOVSKA",Stanovanje,3-sobno,3.0,1240.0,EUR,70.0,2020,1,"70 m2, 3-sobno, adaptirano l. 2020, 1. nad., oddamo. Cena: 1.240,00 EUR/mes",https://www.nepremicnine.net/oglasi-oddaja/lj-center-studentovska-stanovanje_7395554/
7363273,"LJ. CENTER, ŠUMI, SLOVENSKA CESTA",Stanovanje,3-sobno,3.0,3100.0,EUR,114.0,2023,3/6,"114 m2, 3-sobno, zgrajeno l. 2023, 3/6 nad., s parkirnim mestom v garaži, oddamo. Cena: 3.100,00 EUR/mes",https://www.nepremicnine.net/oglasi-oddaja/lj-center-sumi-slovenska-cesta-stanovanje_7363273/
7340847,"LJ. CENTER, TABOR",Stanovanje,4-sobno,4.0,1750.0,EUR,112.0,2015,5,"112 m2, 4-sobno, adaptirano l. 2015, 5. nad., V prijetnem in urejenem stanovanjskem kompleksu oddamo svetlo in sončno 4-...",https://www.nepremicnine.net/oglasi-oddaja/lj-center-tabor-stanovanje_7340847/
7403747,"LJ. CENTER, TOP LOKACIJA OB LJUBLJANICI",Stanovanje,5 in večsobno,,2800.0,EUR,233.6,1920,1/2,"233,6 m2, 5 in večsobno, zgrajeno l. 1920, adaptirano l. 2010, 1/2 nad., Oddamo zelo lepo in prostorno stanovanje v komp...",https://www.nepremicnine.net/oglasi-oddaja/lj-center-top-lokacija-ob-ljubljanici-stanovanje_7403747/
7403862,"LJ. CENTER, TRUBARJEVA CESTA",Stanovanje,Garsonjera,,900.0,EUR,37.0,2023,1/2,"37 m2, garsonjera, adaptirana l. 2023, 1/2 nad., Trubarjeva cesta, 37 m2, s 1.10.2026, oddamo. Cena: 900,00 EUR/mes",https://www.nepremicnine.net/oglasi-oddaja/lj-center-trubarjeva-cesta-stanovanje_7403862/
7415094,LJ. MOSTE,Stanovanje,Soba,,230.0,EUR,16.0,1975,P/2,"16 m2, soba, zgrajena l. 1975, adaptirana l. 2015, 10 m2 zemljišča, P/2 nad., Vseljivo TAKOJ - Varščine-depozita NI-prij...",https://www.nepremicnine.net/oglasi-oddaja/lj-moste-stanovanje_7415094/
7411447,LJ. MOSTE,Stanovanje,Soba,,250.0,EUR,40.0,1990,M,"40 m2, soba, zgrajena l. 1990, adaptirana l. 2022, mansarda, 2-posteljna soba 40 m2 z dnevno študijskim delom, kuhinja, ...",https://www.nepremicnine.net/oglasi-oddaja/lj-moste-stanovanje_7411447/
7412973,LJ. MOSTE,Stanovanje,Garsonjera,,560.0,EUR,45.0,1989,M,"45 m2, garsonjera, zgrajena l. 1989, adaptirana l. 2021, mansarda, Garsonjera z dnevnim in študijskim delom, kopalnica i...",https://www.nepremicnine.net/oglasi-oddaja/lj-moste-stanovanje_7412973/
7409599,LJ. MOSTE,Stanovanje,2-sobno,2.0,790.0,EUR,48.5,1961,4/4,"48,5 m2, 2-sobno, zgrajeno l. 1961, adaptirano l. 2012, 4/4 nad., oddamo. Cena: 790,00 EUR/mes",https://www.nepremicnine.net/oglasi-oddaja/lj-moste-stanovanje_7409599/
7408412,LJ. MOSTE,Stanovanje,2-sobno,2.0,1100.0,EUR,67.3,1968,12/12,"67,3 m2, 2-sobno, zgrajeno l. 1968, 12/12 nad., Posredujemo pri oddaji 2 sobnega stanovanja sestavljenega iz; hodnika, k...",https://www.nepremicnine.net/oglasi-oddaja/lj-moste-stanovanje_7408412/
7383209,LJ. MOSTE,Stanovanje,2-sobno,2.0,890.0,EUR,69.0,1981,3,"69 m2, 2-sobno, zgrajeno l. 1981, 3. nad., v bloku, razporeditev prostorov ( predprostor, kopalnica, večja spalnica in d...",https://www.nepremicnine.net/oglasi-oddaja/lj-moste-stanovanje_7383209/
7403888,"LJ. MOSTE, BLIŽINA BTC",Stanovanje,Soba,,260.0,EUR,14.0,1990,M/2,"14 m2, soba, zgrajena l. 1990, adaptirana l. 2025, M/2 nad., oddamo. Cena: cca 260,00 EUR/mes",https://www.nepremicnine.net/oglasi-oddaja/lj-moste-blizina-btc-stanovanje_7403888/
7403939,"LJ. MOSTE, KAJUHOVA",Stanovanje,2-sobno,2.0,890.0,EUR,60.0,1968,3,"60 m2, 2-sobno, zgrajeno l. 1968, 3. nad., oddamo. Cena: 890,00 EUR/mes",https://www.nepremicnine.net/oglasi-oddaja/lj-moste-kajuhova-stanovanje_7403939/
7409594,"LJ. MOSTE, KODELJEVO",Stanovanje,"1,5-sobno",1.5,750.0,EUR,40.7,1929,VP,"40,7 m2, 1,5-sobno, zgrajeno l. 1929, visoko pritličje, obnovljeno, oddamo. Cena: 750,00 EUR/mes",https://www.nepremicnine.net/oglasi-oddaja/lj-moste-kodeljevo-stanovanje_7409594/
7411992,"LJ. MOSTE, KODELJEVO",Stanovanje,"1,5-sobno",1.5,750.0,EUR,50.0,1939,PK,"50 m2, 1,5-sobno, zgrajeno l. 1939, adaptirano l. 2007, polklet, oddamo. Cena: 750,00 EUR/mes",https://www.nepremicnine.net/oglasi-oddaja/lj-moste-kodeljevo-stanovanje_7411992/
7413744,"LJ. MOSTE, NOVE JARŠE",Stanovanje,2-sobno,2.0,850.0,EUR,68.4,1973,1,"68,4 m2, 2-sobno, zgrajeno l. 1973, 1. nad., oddamo. Cena: 850,00 EUR/mes",https://www.nepremicnine.net/oglasi-oddaja/lj-moste-nove-jarse-stanovanje_7413744/
7293787,"LJ. MOSTE, POD GOLOVCEM",Stanovanje,Soba,,340.0,EUR,12.0,2001,1/2,"12 m2, soba, zgrajena l. 2001, adaptirana l. 2014, 1/2 nad., oddamo. Cena: 340,00 EUR/mes",https://www.nepremicnine.net/oglasi-oddaja/lj-moste-pod-golovcem-stanovanje_7293787/
7395661,"LJ. MOSTE, ŠKERJANČEVA",Stanovanje,"1,5-sobno",1.5,750.0,EUR,42.0,1976,VP/3,"42 m2, 1,5-sobno, zgrajeno l. 1976, adaptirano l. 2012, VP/3 nad., oddamo. Cena: 750,00 EUR/mes",https://www.nepremicnine.net/oglasi-oddaja/lj-moste-skerjanceva-stanovanje_7395661/
6509188,"LJ. MOSTE, ZALOŠKA CESTA",Stanovanje,Soba,,350.0,EUR,18.0,2017,,"18 m2, soba, adaptirana l. 2017, oddam sobo, s souporabo kuhinje in kopalnice, oddamo. Cena: 350,00 EUR/mes",https://www.nepremicnine.net/oglasi-oddaja/lj-moste-zaloska-cesta-stanovanje_6509188/
7270548,LJ. ŠIŠKA,Stanovanje,Soba,,450.0,EUR,20.0,1980,M/2,"20 m2, soba, zgrajena l. 1980, adaptirana l. 2016, M/2 nad., oddamo. Cena: 450,00 EUR/mes",https://www.nepremicnine.net/oglasi-oddaja/lj-siska-stanovanje_7270548/
7414576,LJ. ŠIŠKA,Stanovanje,Garsonjera,,570.0,EUR,26.8,1971,3/3,"26,8 m2, garsonjera, zgrajena l. 1971, 3/3 nad., Prijetna garsonjera v Šiški, oddamo. Cena: 570,00 EUR/mes",https://www.nepremicnine.net/oglasi-oddaja/lj-siska-stanovanje_7414576/
7391958,LJ. ŠIŠKA,Stanovanje,2-sobno,2.0,650.0,EUR,45.0,1963,1,"45 m2, 2-sobno, zgrajeno l. 1963, 1. nad., oddamo. Cena: 650,00 EUR/mes",https://www.nepremicnine.net/oglasi-oddaja/lj-siska-stanovanje_7391958/
7414749,LJ. ŠIŠKA,Stanovanje,Garsonjera,,1100.0,EUR,45.34,2008,P,"45,34 m2, garsonjera, zgrajena l. 2008, pritličje, oddamo. Cena: 1.100,00 EUR/mes",https://www.nepremicnine.net/oglasi-oddaja/lj-siska-stanovanje_7414749/
7388345,LJ. ŠIŠKA,Stanovanje,2-sobno,2.0,1290.0,EUR,46.8,2023,4/16,"46,8 m2, 2-sobno, zgrajeno l. 2023, 4/16 nad., oddamo. Cena: 1.290,00 EUR/mes",https://www.nepremicnine.net/oglasi-oddaja/lj-siska-stanovanje_7388345/
7368071,LJ. ŠIŠKA,Stanovanje,2-sobno,2.0,1500.0,EUR,52.4,2023,3/22,"52,4 m2, 2-sobno, novogradnja - zgr. l. 2023, 3/22 nad., oddamo. Cena: 1.500,00 EUR/mes",https://www.nepremicnine.net/oglasi-oddaja/lj-siska-stanovanje_7368071/
7395125,LJ. ŠIŠKA,Stanovanje,2-sobno,2.0,1500.0,EUR,63.0,2023,11/22,"63 m2, 2-sobno, zgrajeno l. 2023, 11/22 nad., oddamo. Cena: 1.500,00 EUR/mes",https://www.nepremicnine.net/oglasi-oddaja/lj-siska-stanovanje_7395125/
7212926,LJ. ŠIŠKA,Stanovanje,"2,5-sobno",2.5,1600.0,EUR,70.0,2024,11,"70 m2, 2,5-sobno, zgrajeno l. 2024, 11. nad., urbani prestiž: 2,5-sobno stanovanje z ikoničnim pogledom na grad, oddamo....",https://www.nepremicnine.net/oglasi-oddaja/lj-siska-stanovanje_7212926/
7405848,LJ. ŠIŠKA,Stanovanje,3-sobno,3.0,1200.0,EUR,72.0,1948,1/3,"72 m2, 3-sobno, zgrajeno l. 1948, adaptirano l. 2026, 1/3 nad., Oddaja svetlega in prenovljenega 3-sobnega stanovanja z ...",https://www.nepremicnine.net/oglasi-oddaja/lj-siska-stanovanje_7405848/
7392129,LJ. ŠIŠKA,Stanovanje,"2,5-sobno",2.5,1200.0,EUR,74.0,1964,1,"74 m2, 2,5-sobno, zgrajeno l. 1964, adaptirano l. 2014, 1. nad., Stanovanje v Šiški, oddamo. Cena: 1.200,00 EUR/mes",https://www.nepremicnine.net/oglasi-oddaja/lj-siska-stanovanje_7392129/
7333778,LJ. ŠIŠKA,Stanovanje,2-sobno,2.0,800.0,EUR,75.0,1906,P/2,"75 m2, 2-sobno, zgrajeno l. 1906, adaptirano l. 2010, P/2 nad., oddamo. Cena: 800,00 EUR/mes",https://www.nepremicnine.net/oglasi-oddaja/lj-siska-stanovanje_7333778/
7410835,LJ. ŠIŠKA,Stanovanje,3-sobno,3.0,1000.0,EUR,76.0,1963,4/9,"76 m2, 3-sobno, zgrajeno l. 1963, 4/9 nad., Spodnja Šiška, komfortno stanovanje z balkonom, lepo urejeno, opremljeno, op...",https://www.nepremicnine.net/oglasi-oddaja/lj-siska-stanovanje_7410835/
7404730,LJ. ŠIŠKA,Stanovanje,3-sobno,3.0,1600.0,EUR,89.9,2009,5,"89,9 m2, 3-sobno, zgrajeno l. 2009, 5. nad., oddamo. Cena: 1.600,00 EUR/mes",https://www.nepremicnine.net/oglasi-oddaja/lj-siska-stanovanje_7404730/
7303009,LJ. ŠIŠKA,Stanovanje,3-sobno,3.0,6000.0,EUR,92.0,2023,,"92 m2, 3-sobno, zgrajeno l. 2023, oddamo. Cena: 6.000,00 EUR/mes",https://www.nepremicnine.net/oglasi-oddaja/lj-siska-stanovanje_7303009/
7387443,LJ. ŠIŠKA,Stanovanje,4-sobno,4.0,1300.0,EUR,95.6,1977,8,"95,6 m2, 4-sobno, zgrajeno l. 1977, 8. nad., Balkon, parkirno mesto, ob obvoznici, oddamo. Cena: 1.300,00 EUR/mes",https://www.nepremicnine.net/oglasi-oddaja/lj-siska-stanovanje_7387443/
7395580,LJ. ŠIŠKA,Stanovanje,4-sobno,4.0,1850.0,EUR,102.3,2009,2,"102,3 m2, 4-sobno, zgrajeno l. 2009, 2. nad., 2x parkirno mesto v garaži, oddamo. Cena: 1.850,00 EUR/mes",https://www.nepremicnine.net/oglasi-oddaja/lj-siska-stanovanje_7395580/
7409648,LJ. ŠIŠKA,Stanovanje,4-sobno,4.0,1850.0,EUR,102.3,2009,2/9,"102,3 m2, 4-sobno, zgrajeno l. 2009, 2/9 nad., Vseljivo od 1. 9. 2026, oddamo. Cena: 1.850,00 EUR/mes",https://www.nepremicnine.net/oglasi-oddaja/lj-siska-stanovanje_7409648/
7317287,LJ. ŠIŠKA,Stanovanje,4-sobno,4.0,1800.0,EUR,106.0,2004,4,"106 m2, 4-sobno, zgrajeno l. 2004, 4. nad., V bližini Tivolija oddamo v stanovanjskem kompleksu 4 sobno opremljeno stano...",https://www.nepremicnine.net/oglasi-oddaja/lj-siska-stanovanje_7317287/
7412812,LJ. ŠIŠKA,Stanovanje,"3,5-sobno",3.5,1900.0,EUR,120.0,1963,3/3,"120 m2, 3,5-sobno, zgrajeno l. 1963, adaptirano l. 2004, 185 m2 zemljišča, 3/3 nad., popolnoma prenovljena, izjemna loka...",https://www.nepremicnine.net/oglasi-oddaja/lj-siska-stanovanje_7412812/
6923691,LJ. ŠIŠKA,Stanovanje,5 in večsobno,,2100.0,EUR,155.0,1985,1/2,"155 m2, 5 in večsobno, zgrajeno l. 1985, adaptirano l. 2015, 1/2 nad., stanovanje z veliko teraso, 2x parkirno mesto, ko...",https://www.nepremicnine.net/oglasi-oddaja/lj-siska-stanovanje_6923691/
7360175,LJ. ŠIŠKA,Stanovanje,4-sobno,4.0,2700.0,EUR,157.6,2019,3/3,"157,6 m2, 4-sobno, zgrajeno l. 2019, 3/3 nad., oddamo. Cena: 2.700,00 EUR/mes",https://www.nepremicnine.net/oglasi-oddaja/lj-siska-stanovanje_7360175/
7415245,"LJ. ŠIŠKA, GOTSKA ULICA",Stanovanje,Garsonjera,,500.0,EUR,25.0,1971,3/3,"25 m2, garsonjera, zgrajena l. 1971, 3/3 nad., prijetna opremljena garsonjera, 25 m2 + klet, takoj vseljiva, oddamo. Cen...",https://www.nepremicnine.net/oglasi-oddaja/lj-siska-gotska-ulica-stanovanje_7415245/
7413998,"LJ. ŠIŠKA, MED PIVOVARNO UNION IN KAMPUSOM",Stanovanje,Garsonjera,,520.0,EUR,24.0,1895,P/P,"24 m2, garsonjera, zgrajena l. 1895, adaptirana l. 2019, P/P, Garsonjera je najbolj primerna za enega ali dva študenta/š...",https://www.nepremicnine.net/oglasi-oddaja/lj-siska-med-pivovarno-union-in-kampusom-stanovanje_7413998/
7412121,"LJ. ŠIŠKA, NASPROTI TIVOLIJA",Stanovanje,Garsonjera,,600.0,EUR,25.0,2007,2/4,"25 m2, garsonjera, zgrajena l. 2007, 2/4 nad., oddamo. Cena: 600,00 EUR/mes",https://www.nepremicnine.net/oglasi-oddaja/lj-siska-nasproti-tivolija-stanovanje_7412121/
7408324,"LJ. ŠIŠKA, OB KINU",Stanovanje,2-sobno,2.0,800.0,EUR,44.1,1963,4/8,"44,1 m2, 2-sobno, zgrajeno l. 1963, adaptirano l. 2012, 4/8 nad., oddamo. Cena: 800,00 EUR/mes",https://www.nepremicnine.net/oglasi-oddaja/lj-siska-ob-kinu-stanovanje_7408324/
7129288,"LJ. ŠIŠKA, SOSESKI KVARTET",Stanovanje,1-sobno,1.0,1200.0,EUR,44.0,2023,5,"44 m2, 1-sobno, zgrajeno l. 2023, 5. nad., oddamo. Cena: 1.200,00 EUR/mes",https://www.nepremicnine.net/oglasi-oddaja/lj-siska-soseski-kvartet-stanovanje_7129288/
7405850,"LJ. ŠIŠKA, SPEKTRA PRI ALEJI",Stanovanje,Garsonjera,,800.0,EUR,26.87,2024,2/22,"26,87 m2, garsonjera, zgrajena l. 2024, 2/22 nad., svetla, novejša, pri Aleji, Celovška c. 176, lega JZ, opremljena, vse...",https://www.nepremicnine.net/oglasi-oddaja/lj-siska-spektra-pri-aleji-stanovanje_7405850/
7383964,"LJ. ŠIŠKA, SPODNJA",Stanovanje,"3,5-sobno",3.5,900.0,EUR,85.0,1963,1/2,"85 m2, 3,5-sobno, zgrajeno l. 1963, adaptirano l. 2020, 1/2 nad., dolgoročni najem blizu centra Ljubljane, oddamo. Cena:...",https://www.nepremicnine.net/oglasi-oddaja/lj-siska-spodnja-stanovanje_7383964/
7394758,"LJ. ŠIŠKA, ŠENTVID",Stanovanje,"2,5-sobno",2.5,1250.0,EUR,50.0,2026,2/2,"50 m2, 2,5-sobno, novogradnja - zgr. l. 2026, 2/2 nad., Novogradnja, stanovanje 50 m2, parkirisce, klima, oddamo. Cena: ...",https://www.nepremicnine.net/oglasi-oddaja/lj-siska-sentvid-stanovanje_7394758/
7386682,"LJ. ŠIŠKA, ŠIŠENSKA 11",Stanovanje,Soba,,350.0,EUR,13.0,1961,VP/5,"13 m2, soba, zgrajena l. 1961, adaptirana l. 2024, VP/5 nad., oddamo. Cena: 350,00 EUR/mes",https://www.nepremicnine.net/oglasi-oddaja/lj-siska-sisenska-11-stanovanje_7386682/
7352393,"LJ. ŠIŠKA, VEROVŠKOVA",Stanovanje,3-sobno,3.0,1400.0,EUR,75.0,1950,M/2,"75 m2, 3-sobno, zgrajeno l. 1950, adaptirano l. 2024, 300 m2 zemljišča, M/2 nad., Garaža za 2 avtomobila, vrt, bližina L...",https://www.nepremicnine.net/oglasi-oddaja/lj-siska-verovskova-stanovanje_7352393/
7395248,LJ. VIČ,Stanovanje,Soba,,350.0,EUR,10.0,1995,P/3,"10 m2, soba, zgrajena l. 1995, 2.300 m2 zemljišča, P/3 nad., oddamo. Cena: 350,00 EUR/mes",https://www.nepremicnine.net/oglasi-oddaja/lj-vic-stanovanje_7395248/
6667273,LJ. VIČ,Stanovanje,Soba,,250.0,EUR,12.0,1970,P/P,"12 m2, soba, zgrajena l. 1970, adaptirana l. 2014, P/P, oddamo. Cena: 250,00 EUR/mes",https://www.nepremicnine.net/oglasi-oddaja/lj-vic-stanovanje_6667273/
7049227,LJ. VIČ,Stanovanje,Soba,,200.0,EUR,18.0,1990,VP/VP,"18 m2, soba, adaptirana l. 1990, VP/VP, Oddam posteljo v dvoposteljni sobi. Hiša stoji na mirni in varni lokaciji, blizu...",https://www.nepremicnine.net/oglasi-oddaja/lj-vic-stanovanje_7049227/
7412123,LJ. VIČ,Stanovanje,Garsonjera,,400.0,EUR,20.0,1918,K/3,"20 m2, garsonjera, zgrajena l. 1918, K/3 nad., oddamo. Cena: 400,00 EUR/mes",https://www.nepremicnine.net/oglasi-oddaja/lj-vic-stanovanje_7412123/
7412941,LJ. VIČ,Stanovanje,Garsonjera,,750.0,EUR,29.0,2024,P/P,"29 m2, garsonjera, adaptirana l. 2024, 20 m2 zemljišča, P/P, Poslovni apartma, bližina AC in cestnega obroča, CK talno g...",https://www.nepremicnine.net/oglasi-oddaja/lj-vic-stanovanje_7412941/
7412824,LJ. VIČ,Stanovanje,Garsonjera,,700.0,EUR,29.8,1965,3/4,"29,8 m2, garsonjera, zgrajena l. 1965, 3/4 nad., oddamo. Cena: 700,00 EUR/mes",https://www.nepremicnine.net/oglasi-oddaja/lj-vic-stanovanje_7412824/
7413943,LJ. VIČ,Stanovanje,Garsonjera,,500.0,EUR,30.0,1965,4/5,"30 m2, garsonjera, zgrajena l. 1965, adaptirana l. 2014, 4/5 nad., Oddam garsonjero od Septembra ali Oktobra 2026 dalje....",https://www.nepremicnine.net/oglasi-oddaja/lj-vic-stanovanje_7413943/
7327288,LJ. VIČ,Stanovanje,1-sobno,1.0,780.0,EUR,40.6,1969,P/4,"40,6 m2, 1-sobno, zgrajeno l. 1969, P/4 nad., oddamo. Cena: 780,00 EUR/mes",https://www.nepremicnine.net/oglasi-oddaja/lj-vic-stanovanje_7327288/
7395273,LJ. VIČ,Stanovanje,2-sobno,2.0,900.0,EUR,43.3,1987,5/9,"43,3 m2, 2-sobno, zgrajeno l. 1987, adaptirano l. 2026, 5/9 nad., skupna površina 43,3 m2, bivalni prostor 35,10 m2, bal...",https://www.nepremicnine.net/oglasi-oddaja/lj-vic-stanovanje_7395273/
7369753,LJ. VIČ,Stanovanje,"2,5-sobno",2.5,960.0,EUR,50.0,1910,3/3,"50 m2, 2,5-sobno, zgrajeno l. 1910, 20 m2 zemljišča, 3/3 nad., oddamo. Cena: 960,00 EUR/mes",https://www.nepremicnine.net/oglasi-oddaja/lj-vic-stanovanje_7369753/
7407583,LJ. VIČ,Stanovanje,2-sobno,2.0,1100.0,EUR,50.4,2006,P/3,"50,4 m2, 2-sobno, zgrajeno l. 2006, adaptirano l. 2026, P/3 nad., LJ Vič, 50,4 m2, 2-sobno, zgrajeno l. 2006, 1/3 nad., ...",https://www.nepremicnine.net/oglasi-oddaja/lj-vic-stanovanje_7407583/
7367592,LJ. VIČ,Stanovanje,2-sobno,2.0,800.0,EUR,51.4,1973,P/4,"51,4 m2, 2-sobno, zgrajeno l. 1973, P/4 nad., oddamo. Cena: 800,00 EUR/mes",https://www.nepremicnine.net/oglasi-oddaja/lj-vic-stanovanje_7367592/
7411268,LJ. VIČ,Stanovanje,2-sobno,2.0,1400.0,EUR,54.0,2026,1,"54 m2, 2-sobno, zgrajeno l. 2026, 1. nad., oddamo. Cena: 1.400,00 EUR/mes",https://www.nepremicnine.net/oglasi-oddaja/lj-vic-stanovanje_7411268/
7408291,LJ. VIČ,Stanovanje,3-sobno,3.0,1350.0,EUR,66.9,2022,1,"66,9 m2, 3-sobno, zgrajeno l. 2022, 1. nad., v skoraj novem vila bloku, v neposredni bližini centra mesta, oddamo edinst...",https://www.nepremicnine.net/oglasi-oddaja/lj-vic-stanovanje_7408291/
7412940,LJ. VIČ,Stanovanje,3-sobno,3.0,1200.0,EUR,67.4,1981,1/5,"67,4 m2, 3-sobno, zgrajeno l. 1981, 1/5 nad., v celoti opremljeno in prenovljeno l. 2020, parkirišče pred objektom, balk...",https://www.nepremicnine.net/oglasi-oddaja/lj-vic-stanovanje_7412940/
7036532,LJ. VIČ,Stanovanje,3-sobno,3.0,1100.0,EUR,80.0,1972,,"80 m2, 3-sobno, zgrajeno l. 1972, stanovanje v stanovanjski hiši z ločenim vhodom, parkirnim mestom in uporabno teraso. ...",https://www.nepremicnine.net/oglasi-oddaja/lj-vic-stanovanje_7036532/
7365670,LJ. VIČ,Stanovanje,4-sobno,4.0,1250.0,EUR,80.6,2000,,"80,6 m2, 4-sobno, zgrajeno l. 2000, adaptirano l. 2021, oddamo. Cena: 1.250,00 EUR/mes",https://www.nepremicnine.net/oglasi-oddaja/lj-vic-stanovanje_7365670/
7360891,LJ. VIČ,Stanovanje,"3,5-sobno",3.5,1980.0,EUR,92.4,2011,1/2,"92,4 m2, 3,5-sobno, zgrajeno l. 2011, 1/2 nad., oddamo. Cena: 1.980,00 EUR/mes",https://www.nepremicnine.net/oglasi-oddaja/lj-vic-stanovanje_7360891/
7198127,LJ. VIČ,Stanovanje,3-sobno,3.0,1950.0,EUR,95.4,2011,1/1,"95,4 m2, 3-sobno, zgrajeno l. 2011, adaptirano l. 2020, 1/1 nad., oddamo. Cena: 1.950,00 EUR/mes",https://www.nepremicnine.net/oglasi-oddaja/lj-vic-stanovanje_7198127/
7411264,LJ. VIČ,Stanovanje,"4,5-sobno",4.5,2500.0,EUR,108.7,2011,1/2,"108,7 m2, 4,5-sobno, zgrajeno l. 2011, 1/2 nad., oddamo. Cena: 2.500,00 EUR/mes",https://www.nepremicnine.net/oglasi-oddaja/lj-vic-stanovanje_7411264/
7327954,LJ. VIČ,Stanovanje,4-sobno,4.0,3300.0,EUR,117.4,2009,1/2,"117,4 m2, 4-sobno, zgrajeno l. 2009, 1/2 nad., oddamo. Cena: 3.300,00 EUR/mes",https://www.nepremicnine.net/oglasi-oddaja/lj-vic-stanovanje_7327954/
7115845,LJ. VIČ,Stanovanje,3-sobno,3.0,3304.0,EUR,117.5,2009,P,"117,5 m2, 3-sobno, zgrajeno l. 2009, pritličje, oddamo. Cena: 3.304,00 EUR/mes",https://www.nepremicnine.net/oglasi-oddaja/lj-vic-stanovanje_7115845/
7196346,LJ. VIČ,Stanovanje,3-sobno,3.0,3000.0,EUR,122.0,2009,1/2,"122 m2, 3-sobno, zgrajeno l. 2009, adaptirano l. 2025, 1/2 nad., oddamo. Cena: 3.000,00 EUR/mes",https://www.nepremicnine.net/oglasi-oddaja/lj-vic-stanovanje_7196346/
7386606,LJ. VIČ,Stanovanje,4-sobno,4.0,2500.0,EUR,124.8,2009,1/2,"124,8 m2, 4-sobno, zgrajeno l. 2009, 1/2 nad., Lepo stanovanje s teraso in dvema PM v garaži, oddamo. Cena: 2.500,00 EUR...",https://www.nepremicnine.net/oglasi-oddaja/lj-vic-stanovanje_7386606/
7196345,LJ. VIČ,Stanovanje,4-sobno,4.0,3718.0,EUR,125.7,2009,1/2,"125,7 m2, 4-sobno, zgrajeno l. 2009, adaptirano l. 2025, 1/2 nad., oddamo. Cena: 3.718,00 EUR/mes",https://www.nepremicnine.net/oglasi-oddaja/lj-vic-stanovanje_7196345/
7115858,LJ. VIČ,Stanovanje,4-sobno,4.0,3718.0,EUR,125.7,2009,1/3,"125,7 m2, 4-sobno, zgrajeno l. 2009, adaptirano l. 2025, 1/3 nad., oddamo. Cena: 3.718,00 EUR/mes",https://www.nepremicnine.net/oglasi-oddaja/lj-vic-stanovanje_7115858/
7075161,LJ. VIČ,Stanovanje,4-sobno,4.0,4021.0,EUR,127.1,2009,P/2,"127,1 m2, 4-sobno, zgrajeno l. 2009, adaptirano l. 2025, P/2 nad., oddamo. Cena: 4.021,00 EUR/mes",https://www.nepremicnine.net/oglasi-oddaja/lj-vic-stanovanje_7075161/
7366587,LJ. VIČ,Stanovanje,5 in večsobno,,2900.0,EUR,176.4,2025,P/2,"176,4 m2, 5 in večsobno, zgrajeno l. 2025, P/2 nad., novogradnja, izjemna lokacija, bližina vse infrastrukture, terasa i...",https://www.nepremicnine.net/oglasi-oddaja/lj-vic-stanovanje_7366587/
7196343,LJ. VIČ,Stanovanje,4-sobno,4.0,5119.0,EUR,214.3,2009,2/2,"214,3 m2, 4-sobno, zgrajeno l. 2009, adaptirano l. 2025, 2/2 nad., oddamo. Cena: 5.119,00 EUR/mes",https://www.nepremicnine.net/oglasi-oddaja/lj-vic-stanovanje_7196343/
7127440,LJ. VIČ,Stanovanje,4-sobno,4.0,5120.0,EUR,215.0,2009,2/2,"215 m2, 4-sobno, novogradnja - zgr. l. 2009, adaptirano l. 2025, 2/2 nad., oddamo. Cena: 5.120,00 EUR/mes",https://www.nepremicnine.net/oglasi-oddaja/lj-vic-stanovanje_7127440/
7196342,LJ. VIČ,Stanovanje,4-sobno,4.0,6134.0,EUR,252.6,2009,2/2,"252,6 m2, 4-sobno, zgrajeno l. 2009, adaptirano l. 2025, 2/2 nad., oddamo. Cena: 6.134,00 EUR/mes",https://www.nepremicnine.net/oglasi-oddaja/lj-vic-stanovanje_7196342/
7122640,LJ. VIČ,Stanovanje,4-sobno,4.0,6135.0,EUR,252.6,2009,2/2,"252,6 m2, 4-sobno, zgrajeno l. 2009, adaptirano l. 2025, 2/2 nad., oddamo. Cena: 6.135,00 EUR/mes",https://www.nepremicnine.net/oglasi-oddaja/lj-vic-stanovanje_7122640/
7351140,"LJ. VIČ, BLIZU CENTRA",Stanovanje,Soba,,290.0,EUR,20.0,2020,1/4,"20 m2, soba, adaptirana l. 2020, 1/4 nad., Če iščeč nast, na voljo dvoposteljna soba v prijetnem in svetlem 2ss stanovan...",https://www.nepremicnine.net/oglasi-oddaja/lj-vic-blizu-centra-stanovanje_7351140/
7198847,"LJ. VIČ, BLIŽINA CENTRA MESTA",Stanovanje,3-sobno,3.0,2200.0,EUR,118.0,2025,2/2,"118 m2, 3-sobno, ""penthouse"", zgrajeno l. 2025, 2/2 nad., domači ljubljenčki dovoljeni, popolnoma opremljeno, ...",https://www.nepremicnine.net/oglasi-oddaja/lj-vic-blizina-centra-mesta-stanovanje_7198847/
7088614,"LJ. VIČ, BLIŽINA GOSTILNE AZUR",Stanovanje,3-sobno,3.0,1980.0,EUR,95.4,2011,1/2,"95,4 m2, 3-sobno, zgrajeno l. 2011, 1/2 nad., kompletno opremljeno, klima, dvigalo, lastniško parkirišče, razpored: WC, ...",https://www.nepremicnine.net/oglasi-oddaja/lj-vic-blizina-gostilne-azur-stanovanje_7088614/
7394624,"LJ. VIČ, BRDO, VRHOVCI, GRBINA",Stanovanje,4-sobno,4.0,2100.0,EUR,98.0,2018,P/2,"98 m2, 4-sobno, zgrajeno l. 2018, 120 m2 zemljišča, P/2 nad., Oddamo 4 sobno stanovanje 98 m2, kompletno opremljeno z at...",https://www.nepremicnine.net/oglasi-oddaja/lj-vic-brdo-vrhovci-grbina-stanovanje_7394624/
7371107,"LJ. VIČ, CENTER, BLIZU FAKULET, AŠKERČEVA",Stanovanje,Garsonjera,,600.0,EUR,21.0,1963,P/4,"21 m2, garsonjera, zgrajena l. 1963, adaptirana l. 2026, P/4 nad., prijetna in urejena garsonjero (21 m2) na odlični lok...",https://www.nepremicnine.net/oglasi-oddaja/lj-vic-center-blizu-fakulet-askerceva-stanovanje_7371107/
7334118,"LJ. VIČ, DOLGI MOST, KRAJINSKI PARK",Stanovanje,4-sobno,4.0,1900.0,EUR,127.0,2025,1/2,"127 m2, 4-sobno, zgrajeno l. 2025, 12,5 m2 zemljišča, 1/2 nad., V mirnem in zelenem okolju urejene soseske, ob živahnem ...",https://www.nepremicnine.net/oglasi-oddaja/lj-vic-dolgi-most-krajinski-park-stanovanje_7334118/
7367549,"LJ. VIČ, KRAJINSKI PARK + PARKIRANJE",Stanovanje,4-sobno,4.0,1900.0,EUR,127.0,2025,1/2,"127 m2, 4-sobno, zgrajeno l. 2025, adaptirano l. 2026, 12,5 m2 zemljišča, 1/2 nad., V mirnem in zelenem okolju urejene s...",https://www.nepremicnine.net/oglasi-oddaja/lj-vic-krajinski-park--parkiranje-stanovanje_7367549/
7403130,"LJ. VIČ, NOVA ZGRADBA + 2X PARKIRANJE",Stanovanje,4-sobno,4.0,1900.0,EUR,127.0,2025,1/2,"127 m2, 4-sobno, zgrajeno l. 2025, 12,5 m2 zemljišča, 1/2 nad., V mirnem in zelenem okolju urejene soseske, ob živahnem ...",https://www.nepremicnine.net/oglasi-oddaja/lj-vic-nova-zgradba--2x-parkiranje-stanovanje_7403130/
7405391,"LJ. VIČ, RUDNIK",Stanovanje,2-sobno,2.0,780.0,EUR,58.0,1990,1/1,"58 m2, 2-sobno, zgrajeno l. 1990, adaptirano l. 2009, 1/1 nad., oddamo. Cena: 780,00 EUR/mes",https://www.nepremicnine.net/oglasi-oddaja/lj-vic-rudnik-stanovanje_7405391/
7202201,"LJ. VIČ, TRNOVO, LJUBLJANICA",Stanovanje,3-sobno,3.0,2500.0,EUR,140.0,2025,2/2,"140 m2, 3-sobno, ""penthouse"", zgrajeno l. 2025, 2/2 nad., domači ljubljenčki, savna, 2 x parkirno mesto, 2 x k...",https://www.nepremicnine.net/oglasi-oddaja/lj-vic-trnovo-ljubljanica-stanovanje_7202201/
7403791,"LJ. VIČ, TRNOVSKO PREDMESTJE",Stanovanje,Soba,,390.0,EUR,17.0,2015,1/1,"17 m2, soba, adaptirana l. 2015, 1/1 nad., Enoposteljna soba v dvosobnem stanovanju.Soba je opremljena, z balkonom, soup...",https://www.nepremicnine.net/oglasi-oddaja/lj-vic-trnovsko-predmestje-stanovanje_7403791/
7398383,"LJ. VIČ, ULICA LILY NOVY 36",Stanovanje,2-sobno,2.0,750.0,EUR,42.0,2020,P/P,"42 m2, 2-sobno, adaptirano l. 2020, adaptirano l. 2020, 42 m2 zemljišča, P/P, oddamo. Cena: cca 750,00 EUR/mes",https://www.nepremicnine.net/oglasi-oddaja/lj-vic-ulica-lily-novy-36-stanovanje_7398383/
7378198,"LJ. VIČ, VIŠKA CESTA",Stanovanje,Soba,,330.0,EUR,12.0,2020,P/1,"12 m2, soba, zgrajena l. 2020, P/1 nad., oddamo. Cena: cca 330,00 EUR/mes",https://www.nepremicnine.net/oglasi-oddaja/lj-vic-viska-cesta-stanovanje_7378198/
7414700,"LJ. VIČ, VRHOVCI",Stanovanje,Soba,,260.0,EUR,20.0,2024,,"20 m2, soba, adaptirana l. 2024, Oddamo posteljo v dvoposteljni sobi ki meri 20 m2. V stanovanju že bivajo študentke, ta...",https://www.nepremicnine.net/oglasi-oddaja/lj-vic-vrhovci-stanovanje_7414700/
6522138,"LJ. VIČ, Z BAZENOM",Stanovanje,3-sobno,3.0,2600.0,EUR,149.7,2001,3,"149,7 m2, 3-sobno, zgrajeno l. 2001, adaptirano l. 2014, 3. nad., Dostop do stanovanja je z zasebnim dvigalom. Stanovanj...",https://www.nepremicnine.net/oglasi-oddaja/lj-vic-z-bazenom-stanovanje_6522138/
7337727,LJUTOMER,Stanovanje,2-sobno,2.0,500.0,EUR,61.9,1977,1/3,"61,9 m2, 2-sobno, zgrajeno l. 1977, adaptirano l. 2022, 1/3 nad., oddamo. Cena: 500,00 EUR/mes",https://www.nepremicnine.net/oglasi-oddaja/ljutomer-stanovanje_7337727/
7395492,"LJUTOMER, GLAVNI TRG",Stanovanje,2-sobno,2.0,350.0,EUR,57.0,1980,2/3,"57 m2, 2-sobno, zgrajeno l. 1980, 2/3 nad., oddamo. Cena: 350,00 EUR/mes",https://www.nepremicnine.net/oglasi-oddaja/ljutomer-glavni-trg-stanovanje_7395492/
7039517,"LOČE PRI POLJČANAH, STARI TRG 26",Stanovanje,2-sobno,2.0,450.0,EUR,56.0,1950,1/1,"56 m2, 2-sobno, zgrajeno l. 1950, adaptirano l. 2015, 1/1 nad., oddamo. Cena: 450,00 EUR/mes",https://www.nepremicnine.net/oglasi-oddaja/loce-pri-poljcanah-stari-trg-26-stanovanje_7039517/
7315829,LOG,Stanovanje,3-sobno,3.0,1250.0,EUR,75.0,2010,P,"75 m2, 3-sobno, zgrajeno l. 2010, 146 m2 zemljišča, pritličje, Oddaja se prostorno stanovanje s savno v Kranjski Gori (L...",https://www.nepremicnine.net/oglasi-oddaja/log-stanovanje_7315829/
7356901,LOGATEC,Stanovanje,"2,5-sobno",2.5,1100.0,EUR,66.0,2017,P,"66 m2, 2,5-sobno, zgrajeno l. 2017, 28,2 m2 zemljišča, pritličje, oddamo. Cena: 1.100,00 EUR/mes",https://www.nepremicnine.net/oglasi-oddaja/logatec-stanovanje_7356901/
7406624,LOGATEC,Stanovanje,4-sobno,4.0,1050.0,EUR,102.0,1973,,"102 m2, 4-sobno, zgrajeno l. 1973, 100 m2 zemljišča, oddamo. Cena: 1.050,00 EUR/mes",https://www.nepremicnine.net/oglasi-oddaja/logatec-stanovanje_7406624/
7269897,LOGATEC,Stanovanje,4-sobno,4.0,1050.0,EUR,145.0,1973,1,"145 m2, 4-sobno, zgrajeno l. 1973, adaptirano l. 2026, 100 m2 zemljišča, 1. nad., terasa, opremljeno stanovanje, parkira...",https://www.nepremicnine.net/oglasi-oddaja/logatec-stanovanje_7269897/
7355030,"LOGATEC, MANDRGE",Stanovanje,2-sobno,2.0,600.0,EUR,56.1,1960,P/1,"56,1 m2, 2-sobno, zgrajeno l. 1960, adaptirano l. 2023, P/1 nad., oddamo. Cena: 600,00 EUR/mes",https://www.nepremicnine.net/oglasi-oddaja/logatec-mandrge-stanovanje_7355030/
6342755,LOKEV,Stanovanje,Soba,,250.0,EUR,18.0,1998,P+1,"18 m2, soba, novogradnja - zgr. l. 1998, P+1, Ob glavni cesti Lokev - Lipica - Trst Oddam 2 x dvoposteljni sobi.Najem je...",https://www.nepremicnine.net/oglasi-oddaja/lokev-stanovanje_6342755/
7410361,LOPATA,Stanovanje,4-sobno,4.0,900.0,EUR,100.0,1980,1,"100 m2, 4-sobno, zgrajeno l. 1980, adaptirano l. 2026, 1. nad., V Lopati pri Celju se oddaja svetlo 4-sobno stanovanje (...",https://www.nepremicnine.net/oglasi-oddaja/lopata-stanovanje_7410361/
7392325,LOVRAN,Stanovanje,Drugo,,500.0,EUR,25.0,,,"25 m2, stanovanje, oddamo. Cena: 500,00 EUR/mes",https://www.nepremicnine.net/oglasi-oddaja/lovran-stanovanje_7392325/
7321658,LOVRAN,Stanovanje,1-sobno,1.0,750.0,EUR,35.0,1900,,"35 m2, 1-sobno, zgrajeno l. 1900, oddamo. Cena: 750,00 EUR/mes",https://www.nepremicnine.net/oglasi-oddaja/lovran-stanovanje_7321658/
7322322,LOVRAN,Stanovanje,1-sobno,1.0,1300.0,EUR,52.0,1906,,"52 m2, 1-sobno, zgrajeno l. 1906, oddamo. Cena: 1.300,00 EUR/mes",https://www.nepremicnine.net/oglasi-oddaja/lovran-stanovanje_7322322/
7321657,LOVRAN,Stanovanje,2-sobno,2.0,1500.0,EUR,79.0,2012,,"79 m2, 2-sobno, zgrajeno l. 2012, oddamo. Cena: 1.500,00 EUR/mes",https://www.nepremicnine.net/oglasi-oddaja/lovran-stanovanje_7321657/
7401957,LOVRAN,Stanovanje,2-sobno,2.0,1200.0,EUR,80.0,,,"80 m2, 2-sobno, oddamo. Cena: 1.200,00 EUR/mes",https://www.nepremicnine.net/oglasi-oddaja/lovran-stanovanje_7401957/
7392370,LOVRAN,Stanovanje,3-sobno,3.0,2700.0,EUR,105.0,,,"105 m2, 3-sobno, oddamo. Cena: 2.700,00 EUR/mes",https://www.nepremicnine.net/oglasi-oddaja/lovran-stanovanje_7392370/
7373611,"LOVREČICA, PETROVIJA, MATERADA, ĐUBA, UMAG",Stanovanje,3-sobno,3.0,1000.0,EUR,90.0,2026,,"90 m2, 3-sobno, novogradnja - zgr. l. 2026, oddamo. Cena: 1.000,00 EUR/mes",https://www.nepremicnine.net/oglasi-oddaja/lovrecica-petrovija-materada-duba-umag-stanovanje_7373611/
7400385,LOVRENC NA DRAVSKEM POLJU,Stanovanje,Soba,,250.0,EUR,22.0,1976,VP,"22 m2, soba, zgrajena l. 1976, adaptirana l. 2010, visoko pritličje, oddamo. Cena: 250,00 EUR/mes",https://www.nepremicnine.net/oglasi-oddaja/lovrenc-na-dravskem-polju-stanovanje_7400385/
7360081,LOVRET - BRDA,Stanovanje,2-sobno,2.0,1100.0,EUR,47.0,,,"47 m2, 2-sobno, oddamo. Cena: 1.100,00 EUR/mes",https://www.nepremicnine.net/oglasi-oddaja/lovret-brda-stanovanje_7360081/
7374002,LOVRET - BRDA,Stanovanje,1-sobno,1.0,800.0,EUR,63.0,,,"63 m2, 1-sobno, oddamo. Cena: 800,00 EUR/mes",https://www.nepremicnine.net/oglasi-oddaja/lovret-brda-stanovanje_7374002/
7381772,LOVRET - BRDA,Stanovanje,2-sobno,2.0,1200.0,EUR,64.0,1971,,"64 m2, 2-sobno, zgrajeno l. 1971, oddamo. Cena: 1.200,00 EUR/mes",https://www.nepremicnine.net/oglasi-oddaja/lovret-brda-stanovanje_7381772/
7381779,LOVRET - BRDA,Stanovanje,2-sobno,2.0,1100.0,EUR,67.0,2002,,"67 m2, 2-sobno, zgrajeno l. 2002, oddamo. Cena: 1.100,00 EUR/mes",https://www.nepremicnine.net/oglasi-oddaja/lovret-brda-stanovanje_7381779/
7284364,"LOVRET - BRDA, POLJUD",Stanovanje,2-sobno,2.0,1300.0,EUR,85.0,,,"85 m2, 2-sobno, oddamo. Cena: 1.300,00 EUR/mes",https://www.nepremicnine.net/oglasi-oddaja/lovret-brda-poljud-stanovanje_7284364/
7049382,LUCIJA,Stanovanje,1-sobno,1.0,550.0,EUR,26.0,1974,P,"26 m2, 1-sobno, zgrajeno l. 1974, pritličje, Tudi za tujce.Oddam stanovanje 26 m2, z daljše obdobje oz. možnost podaljše...",https://www.nepremicnine.net/oglasi-oddaja/lucija-stanovanje_7049382/
7395952,LUCIJA,Stanovanje,"1,5-sobno",1.5,800.0,EUR,46.2,1998,1/7,"46,2 m2, 1,5-sobno, zgrajeno l. 1998, 1/7 nad., oddamo. Cena: 800,00 EUR/mes",https://www.nepremicnine.net/oglasi-oddaja/lucija-stanovanje_7395952/
7411434,LUCIJA,Stanovanje,2-sobno,2.0,650.0,EUR,55.0,2004,P/2,"55 m2, 2-sobno, zgrajeno l. 2004, P/2 nad., oddamo. Cena: 650,00 EUR/mes",https://www.nepremicnine.net/oglasi-oddaja/lucija-stanovanje_7411434/
7411276,LUCIJA,Stanovanje,3-sobno,3.0,1300.0,EUR,72.0,1974,3,"72 m2, 3-sobno, zgrajeno l. 1974, adaptirano l. 2020, 3. nad., Oddaja: Svetlo in prostorno 3-sobno stanovanje na odlični...",https://www.nepremicnine.net/oglasi-oddaja/lucija-stanovanje_7411276/
7411348,"LUCIJA, PORTOROZ",Stanovanje,5 in večsobno,,1800.0,EUR,120.0,1980,VP,"120 m2, 5 in večsobno, zgrajeno l. 1980, adaptirano l. 2025, visoko pritličje, oddamo. Cena: 1.800,00 EUR/mes",https://www.nepremicnine.net/oglasi-oddaja/lucija-portoroz-stanovanje_7411348/
7338064,LUKOVICA PRI DOMŽALAH,Stanovanje,"1,5-sobno",1.5,600.0,EUR,55.0,1980,P/3,"55 m2, 1,5-sobno, zgrajeno l. 1980, adaptirano l. 2026, P/3 nad., oddamo. Cena: 600,00 EUR/mes",https://www.nepremicnine.net/oglasi-oddaja/lukovica-pri-domzalah-stanovanje_7338064/
7365551,MAKARSKA,Stanovanje,2-sobno,2.0,699.0,EUR,45.0,2007,,"45 m2, 2-sobno, zgrajeno l. 2007, oddamo. Cena: 699,00 EUR/mes",https://www.nepremicnine.net/oglasi-oddaja/makarska-stanovanje_7365551/
7394737,MALA LIGOJNA,Stanovanje,4-sobno,4.0,1500.0,EUR,100.0,1941,P/1,"100 m2, 4-sobno, zgrajeno l. 1941, P/1 nad., 20 mini z Ljubljane, 2km do Vrhnike, renovirano stanovanje v hiši (2023)/10...",https://www.nepremicnine.net/oglasi-oddaja/mala-ligojna-stanovanje_7394737/
7412782,MALA LIGOJNA,Stanovanje,3-sobno,3.0,1500.0,EUR,100.0,1941,,"100 m2, 3-sobno, zgrajeno l. 1941, adaptirano l. 2023, 700 m2 zemljišča, asfalten dovoz, nadstrešek za 2 avta, uporaba t...",https://www.nepremicnine.net/oglasi-oddaja/mala-ligojna-stanovanje_7412782/
7412040,"MALA LIGOJNA, MIRNA IN SONČNA LOKACIJA",Stanovanje,4-sobno,4.0,1500.0,EUR,100.0,1941,P/1,"100 m2, 4-sobno, zgrajeno l. 1941, adaptirano l. 2023, P/1 nad., V Mali Ligojni oddamo v najem zelo lepo urejeno stanova...",https://www.nepremicnine.net/oglasi-oddaja/mala-ligojna-mirna-in-soncna-lokacija-stanovanje_7412040/
7389982,MALA VAS PRI GROSUPLJEM,Stanovanje,"1,5-sobno",1.5,600.0,EUR,55.0,2026,,"55 m2, 1,5-sobno, adaptirano l. 2026, oddamo. Cena: 600,00 EUR/mes",https://www.nepremicnine.net/oglasi-oddaja/mala-vas-pri-grosupljem-stanovanje_7389982/
7115312,MALI LIPOGLAV,Stanovanje,2-sobno,2.0,600.0,EUR,53.5,2023,P+1+M,"53,5 m2, 2-sobno, zgrajeno l. 2023, P+1+M, oddamo. Cena: 600,00 EUR/mes",https://www.nepremicnine.net/oglasi-oddaja/mali-lipoglav-stanovanje_7115312/
7377029,"MALI LOŠINJ, VELI",Stanovanje,2-sobno,2.0,1000.0,EUR,75.0,1999,,"75 m2, 2-sobno, zgrajeno l. 1999, oddamo. Cena: 1.000,00 EUR/mes",https://www.nepremicnine.net/oglasi-oddaja/mali-losinj-veli-stanovanje_7377029/
7415243,"MALIJA, 1. 10 DO 04. 2027",Stanovanje,Apartma,,500.0,EUR,36.0,1997,P/2,"36 m2, apartma, zgrajen l. 1997, adaptiran l. 2021, P/2 nad., oddamo. Cena: cca 500,00 EUR/mes",https://www.nepremicnine.net/oglasi-oddaja/malija-1-10-do-04-2027-stanovanje_7415243/
7408527,"MALINSKA - DUBAŠNICA, OŠTROBRADIĆ",Stanovanje,1-sobno,1.0,800.0,EUR,50.0,,,"50 m2, 1-sobno, oddamo. Cena: 800,00 EUR/mes",https://www.nepremicnine.net/oglasi-oddaja/malinska-dubasnica-ostrobradic-stanovanje_7408527/
7378594,MANUŠ - BOL - GRIPE,Stanovanje,2-sobno,2.0,800.0,EUR,50.0,,,"50 m2, 2-sobno, oddamo. Cena: 800,00 EUR/mes",https://www.nepremicnine.net/oglasi-oddaja/manus-bol-gripe-stanovanje_7378594/
7390988,MANUŠ - BOL - GRIPE,Stanovanje,1-sobno,1.0,1000.0,EUR,60.0,,,"60 m2, 1-sobno, oddamo. Cena: 1.000,00 EUR/mes",https://www.nepremicnine.net/oglasi-oddaja/manus-bol-gripe-stanovanje_7390988/
7009671,MANUŠ - BOL - GRIPE,Stanovanje,2-sobno,2.0,1600.0,EUR,90.0,,,"90 m2, 2-sobno, oddamo. Cena: 1.600,00 EUR/mes",https://www.nepremicnine.net/oglasi-oddaja/manus-bol-gripe-stanovanje_7009671/
7378177,"MANUŠ - BOL - GRIPE, LUČAC",Stanovanje,1-sobno,1.0,600.0,EUR,42.0,,,"42 m2, 1-sobno, oddamo. Cena: 600,00 EUR/mes",https://www.nepremicnine.net/oglasi-oddaja/manus-bol-gripe-lucac-stanovanje_7378177/
7355641,"MANUŠ - BOL - GRIPE, SPLIT 3",Stanovanje,2-sobno,2.0,1500.0,EUR,84.0,,,"84 m2, 2-sobno, oddamo. Cena: 1.500,00 EUR/mes",https://www.nepremicnine.net/oglasi-oddaja/manus-bol-gripe-split-3-stanovanje_7355641/
7413516,MARIBOR,Stanovanje,Garsonjera,,450.0,EUR,23.0,1970,2/6,"23 m2, garsonjera, zgrajena l. 1970, adaptirana l. 2026, 2/6 nad., oddamo. Cena: 450,00 EUR/mes",https://www.nepremicnine.net/oglasi-oddaja/maribor-stanovanje_7413516/
6757754,MARIBOR,Stanovanje,2-sobno,2.0,820.0,EUR,64.3,2023,2/2,"64,3 m2, 2-sobno, zgrajeno l. 2023, adaptirano l. 2024, 2/2 nad., 2S opremljeno stan. z balkonom za najem, oddamo. Cena:...",https://www.nepremicnine.net/oglasi-oddaja/maribor-stanovanje_6757754/
7029478,MARIBOR,Stanovanje,2-sobno,2.0,720.0,EUR,72.8,1956,P,"72,8 m2, 2-sobno, zgrajeno l. 1956, adaptirano l. 2018, pritličje, Opremljeno 2 sobno stanovanje z balkonom, oddamo. Cen...",https://www.nepremicnine.net/oglasi-oddaja/maribor-stanovanje_7029478/
7394743,MARIBOR,Stanovanje,3-sobno,3.0,1000.0,EUR,80.0,2020,2/2,"80 m2, 3-sobno, dupleks, adaptirano l. 2020, 2/2 nad., Oddaja se moderno in prostorno stanovanje odprtega tipa z galerij...",https://www.nepremicnine.net/oglasi-oddaja/maribor-stanovanje_7394743/
5992936,"MARIBOR, CENTER",Stanovanje,5 in večsobno,,330.0,EUR,20.0,2008,P/3,"20 m2, 5 in večsobno, adaptirano l. 2008, P/3 nad., V centru Maribora oddamo enoposteljne in postelje v dvoposteljni sob...",https://www.nepremicnine.net/oglasi-oddaja/maribor-center-stanovanje_5992936/
7044185,"MARIBOR, CENTER",Stanovanje,Garsonjera,,650.0,EUR,34.0,1980,1/4,"34 m2, garsonjera, zgrajena l. 1980, adaptirana l. 2019, 1/4 nad., Oddaja se prijetna in svetla garsonjera v samem sredi...",https://www.nepremicnine.net/oglasi-oddaja/maribor-center-stanovanje_7044185/
7390593,"MARIBOR, PRI UKC",Stanovanje,Garsonjera,,400.0,EUR,30.0,1970,8/8,"30 m2, garsonjera, ""penthouse"", v stavbi zgrajeni l. 1970, adaptirana l. 2012, 8/8 nad., Nadstandardna garsonj...",https://www.nepremicnine.net/oglasi-oddaja/maribor-pri-ukc-stanovanje_7390593/
7307995,"MARIBOR, RAZLAGOVA UL, POLNO OPREMLJENO",Stanovanje,3-sobno,3.0,1500.0,EUR,87.7,2026,,"87,7 m2, 3-sobno, poslovni apartma, adaptirano l. 2026, TAKOJ NA VOLJO ZA NAJEM. 3-sobno stanovanje - center Maribora (R...",https://www.nepremicnine.net/oglasi-oddaja/maribor-razlagova-ul-polno-opremljeno-stanovanje_7307995/
7403047,"MARIBOR, STROSSMAYERJEVA ULICA 13",Stanovanje,Garsonjera,,390.0,EUR,25.03,1991,1/8,"25,03 m2, garsonjera, zgrajena l. 1991, 25,03 m2 zemljišča, 1/8 nad., oddamo. Cena: 390,00 EUR/mes",https://www.nepremicnine.net/oglasi-oddaja/maribor-strossmayerjeva-ulica-13-stanovanje_7403047/
6944627,"MARIBOR, TABOR",Stanovanje,Soba,,250.0,EUR,16.0,2024,1/2,"16 m2, soba, adaptirana l. 2024, 1/2 nad., Stanovanje primerno za študente, oddamo. Cena: 250,00 EUR/osebo na mes",https://www.nepremicnine.net/oglasi-oddaja/maribor-tabor-stanovanje_6944627/
7412076,MATULJI,Stanovanje,1-sobno,1.0,550.0,EUR,40.0,,,"40 m2, 1-sobno, oddamo. Cena: 550,00 EUR/mes",https://www.nepremicnine.net/oglasi-oddaja/matulji-stanovanje_7412076/
7412086,MATULJI,Stanovanje,1-sobno,1.0,700.0,EUR,47.0,,,"47 m2, 1-sobno, oddamo. Cena: 700,00 EUR/mes",https://www.nepremicnine.net/oglasi-oddaja/matulji-stanovanje_7412086/
7383214,MATULJI,Stanovanje,3-sobno,3.0,250.0,EUR,60.0,,,"60 m2, 3-sobno, oddamo. Cena: 250,00 EUR/mes",https://www.nepremicnine.net/oglasi-oddaja/matulji-stanovanje_7383214/
7320189,MATULJI,Stanovanje,2-sobno,2.0,850.0,EUR,70.0,2000,,"70 m2, 2-sobno, zgrajeno l. 2000, oddamo. Cena: 850,00 EUR/mes",https://www.nepremicnine.net/oglasi-oddaja/matulji-stanovanje_7320189/
7399579,MATULJI,Stanovanje,1-sobno,1.0,230.0,EUR,72.0,,,"72 m2, 1-sobno, oddamo. Cena: 230,00 EUR/mes",https://www.nepremicnine.net/oglasi-oddaja/matulji-stanovanje_7399579/
7388994,MATULJI,Stanovanje,2-sobno,2.0,800.0,EUR,78.0,,,"78 m2, 2-sobno, oddamo. Cena: 800,00 EUR/mes",https://www.nepremicnine.net/oglasi-oddaja/matulji-stanovanje_7388994/
7392207,MATULJI,Stanovanje,2-sobno,2.0,1500.0,EUR,110.0,,,"110 m2, 2-sobno, oddamo. Cena: 1.500,00 EUR/mes",https://www.nepremicnine.net/oglasi-oddaja/matulji-stanovanje_7392207/
7321114,"MATULJI, RUKAVAC",Stanovanje,1-sobno,1.0,800.0,EUR,55.0,2015,,"55 m2, 1-sobno, novogradnja - zgr. l. 2015, oddamo. Cena: 800,00 EUR/mes",https://www.nepremicnine.net/oglasi-oddaja/matulji-rukavac-stanovanje_7321114/
7321098,"MATULJI, RUKAVAC",Stanovanje,2-sobno,2.0,900.0,EUR,65.0,2015,,"65 m2, 2-sobno, novogradnja - zgr. l. 2015, oddamo. Cena: 900,00 EUR/mes",https://www.nepremicnine.net/oglasi-oddaja/matulji-rukavac-stanovanje_7321098/
7243283,"MATULJI, RUŽIĆI",Stanovanje,2-sobno,2.0,250.0,EUR,70.0,,,"70 m2, 2-sobno, oddamo. Cena: 250,00 EUR/mes",https://www.nepremicnine.net/oglasi-oddaja/matulji-ruzici-stanovanje_7243283/
7085473,MAVRINCI,Stanovanje,3-sobno,3.0,1750.0,EUR,80.0,,,"80 m2, 3-sobno, oddamo. Cena: 1.750,00 EUR/mes",https://www.nepremicnine.net/oglasi-oddaja/mavrinci-stanovanje_7085473/
7366846,MAVRINCI,Stanovanje,3-sobno,3.0,200.0,EUR,100.0,,,"100 m2, 3-sobno, oddamo. Cena: 200,00 EUR/mes",https://www.nepremicnine.net/oglasi-oddaja/mavrinci-stanovanje_7366846/
7252269,"MAVRINCI, ČAVLE",Stanovanje,Drugo,,200.0,EUR,40.0,,,"40 m2, stanovanje, oddamo. Cena: 200,00 EUR/mes",https://www.nepremicnine.net/oglasi-oddaja/mavrinci-cavle-stanovanje_7252269/
7252080,"MAVRINCI, ČAVLE",Stanovanje,1-sobno,1.0,200.0,EUR,80.0,,,"80 m2, 1-sobno, oddamo. Cena: 200,00 EUR/mes",https://www.nepremicnine.net/oglasi-oddaja/mavrinci-cavle-stanovanje_7252080/
7402811,MB - CENTER,Stanovanje,Soba,,230.0,EUR,12.0,1991,,"12 m2, soba, zgrajena l. 1991, adaptirana l. 2026, Oddaja se enoposteljna soba na Mlinski ulici 28 v Mariboru, oddamo. C...",https://www.nepremicnine.net/oglasi-oddaja/mb-center-stanovanje_7402811/
7381135,MB - CENTER,Stanovanje,Soba,,290.0,EUR,12.0,2023,,"12 m2, soba, adaptirana l. 2023, nadstandardna enoposteljna študentska soba, stroški vključeni, oddamo. Cena: 290,00 EUR...",https://www.nepremicnine.net/oglasi-oddaja/mb-center-stanovanje_7381135/
7356576,MB - CENTER,Stanovanje,Soba,,260.0,EUR,14.0,1960,1/4,"14 m2, soba, zgrajena l. 1960, adaptirana l. 2025, 1/4 nad., Moderna soba v študentskem stanovanju, oddamo. Cena: 260,00...",https://www.nepremicnine.net/oglasi-oddaja/mb-center-stanovanje_7356576/
6140316,MB - CENTER,Stanovanje,Soba,,330.0,EUR,15.0,2017,,"15 m2, soba, zgrajena l. 2017, V centru mesta v ulici Ob jarku 4 v Mariboru oddajamo v najem enoposteljne ali dvopostelj...",https://www.nepremicnine.net/oglasi-oddaja/mb-center-stanovanje_6140316/
7409715,MB - CENTER,Stanovanje,1-sobno,1.0,350.0,EUR,27.0,2018,P/2,"27 m2, 1-sobno, adaptirano l. 2018, adaptirano l. 2018, P/2 nad., oddamo. Cena: 350,00 EUR/mes",https://www.nepremicnine.net/oglasi-oddaja/mb-center-stanovanje_7409715/
7064217,MB - CENTER,Stanovanje,Soba,,270.0,EUR,40.0,1913,3/5,"40 m2, soba, zgrajena l. 1913, adaptirana l. 2024, 3/5 nad., Na voljo 2x dvoposteljna soba, v skupni velikosti 38 kvadra...",https://www.nepremicnine.net/oglasi-oddaja/mb-center-stanovanje_7064217/
7355063,MB - CENTER,Stanovanje,2-sobno,2.0,600.0,EUR,48.0,1988,2/4,"48 m2, 2-sobno, zgrajeno l. 1988, 2/4 nad., Oddamo lepo urejeno in svetlo dvosobno stanovanje na odlični lokaciji v same...",https://www.nepremicnine.net/oglasi-oddaja/mb-center-stanovanje_7355063/
7355021,MB - CENTER,Stanovanje,2-sobno,2.0,550.0,EUR,50.0,1939,VP,"50 m2, 2-sobno, zgrajeno l. 1939, visoko pritličje, V centru Maribora oddamo opremljeno 2 sobno stanovanje, oddamo. Cena...",https://www.nepremicnine.net/oglasi-oddaja/mb-center-stanovanje_7355021/
7387643,MB - CENTER,Stanovanje,2-sobno,2.0,600.0,EUR,53.0,1966,1,"53 m2, 2-sobno, zgrajeno l. 1966, 1. nad., oddamo. Cena: 600,00 EUR/mes",https://www.nepremicnine.net/oglasi-oddaja/mb-center-stanovanje_7387643/
7391028,MB - CENTER,Stanovanje,2-sobno,2.0,180.0,EUR,56.0,2023,M,"56 m2, 2-sobno, adaptirano l. 2023, mansarda, popolnoma opremljeno, bližina fakultet, oddamo. Cena: 180,00 EUR/osebo na ...",https://www.nepremicnine.net/oglasi-oddaja/mb-center-stanovanje_7391028/
7414727,MB - CENTER,Stanovanje,2-sobno,2.0,900.0,EUR,61.5,1949,3/4,"61,5 m2, 2-sobno, zgrajeno l. 1949, adaptirano l. 2017, 3/4 nad., V centru Maribora je na voljo lepo urejeno in prenovlj...",https://www.nepremicnine.net/oglasi-oddaja/mb-center-stanovanje_7414727/
7115233,MB - CENTER,Stanovanje,2-sobno,2.0,300.0,EUR,65.0,2024,2/4,"65 m2, 2-sobno, adaptirano l. 2024, 2/4 nad., oddamo. Cena: 300,00 EUR/osebo na mes",https://www.nepremicnine.net/oglasi-oddaja/mb-center-stanovanje_7115233/
7411322,MB - CENTER,Stanovanje,3-sobno,3.0,850.0,EUR,72.0,2020,1/5,"72 m2, 3-sobno, adaptirano l. 2020, 1/5 nad., oddamo. Cena: cca 850,00 EUR/mes",https://www.nepremicnine.net/oglasi-oddaja/mb-center-stanovanje_7411322/
7368833,MB - CENTER,Stanovanje,"3,5-sobno",3.5,780.0,EUR,74.2,1960,,"74,2 m2, 3,5-sobno, zgrajeno l. 1960, adaptirano l. 2010, V celoti opremljeno, v celoti prenovljeno, klimatska naprava, ...",https://www.nepremicnine.net/oglasi-oddaja/mb-center-stanovanje_7368833/
7413521,MB - CENTER,Stanovanje,3-sobno,3.0,650.0,EUR,75.0,1983,2/2,"75 m2, 3-sobno, zgrajeno l. 1983, adaptirano l. 2025, 2/2 nad., Na Gosposvetski cesti v Mariboru oddamo svetlo, urejeno ...",https://www.nepremicnine.net/oglasi-oddaja/mb-center-stanovanje_7413521/
7198977,MB - CENTER,Stanovanje,3-sobno,3.0,1100.0,EUR,80.0,2000,4/4,"80 m2, 3-sobno, dupleks, v stavbi zgrajeni l. 2000, 4/4 nad., Svetlo stanovanje v zadnjem nadstropju z razgledom na Poho...",https://www.nepremicnine.net/oglasi-oddaja/mb-center-stanovanje_7198977/
6386020,MB - CENTER,Stanovanje,2-sobno,2.0,765.0,EUR,85.7,1960,,"85,7 m2, 2-sobno, zgrajeno l. 1960, Lokacija, Ravna streha, Balkon, Dvigalo, Obnovljeno, Opremljeno, Parket, V bližini š...",https://www.nepremicnine.net/oglasi-oddaja/mb-center-stanovanje_6386020/
7412214,MB - CENTER,Stanovanje,3-sobno,3.0,1000.0,EUR,101.0,1992,3/4,"101 m2, 3-sobno, zgrajeno l. 1992, 3/4 nad., oddamo. Cena: 1.000,00 EUR/mes",https://www.nepremicnine.net/oglasi-oddaja/mb-center-stanovanje_7412214/
6884706,MB - CENTER,Stanovanje,3-sobno,3.0,1300.0,EUR,126.5,1900,1,"126,5 m2, 3-sobno, zgrajeno l. 1900, adaptirano l. 2023, 1. nad., Čudovito 3 sobno stanovanje v mestnem parku, oddamo. C...",https://www.nepremicnine.net/oglasi-oddaja/mb-center-stanovanje_6884706/
7412026,MB - CENTER,Stanovanje,3-sobno,3.0,1000.0,EUR,140.0,1900,5/5,"140 m2, 3-sobno, zgrajeno l. 1900, adaptirano l. 2010, 5/5 nad., komfortno opremljeno stanovaje 140 m2 oddam študentom a...",https://www.nepremicnine.net/oglasi-oddaja/mb-center-stanovanje_7412026/
7408317,"MB - CENTER, - ENOPOSTELJNA SOBA",Stanovanje,Soba,,380.0,EUR,8.0,1950,P,"8 m2, soba, zgrajena l. 1950, adaptirana l. 2026, pritličje, oddamo. Cena: 380,00 EUR/osebo na mes",https://www.nepremicnine.net/oglasi-oddaja/mb-center-enoposteljna-soba-stanovanje_7408317/
7414561,"MB - CENTER, AŠKERČEVA ULICA",Stanovanje,"1,5-sobno",1.5,650.0,EUR,36.5,1912,3/3,"36,5 m2, 1,5-sobno, zgrajeno l. 1912, adaptirano l. 2022, 3/3 nad., oddamo prenovljeno in popolnoma opremljeno 1,5-sobno...",https://www.nepremicnine.net/oglasi-oddaja/mb-center-askerceva-ulica-stanovanje_7414561/
7361627,"MB - CENTER, BLIŽINA ŠTUKA",Stanovanje,Soba,,300.0,EUR,15.0,1978,1/2,"15 m2, soba, zgrajena l. 1978, adaptirana l. 2026, 1.000 m2 zemljišča, 1/2 nad., Za novo študijsko leto oddamo še **3 en...",https://www.nepremicnine.net/oglasi-oddaja/mb-center-blizina-stuka-stanovanje_7361627/
7398187,"MB - CENTER, CANKARJEVA 6",Stanovanje,2-sobno,2.0,600.0,EUR,43.0,2005,7/7,"43 m2, 2-sobno, zgrajeno l. 2005, adaptirano l. 2024, 1.200 m2 zemljišča, 7/7 nad., možno garaža 100 EUR, komf oprem., k...",https://www.nepremicnine.net/oglasi-oddaja/mb-center-cankarjeva-6-stanovanje_7398187/
6982187,"MB - CENTER, CANKARJEVA ULICA",Stanovanje,3-sobno,3.0,830.0,EUR,75.0,1937,1/3,"75 m2, 3-sobno, zgrajeno l. 1937, adaptirano l. 2020, 1/3 nad., oddamo. Cena: 830,00 EUR/mes",https://www.nepremicnine.net/oglasi-oddaja/mb-center-cankarjeva-ulica-stanovanje_6982187/
7391974,"MB - CENTER, GOSPOSVETKSA CESTA 45, MARIBOR",Stanovanje,Soba,,260.0,EUR,15.0,2022,4/4,"15 m2, soba, adaptirana l. 2022, 4/4 nad., oddamo. Cena: 260,00 EUR/mes",https://www.nepremicnine.net/oglasi-oddaja/mb-center-gosposvetksa-cesta-45-maribor-stanovanje_7391974/
7405771,"MB - CENTER, GREGORČIČEVA ULICA",Stanovanje,4-sobno,4.0,800.0,EUR,110.0,1930,2/3,"110 m2, 4-sobno, zgrajeno l. 1930, 2/3 nad., oddamo. Cena: 800,00 EUR/mes",https://www.nepremicnine.net/oglasi-oddaja/mb-center-gregorciceva-ulica-stanovanje_7405771/
7412190,"MB - CENTER, GREGORČIČEVA ULICA 33A MARIBOR",Stanovanje,Soba,,350.0,EUR,12.0,2010,3/4,"12 m2, soba, adaptirana l. 2010, 3/4 nad., oddamo. Cena: 350,00 EUR/mes",https://www.nepremicnine.net/oglasi-oddaja/mb-center-gregorciceva-ulica-33a-maribor-stanovanje_7412190/
7404784,"MB - CENTER, GREGORČIČEVA ULICA, MARIBOR",Stanovanje,Soba,,330.0,EUR,13.0,1947,,"13 m2, soba, zgrajena l. 1947, adaptirana l. 2026, Oddamo dvoposteljno sobo v urejenem in klimatiziranem stanovanju na G...",https://www.nepremicnine.net/oglasi-oddaja/mb-center-gregorciceva-ulica-maribor-stanovanje_7404784/
7357260,"MB - CENTER, KOROŠKA VRATA - LAVRIČEVA",Stanovanje,2-sobno,2.0,630.0,EUR,59.0,2015,6,"59 m2, 2-sobno, adaptirano l. 2015, 6. nad., lepo opremljeno, svetlo, prostorno in odlično vzdrževano stanovanje, funkci...",https://www.nepremicnine.net/oglasi-oddaja/mb-center-koroska-vrata-lavriceva-stanovanje_7357260/
7397163,"MB - CENTER, KOSARJEVA ULICA 52",Stanovanje,Soba,,270.0,EUR,12.0,1960,P/2,"12 m2, soba, zgrajena l. 1960, adaptirana l. 2015, P/2 nad., oddamo. Cena: 270,00 EUR/mes",https://www.nepremicnine.net/oglasi-oddaja/mb-center-kosarjeva-ulica-52-stanovanje_7397163/
7407315,"MB - CENTER, LEKARNIŠKA ULICA 9, MARIBOR",Stanovanje,Soba,,220.0,EUR,20.0,1900,1/1,"20 m2, soba, v stavbi zgrajeni l. 1900, 1/1 nad., V strogem centru mesta Maribor oddamo sobo. Cena najema skupaj s stroš...",https://www.nepremicnine.net/oglasi-oddaja/mb-center-lekarniska-ulica-9-maribor-stanovanje_7407315/
7384864,"MB - CENTER, MAGDALENA",Stanovanje,2-sobno,2.0,750.0,EUR,72.0,2007,2/5,"72 m2, 2-sobno, zgrajeno l. 2007, 2/5 nad., Veliko 2 sobno stanovanje, na odlični lokaciji. Do mesta 10 min, neposredna ...",https://www.nepremicnine.net/oglasi-oddaja/mb-center-magdalena-stanovanje_7384864/
7407444,"MB - CENTER, MARIBOR",Stanovanje,Garsonjera,,600.0,EUR,22.5,1962,2/4,"22,5 m2, garsonjera, zgrajena l. 1962, adaptirana l. 2026, 2/4 nad., V celoti obnovljeno in opremljeno stanovanje ob Kam...",https://www.nepremicnine.net/oglasi-oddaja/mb-center-maribor-stanovanje_7407444/
6260448,"MB - CENTER, MARIBOR",Stanovanje,3-sobno,3.0,1300.0,EUR,154.25,2019,4,"154,25 m2, 3-sobno, novogradnja - zgr. l. 2019, 4. nad., V centru oddamo 3 sobno stanovanje z veliko teraso, oddamo. Cen...",https://www.nepremicnine.net/oglasi-oddaja/mb-center-maribor-stanovanje_6260448/
7411974,"MB - CENTER, MARIBOR SLOVENSKA ULICA",Stanovanje,3-sobno,3.0,170.0,EUR,61.3,1980,2/4,"61,3 m2, 3-sobno, zgrajeno l. 1980, 2/4 nad., Dve enoposteljni sobi in ena dvoposteljna soba v centru Maribora v bližini...",https://www.nepremicnine.net/oglasi-oddaja/mb-center-maribor-slovenska-ulica-stanovanje_7411974/
7389041,"MB - CENTER, MLINSKA CESTA 28",Stanovanje,2-sobno,2.0,650.0,EUR,50.1,1993,5/5,"50,1 m2, 2-sobno, zgrajeno l. 1993, adaptirano l. 2022, 5/5 nad., 2-sobno komfortno stanovanje, Center - Mlinska cesta 2...",https://www.nepremicnine.net/oglasi-oddaja/mb-center-mlinska-cesta-28-stanovanje_7389041/
7281906,"MB - CENTER, NASPROTI POŠTE",Stanovanje,2-sobno,2.0,600.0,EUR,67.3,1949,2/3,"67,3 m2, 2-sobno, zgrajeno l. 1949, adaptirano l. 2006, 2/3 nad., Na izjemno iskani lokaciji v Mariboru, na Partizanski ...",https://www.nepremicnine.net/oglasi-oddaja/mb-center-nasproti-poste-stanovanje_7281906/
7394482,"MB - CENTER, PARTIZANSKA, 2000 MARIBOR",Stanovanje,Garsonjera,,470.0,EUR,36.5,2021,4/6,"36,5 m2, garsonjera, zgrajena l. 2021, 4/6 nad., oddamo. Cena: 470,00 EUR/mes",https://www.nepremicnine.net/oglasi-oddaja/mb-center-partizanska-2000-maribor-stanovanje_7394482/
7382068,"MB - CENTER, PARTIZANSKA, 2000 MARIBOR",Stanovanje,Garsonjera,,540.0,EUR,36.6,2021,2/6,"36,6 m2, garsonjera, zgrajena l. 2021, 2/6 nad., oddamo. Cena: 540,00 EUR/mes",https://www.nepremicnine.net/oglasi-oddaja/mb-center-partizanska-2000-maribor-stanovanje_7382068/
7412610,"MB - CENTER, PARTIZANSKA, 2000 MARIBOR",Stanovanje,2-sobno,2.0,765.0,EUR,57.6,2021,1/6,"57,6 m2, 2-sobno, zgrajeno l. 2021, 1/6 nad., oddamo. Cena: 765,00 EUR/mes",https://www.nepremicnine.net/oglasi-oddaja/mb-center-partizanska-2000-maribor-stanovanje_7412610/
7376771,"MB - CENTER, PARTIZANSKA, 2000 MARIBOR",Stanovanje,2-sobno,2.0,755.0,EUR,59.9,2021,3/6,"59,9 m2, 2-sobno, zgrajeno l. 2021, 3/6 nad., oddamo. Cena: 755,00 EUR/mes",https://www.nepremicnine.net/oglasi-oddaja/mb-center-partizanska-2000-maribor-stanovanje_7376771/
7395221,"MB - CENTER, PARTIZANSKA, 2000 MARIBOR",Stanovanje,2-sobno,2.0,850.0,EUR,79.5,2021,6/6,"79,5 m2, 2-sobno, zgrajeno l. 2021, 6/6 nad., oddamo. Cena: 850,00 EUR/mes",https://www.nepremicnine.net/oglasi-oddaja/mb-center-partizanska-2000-maribor-stanovanje_7395221/
7410321,"MB - CENTER, PRI MESTNEM PARKU",Stanovanje,3-sobno,3.0,800.0,EUR,69.5,1969,6/6,"69,5 m2, 3-sobno, zgrajeno l. 1969, adaptirano l. 2017, 6/6 nad., oddamo. Cena: 800,00 EUR/mes",https://www.nepremicnine.net/oglasi-oddaja/mb-center-pri-mestnem-parku-stanovanje_7410321/
7398139,"MB - CENTER, PRI MESTNEM PARKU",Stanovanje,2-sobno,2.0,900.0,EUR,70.0,1873,2/3,"70 m2, 2-sobno, v stavbi zgrajeni l. 1873, adaptirano l. 2025, 2/3 nad., oddamo. Cena: do 900,00 EUR/mes",https://www.nepremicnine.net/oglasi-oddaja/mb-center-pri-mestnem-parku-stanovanje_7398139/
7390564,"MB - CENTER, PRI PARKU",Stanovanje,4-sobno,4.0,1600.0,EUR,100.0,2026,3/4,"100 m2, 4-sobno, adaptirano l. 2026, 3/4 nad., oddamo. Cena: 1.600,00 EUR/mes",https://www.nepremicnine.net/oglasi-oddaja/mb-center-pri-parku-stanovanje_7390564/
6982887,"MB - CENTER, SLOMŠKOV TRG",Stanovanje,2-sobno,2.0,1000.0,EUR,109.0,1900,1/2,"109 m2, 2-sobno, zgrajeno l. 1900, adaptirano l. 2018, 1/2 nad., Oddam ali prodam staromeščansko stanovanje z balkonom i...",https://www.nepremicnine.net/oglasi-oddaja/mb-center-slomskov-trg-stanovanje_6982887/
7403062,"MB - CENTER, TABOR, UKC",Stanovanje,3-sobno,3.0,1100.0,EUR,61.0,1966,4/6,"61 m2, 3-sobno, v stavbi zgrajeni l. 1966, adaptirano l. 2026, 4/6 nad., Prvi najem - popolnoma prenovljeno stanovanje z...",https://www.nepremicnine.net/oglasi-oddaja/mb-center-tabor-ukc-stanovanje_7403062/
7337862,MEDULICEVA,Stanovanje,2-sobno,2.0,1300.0,EUR,64.0,1937,,"64 m2, 2-sobno, zgrajeno l. 1937, oddamo. Cena: 1.300,00 EUR/mes",https://www.nepremicnine.net/oglasi-oddaja/meduliceva-stanovanje_7337862/
7334996,MEDULICEVA,Stanovanje,2-sobno,2.0,900.0,EUR,70.0,1930,,"70 m2, 2-sobno, zgrajeno l. 1930, oddamo. Cena: 900,00 EUR/mes",https://www.nepremicnine.net/oglasi-oddaja/meduliceva-stanovanje_7334996/
7309273,MEDULICEVA,Stanovanje,2-sobno,2.0,2000.0,EUR,97.0,1887,,"97 m2, 2-sobno, zgrajeno l. 1887, oddamo. Cena: 2.000,00 EUR/mes",https://www.nepremicnine.net/oglasi-oddaja/meduliceva-stanovanje_7309273/
7368813,"MEDULICEVA, DONJI GRAD",Stanovanje,1-sobno,1.0,1900.0,EUR,76.0,,,"76 m2, 1-sobno, oddamo. Cena: 1.900,00 EUR/mes",https://www.nepremicnine.net/oglasi-oddaja/meduliceva-donji-grad-stanovanje_7368813/
7412085,"MEDULICEVA, DONJI GRAD",Stanovanje,2-sobno,2.0,1200.0,EUR,90.0,,,"90 m2, 2-sobno, oddamo. Cena: 1.200,00 EUR/mes",https://www.nepremicnine.net/oglasi-oddaja/meduliceva-donji-grad-stanovanje_7412085/
7370472,"MEDULICEVA, DONJI GRAD",Stanovanje,2-sobno,2.0,2000.0,EUR,104.0,,,"104 m2, 2-sobno, oddamo. Cena: 2.000,00 EUR/mes",https://www.nepremicnine.net/oglasi-oddaja/meduliceva-donji-grad-stanovanje_7370472/
7282500,"MEDULICEVA, KLAIĆEVA",Stanovanje,1-sobno,1.0,1000.0,EUR,30.0,,,"30 m2, 1-sobno, oddamo. Cena: 1.000,00 EUR/mes",https://www.nepremicnine.net/oglasi-oddaja/meduliceva-klaiceva-stanovanje_7282500/
6818784,"MEDULICEVA, PRILAZ GJURE DEŽELIĆA",Stanovanje,3-sobno,3.0,3000.0,EUR,115.0,,,"115 m2, 3-sobno, oddamo. Cena: 3.000,00 EUR/mes",https://www.nepremicnine.net/oglasi-oddaja/meduliceva-prilaz-gjure-dezelica-stanovanje_6818784/
7351679,MEDVEŠČAK - ŠALATA,Stanovanje,2-sobno,2.0,1600.0,EUR,82.0,,,"82 m2, 2-sobno, oddamo. Cena: 1.600,00 EUR/mes",https://www.nepremicnine.net/oglasi-oddaja/medvescak-salata-stanovanje_7351679/
7295668,MEDVEŠČAK - ŠALATA,Stanovanje,1-sobno,1.0,1800.0,EUR,92.0,,,"92 m2, 1-sobno, oddamo. Cena: 1.800,00 EUR/mes",https://www.nepremicnine.net/oglasi-oddaja/medvescak-salata-stanovanje_7295668/
7266962,MEDVEŠČAK - ŠALATA,Stanovanje,4-sobno,4.0,1500.0,EUR,103.0,1940,,"103 m2, 4-sobno, zgrajeno l. 1940, oddamo. Cena: 1.500,00 EUR/mes",https://www.nepremicnine.net/oglasi-oddaja/medvescak-salata-stanovanje_7266962/
7348366,MEDVEŠČAK - ŠALATA,Stanovanje,2-sobno,2.0,1650.0,EUR,110.0,,,"110 m2, 2-sobno, oddamo. Cena: 1.650,00 EUR/mes",https://www.nepremicnine.net/oglasi-oddaja/medvescak-salata-stanovanje_7348366/
7095533,MEDVEŠČAK - ŠALATA,Stanovanje,2-sobno,2.0,2500.0,EUR,120.0,2018,,"120 m2, 2-sobno, novogradnja - zgr. l. 2018, oddamo. Cena: 2.500,00 EUR/mes",https://www.nepremicnine.net/oglasi-oddaja/medvescak-salata-stanovanje_7095533/
7355449,MEDVEŠČAK - ŠALATA,Stanovanje,3-sobno,3.0,2600.0,EUR,125.0,,,"125 m2, 3-sobno, oddamo. Cena: 2.600,00 EUR/mes",https://www.nepremicnine.net/oglasi-oddaja/medvescak-salata-stanovanje_7355449/
7293231,MEDVEŠČAK - ŠALATA,Stanovanje,2-sobno,2.0,2500.0,EUR,149.0,,,"149 m2, 2-sobno, oddamo. Cena: 2.500,00 EUR/mes",https://www.nepremicnine.net/oglasi-oddaja/medvescak-salata-stanovanje_7293231/
7328546,MEDVEŠČAK - ŠALATA,Stanovanje,3-sobno,3.0,4500.0,EUR,150.0,2021,,"150 m2, 3-sobno, novogradnja - zgr. l. 2021, oddamo. Cena: 4.500,00 EUR/mes",https://www.nepremicnine.net/oglasi-oddaja/medvescak-salata-stanovanje_7328546/
7269878,MEDVEŠČAK - ŠALATA,Stanovanje,3-sobno,3.0,2500.0,EUR,150.0,,,"150 m2, 3-sobno, oddamo. Cena: 2.500,00 EUR/mes",https://www.nepremicnine.net/oglasi-oddaja/medvescak-salata-stanovanje_7269878/
7093753,MEDVEŠČAK - ŠALATA,Stanovanje,4-sobno,4.0,1900.0,EUR,163.0,,,"163 m2, 4-sobno, oddamo. Cena: 1.900,00 EUR/mes",https://www.nepremicnine.net/oglasi-oddaja/medvescak-salata-stanovanje_7093753/
7383798,MEDVEŠČAK - ŠALATA,Stanovanje,4-sobno,4.0,3000.0,EUR,249.0,,,"249 m2, 4-sobno, oddamo. Cena: 3.000,00 EUR/mes",https://www.nepremicnine.net/oglasi-oddaja/medvescak-salata-stanovanje_7383798/
7286483,"MEDVEŠČAK - ŠALATA, ALAGOVIĆEVA",Stanovanje,2-sobno,2.0,2500.0,EUR,145.0,,,"145 m2, 2-sobno, oddamo. Cena: 2.500,00 EUR/mes",https://www.nepremicnine.net/oglasi-oddaja/medvescak-salata-alagoviceva-stanovanje_7286483/
7252315,"MEDVEŠČAK - ŠALATA, CENTAR, GORNJI GRAD",Stanovanje,1-sobno,1.0,220.0,EUR,47.0,,,"47 m2, 1-sobno, oddamo. Cena: 220,00 EUR/mes",https://www.nepremicnine.net/oglasi-oddaja/medvescak-salata-centar-gornji-grad-stanovanje_7252315/
7374154,"MEDVEŠČAK - ŠALATA, CENTAR, GORNJI GRAD",Stanovanje,3-sobno,3.0,2500.0,EUR,149.0,,,"149 m2, 3-sobno, oddamo. Cena: 2.500,00 EUR/mes",https://www.nepremicnine.net/oglasi-oddaja/medvescak-salata-centar-gornji-grad-stanovanje_7374154/
7045267,"MEDVEŠČAK - ŠALATA, GORNJI GRAD",Stanovanje,3-sobno,3.0,2900.0,EUR,150.0,,,"150 m2, 3-sobno, oddamo. Cena: 2.900,00 EUR/mes",https://www.nepremicnine.net/oglasi-oddaja/medvescak-salata-gornji-grad-stanovanje_7045267/
7411401,"MEDVEŠČAK - ŠALATA, MESIĆEVA",Stanovanje,3-sobno,3.0,1100.0,EUR,123.0,,,"123 m2, 3-sobno, oddamo. Cena: 1.100,00 EUR/mes",https://www.nepremicnine.net/oglasi-oddaja/medvescak-salata-mesiceva-stanovanje_7411401/
7363343,"MEDVEŠČAK - ŠALATA, RIBNJAK",Stanovanje,3-sobno,3.0,2600.0,EUR,130.0,,,"130 m2, 3-sobno, oddamo. Cena: 2.600,00 EUR/mes",https://www.nepremicnine.net/oglasi-oddaja/medvescak-salata-ribnjak-stanovanje_7363343/
6759629,"MEDVEŠČAK - ŠALATA, RIBNJAK",Stanovanje,3-sobno,3.0,4000.0,EUR,130.0,,,"130 m2, 3-sobno, oddamo. Cena: 4.000,00 EUR/mes",https://www.nepremicnine.net/oglasi-oddaja/medvescak-salata-ribnjak-stanovanje_6759629/
6682823,"MEDVEŠČAK - ŠALATA, RIBNJAK",Stanovanje,3-sobno,3.0,2000.0,EUR,140.0,,,"140 m2, 3-sobno, oddamo. Cena: 2.000,00 EUR/mes",https://www.nepremicnine.net/oglasi-oddaja/medvescak-salata-ribnjak-stanovanje_6682823/
7372308,"MEDVEŠČAK - ŠALATA, RIBNJAK",Stanovanje,3-sobno,3.0,1700.0,EUR,144.0,,,"144 m2, 3-sobno, oddamo. Cena: 1.700,00 EUR/mes",https://www.nepremicnine.net/oglasi-oddaja/medvescak-salata-ribnjak-stanovanje_7372308/
7127194,"MEDVEŠČAK - ŠALATA, VINKOVIĆEVA",Stanovanje,3-sobno,3.0,1500.0,EUR,115.0,,,"115 m2, 3-sobno, oddamo. Cena: 1.500,00 EUR/mes",https://www.nepremicnine.net/oglasi-oddaja/medvescak-salata-vinkoviceva-stanovanje_7127194/
7296829,"MEDVEŠČAK - ŠALATA, ZELENJAK",Stanovanje,3-sobno,3.0,1750.0,EUR,118.0,,,"118 m2, 3-sobno, oddamo. Cena: 1.750,00 EUR/mes",https://www.nepremicnine.net/oglasi-oddaja/medvescak-salata-zelenjak-stanovanje_7296829/
7412660,MEDVODE,Stanovanje,3-sobno,3.0,850.0,EUR,84.9,1963,2,"84,9 m2, 3-sobno, zgrajeno l. 1963, adaptirano l. 2012, 2. nad., oddamo. Cena: 850,00 EUR/mes",https://www.nepremicnine.net/oglasi-oddaja/medvode-stanovanje_7412660/
7412858,"MEDVODE, VISNARJEVA ULICA",Stanovanje,Garsonjera,,550.0,EUR,37.0,2022,P,"37 m2, garsonjera, adaptirana l. 2022, adaptirana l. 2022, pritličje, oddamo. Cena: 550,00 EUR/mes",https://www.nepremicnine.net/oglasi-oddaja/medvode-visnarjeva-ulica-stanovanje_7412858/
7340273,MEJASI - SIROBUJA,Stanovanje,1-sobno,1.0,900.0,EUR,28.0,,,"28 m2, 1-sobno, oddamo. Cena: 900,00 EUR/mes",https://www.nepremicnine.net/oglasi-oddaja/mejasi-sirobuja-stanovanje_7340273/
7407121,MEJASI - SIROBUJA,Stanovanje,2-sobno,2.0,1000.0,EUR,75.0,,,"75 m2, 2-sobno, oddamo. Cena: 1.000,00 EUR/mes",https://www.nepremicnine.net/oglasi-oddaja/mejasi-sirobuja-stanovanje_7407121/
7406937,MEJASI - SIROBUJA,Stanovanje,3-sobno,3.0,1300.0,EUR,147.0,,,"147 m2, 3-sobno, oddamo. Cena: 1.300,00 EUR/mes",https://www.nepremicnine.net/oglasi-oddaja/mejasi-sirobuja-stanovanje_7406937/
7286376,"MEJASI - SIROBUJA, DRAGOVODE",Stanovanje,1-sobno,1.0,700.0,EUR,39.0,,,"39 m2, 1-sobno, oddamo. Cena: 700,00 EUR/mes",https://www.nepremicnine.net/oglasi-oddaja/mejasi-sirobuja-dragovode-stanovanje_7286376/
7410278,"MEKINJE, KAMNIK",Stanovanje,2-sobno,2.0,650.0,EUR,57.26,2011,2/2,"57,26 m2, 2-sobno, oskrbovano stanovanje za starejše, zgrajeno l. 2011, 2/2 nad., Oddam popolnoma opremljeno dvosobno st...",https://www.nepremicnine.net/oglasi-oddaja/mekinje-kamnik-stanovanje_7410278/
7116743,MELJE,Stanovanje,"1,5-sobno",1.5,900.0,EUR,48.0,2026,,"48 m2, 1,5-sobno, zgrajeno l. 2026, 12 m2 zemljišča, novogradnja, parkirno mesto, oddamo. Cena: 900,00 EUR/mes",https://www.nepremicnine.net/oglasi-oddaja/melje-stanovanje_7116743/
7413543,MELJE,Stanovanje,3-sobno,3.0,820.0,EUR,55.9,2025,,"55,9 m2, 3-sobno, zgrajeno l. 2025, novo 3-sobno stanovanje s teraso in garažo, oddamo. Cena: 820,00 EUR/mes",https://www.nepremicnine.net/oglasi-oddaja/melje-stanovanje_7413543/
7364997,MELJE,Stanovanje,2-sobno,2.0,800.0,EUR,59.5,1963,1/1,"59,5 m2, 2-sobno, zgrajeno l. 1963, 1/1 nad., 2S opremljeno stanovanje- najemnina s stroški, oddamo. Cena: 800,00 EUR/me...",https://www.nepremicnine.net/oglasi-oddaja/melje-stanovanje_7364997/
7406588,"MELJE, MELJSKA CESTA 74, 2000 MARIBOR",Stanovanje,Garsonjera,,500.0,EUR,32.3,1960,1/2,"32,3 m2, garsonjera, zgrajena l. 1960, adaptirana l. 2019, 1/2 nad., oddamo. Cena: cca 500,00 EUR/mes",https://www.nepremicnine.net/oglasi-oddaja/melje-meljska-cesta-74-2000-maribor-stanovanje_7406588/
7371692,MENGEŠ,Stanovanje,Garsonjera,,600.0,EUR,36.0,2006,1/3,"36 m2, garsonjera, zgrajena l. 2006, adaptirana l. 2023, 1/3 nad., oddam garsonjero + garažo v Mengšu, oddamo. Cena: 600...",https://www.nepremicnine.net/oglasi-oddaja/menges-stanovanje_7371692/
7405354,MENGEŠ,Stanovanje,1-sobno,1.0,650.0,EUR,38.0,1981,2,"38 m2, 1-sobno, zgrajeno l. 1981, 2. nad., oddamo. Cena: 650,00 EUR/mes",https://www.nepremicnine.net/oglasi-oddaja/menges-stanovanje_7405354/
7415263,MENGEŠ,Stanovanje,"2,5-sobno",2.5,690.0,EUR,55.0,2023,P/1,"55 m2, 2,5-sobno, adaptirano l. 2023, P/1 nad., Vseljivo od 1.9.2026, oddamo. Cena: 690,00 EUR/mes",https://www.nepremicnine.net/oglasi-oddaja/menges-stanovanje_7415263/
7395654,"MENGEŠ, CENTER",Stanovanje,Garsonjera,,300.0,EUR,15.0,2010,K/2,"15 m2, garsonjera, adaptirana l. 2010, adaptirana l. 2010, 500 m2 zemljišča, K/2 nad., oddamo. Cena: 300,00 EUR/mes",https://www.nepremicnine.net/oglasi-oddaja/menges-center-stanovanje_7395654/
7058348,METLIKA,Stanovanje,2-sobno,2.0,450.0,EUR,70.0,1983,1/2,"70 m2, 2-sobno, zgrajeno l. 1983, 1/2 nad., oddamo. Cena: 450,00 EUR/mes",https://www.nepremicnine.net/oglasi-oddaja/metlika-stanovanje_7058348/
7378813,MEŽICA,Stanovanje,Soba,,220.0,EUR,15.0,2024,,"15 m2, soba, adaptirana l. 2024, soba, oddamo. Cena: cca 220,00 EUR/mes",https://www.nepremicnine.net/oglasi-oddaja/mezica-stanovanje_7378813/
7394484,MIMARA,Stanovanje,2-sobno,2.0,1200.0,EUR,65.0,1928,,"65 m2, 2-sobno, zgrajeno l. 1928, oddamo. Cena: 1.200,00 EUR/mes",https://www.nepremicnine.net/oglasi-oddaja/mimara-stanovanje_7394484/
7335015,MIMARA,Stanovanje,2-sobno,2.0,2000.0,EUR,83.0,,,"83 m2, 2-sobno, oddamo. Cena: 2.000,00 EUR/mes",https://www.nepremicnine.net/oglasi-oddaja/mimara-stanovanje_7335015/
7094777,MIMARA,Stanovanje,2-sobno,2.0,2600.0,EUR,92.0,2011,,"92 m2, 2-sobno, zgrajeno l. 2011, oddamo. Cena: 2.600,00 EUR/mes",https://www.nepremicnine.net/oglasi-oddaja/mimara-stanovanje_7094777/
7336640,MIMARA,Stanovanje,2-sobno,2.0,2000.0,EUR,109.0,,,"109 m2, 2-sobno, oddamo. Cena: 2.000,00 EUR/mes",https://www.nepremicnine.net/oglasi-oddaja/mimara-stanovanje_7336640/
7270533,MIMARA,Stanovanje,2-sobno,2.0,3500.0,EUR,115.0,2022,,"115 m2, 2-sobno, novogradnja - zgr. l. 2022, oddamo. Cena: 3.500,00 EUR/mes",https://www.nepremicnine.net/oglasi-oddaja/mimara-stanovanje_7270533/
7305789,MIMARA,Stanovanje,3-sobno,3.0,1900.0,EUR,145.0,,,"145 m2, 3-sobno, oddamo. Cena: 1.900,00 EUR/mes",https://www.nepremicnine.net/oglasi-oddaja/mimara-stanovanje_7305789/
7095694,MIMARA,Stanovanje,2-sobno,2.0,2000.0,EUR,150.0,,,"150 m2, 2-sobno, oddamo. Cena: 2.000,00 EUR/mes",https://www.nepremicnine.net/oglasi-oddaja/mimara-stanovanje_7095694/
7094649,MIMARA,Stanovanje,5 in večsobno,,2400.0,EUR,152.0,,,"152 m2, 5 in večsobno, oddamo. Cena: 2.400,00 EUR/mes",https://www.nepremicnine.net/oglasi-oddaja/mimara-stanovanje_7094649/
7096843,MIMARA,Stanovanje,5 in večsobno,,3000.0,EUR,152.0,,,"152 m2, 5 in večsobno, oddamo. Cena: 3.000,00 EUR/mes",https://www.nepremicnine.net/oglasi-oddaja/mimara-stanovanje_7096843/
7269886,MIMARA,Stanovanje,2-sobno,2.0,3200.0,EUR,160.0,,,"160 m2, 2-sobno, oddamo. Cena: 3.200,00 EUR/mes",https://www.nepremicnine.net/oglasi-oddaja/mimara-stanovanje_7269886/
7095256,MIMARA,Stanovanje,4-sobno,4.0,2500.0,EUR,190.0,1897,,"190 m2, 4-sobno, zgrajeno l. 1897, oddamo. Cena: 2.500,00 EUR/mes",https://www.nepremicnine.net/oglasi-oddaja/mimara-stanovanje_7095256/
7342462,MIMARA,Stanovanje,2-sobno,2.0,2900.0,EUR,220.0,,,"220 m2, 2-sobno, oddamo. Cena: 2.900,00 EUR/mes",https://www.nepremicnine.net/oglasi-oddaja/mimara-stanovanje_7342462/
7241660,"MIMARA, DONJI GRAD",Stanovanje,Drugo,,600.0,EUR,30.0,,,"30 m2, stanovanje, oddamo. Cena: 600,00 EUR/mes",https://www.nepremicnine.net/oglasi-oddaja/mimara-donji-grad-stanovanje_7241660/
7252730,"MIMARA, DONJI GRAD",Stanovanje,Drugo,,200.0,EUR,36.0,,,"36 m2, stanovanje, oddamo. Cena: 200,00 EUR/mes",https://www.nepremicnine.net/oglasi-oddaja/mimara-donji-grad-stanovanje_7252730/
7254404,"MIMARA, DONJI GRAD",Stanovanje,1-sobno,1.0,200.0,EUR,36.0,,,"36 m2, 1-sobno, oddamo. Cena: 200,00 EUR/mes",https://www.nepremicnine.net/oglasi-oddaja/mimara-donji-grad-stanovanje_7254404/
7252918,"MIMARA, DONJI GRAD",Stanovanje,1-sobno,1.0,700.0,EUR,42.0,,,"42 m2, 1-sobno, oddamo. Cena: 700,00 EUR/mes",https://www.nepremicnine.net/oglasi-oddaja/mimara-donji-grad-stanovanje_7252918/
7243057,"MIMARA, DONJI GRAD",Stanovanje,1-sobno,1.0,900.0,EUR,42.0,,,"42 m2, 1-sobno, oddamo. Cena: 900,00 EUR/mes",https://www.nepremicnine.net/oglasi-oddaja/mimara-donji-grad-stanovanje_7243057/
7254483,"MIMARA, DONJI GRAD",Stanovanje,3-sobno,3.0,200.0,EUR,50.0,,,"50 m2, 3-sobno, oddamo. Cena: 200,00 EUR/mes",https://www.nepremicnine.net/oglasi-oddaja/mimara-donji-grad-stanovanje_7254483/
7241730,"MIMARA, DONJI GRAD",Stanovanje,1-sobno,1.0,1320.0,EUR,60.0,,,"60 m2, 1-sobno, oddamo. Cena: 1.320,00 EUR/mes",https://www.nepremicnine.net/oglasi-oddaja/mimara-donji-grad-stanovanje_7241730/
7243908,"MIMARA, DONJI GRAD",Stanovanje,2-sobno,2.0,210.0,EUR,60.0,,,"60 m2, 2-sobno, oddamo. Cena: 210,00 EUR/mes",https://www.nepremicnine.net/oglasi-oddaja/mimara-donji-grad-stanovanje_7243908/
7252010,"MIMARA, DONJI GRAD",Stanovanje,2-sobno,2.0,260.0,EUR,60.0,,,"60 m2, 2-sobno, oddamo. Cena: 260,00 EUR/mes",https://www.nepremicnine.net/oglasi-oddaja/mimara-donji-grad-stanovanje_7252010/
7359061,"MIMARA, DONJI GRAD",Stanovanje,3-sobno,3.0,1600.0,EUR,120.0,,,"120 m2, 3-sobno, oddamo. Cena: 1.600,00 EUR/mes",https://www.nepremicnine.net/oglasi-oddaja/mimara-donji-grad-stanovanje_7359061/
7252521,"MIMARA, DONJI GRAD",Stanovanje,4-sobno,4.0,3000.0,EUR,150.0,,,"150 m2, 4-sobno, oddamo. Cena: 3.000,00 EUR/mes",https://www.nepremicnine.net/oglasi-oddaja/mimara-donji-grad-stanovanje_7252521/
7285275,"MIMARA, MAŽURANIĆEV TRG",Stanovanje,3-sobno,3.0,1500.0,EUR,120.0,,,"120 m2, 3-sobno, oddamo. Cena: 1.500,00 EUR/mes",https://www.nepremicnine.net/oglasi-oddaja/mimara-mazuranicev-trg-stanovanje_7285275/
7344776,MIRJE,Stanovanje,4-sobno,4.0,2800.0,EUR,116.5,2026,1/4,"116,5 m2, 4-sobno, novogradnja - zgr. l. 2026, 1/4 nad., Pretežno opremljeno, popolnoma novo stanovanje v NOVI več stano...",https://www.nepremicnine.net/oglasi-oddaja/mirje-stanovanje_7344776/
7342479,"MIRJE, TESLOVA ULICA 7",Stanovanje,"2,5-sobno",2.5,400.0,EUR,72.0,1934,1/2,"72 m2, 2,5-sobno, zgrajeno l. 1934, adaptirano l. 2022, 1/2 nad., Prostorno stanovanje primerno za 4 študente, oddamo. C...",https://www.nepremicnine.net/oglasi-oddaja/mirje-teslova-ulica-7-stanovanje_7342479/
7409017,MIRNA,Stanovanje,"1,5-sobno",1.5,450.0,EUR,38.0,1990,4/4,"38 m2, 1,5-sobno, zgrajeno l. 1990, adaptirano l. 2019, 4/4 nad., Sprotno plačilo, enomesečna varščina, stroški se plača...",https://www.nepremicnine.net/oglasi-oddaja/mirna-stanovanje_7409017/
7415214,MIRNA,Stanovanje,"1,5-sobno",1.5,450.0,EUR,38.0,1990,4/4,"38 m2, 1,5-sobno, zgrajeno l. 1990, adaptirano l. 2019, 4/4 nad., Sprotno plačilo, enomesečna varščina, stroški se plača...",https://www.nepremicnine.net/oglasi-oddaja/mirna-stanovanje_7415214/
7389994,MIRNA PEČ,Stanovanje,2-sobno,2.0,750.0,EUR,55.0,2026,1/2,"55 m2, 2-sobno, adaptirano l. 2026, 1/2 nad., oddamo. Cena: 750,00 EUR/mes",https://www.nepremicnine.net/oglasi-oddaja/mirna-pec-stanovanje_7389994/
7389221,MIRNA PEČ,Stanovanje,3-sobno,3.0,900.0,EUR,80.0,2026,1/2,"80 m2, 3-sobno, adaptirano l. 2026, 1/2 nad., oddamo. Cena: 900,00 EUR/mes",https://www.nepremicnine.net/oglasi-oddaja/mirna-pec-stanovanje_7389221/
7337045,"MIRNA, SOSESKA",Stanovanje,3-sobno,3.0,1200.0,EUR,154.0,2022,5/5,"154 m2, 3-sobno, ""penthouse"", zgrajeno l. 2022, 5/5 nad., oddamo. Cena: 1.200,00 EUR/mes",https://www.nepremicnine.net/oglasi-oddaja/mirna-soseska-stanovanje_7337045/
7410375,"MISLINJA, ŠENTLENART",Stanovanje,1-sobno,1.0,200.0,EUR,25.0,1989,1/4,"25 m2, 1-sobno, zgrajeno l. 1989, adaptirano l. 2010, 1/4 nad., Oddamo enosobno staovanje v Mislinji, oddamo. Cena: cca ...",https://www.nepremicnine.net/oglasi-oddaja/mislinja-sentlenart-stanovanje_7410375/
7406922,MLAKA,Stanovanje,1-sobno,1.0,1000.0,EUR,40.0,2024,,"40 m2, 1-sobno, novogradnja - zgr. l. 2024, oddamo. Cena: 1.000,00 EUR/mes",https://www.nepremicnine.net/oglasi-oddaja/mlaka-stanovanje_7406922/
7383204,MLAKA,Stanovanje,2-sobno,2.0,1300.0,EUR,80.0,,,"80 m2, 2-sobno, oddamo. Cena: 1.300,00 EUR/mes",https://www.nepremicnine.net/oglasi-oddaja/mlaka-stanovanje_7383204/
7395480,MLAKA,Stanovanje,2-sobno,2.0,1000.0,EUR,88.0,,,"88 m2, 2-sobno, oddamo. Cena: 1.000,00 EUR/mes",https://www.nepremicnine.net/oglasi-oddaja/mlaka-stanovanje_7395480/
7291138,MLAKA PRI KRANJU,Stanovanje,1-sobno,1.0,750.0,EUR,46.0,1989,,"46 m2, 1-sobno, zgrajeno l. 1989, adaptirano l. 2026, 200 m2 zemljišča, oddamo stanovanje pravkar kompletno obnovljeno.T...",https://www.nepremicnine.net/oglasi-oddaja/mlaka-pri-kranju-stanovanje_7291138/
7413944,MLAKA PRI KRANJU,Stanovanje,2-sobno,2.0,550.0,EUR,75.0,1985,1/1,"75 m2, 2-sobno, zgrajeno l. 1985, adaptirano l. 2026, 1/1 nad., Oddam opremljeno stanovanje, za 1 osebo, svoje parkirno ...",https://www.nepremicnine.net/oglasi-oddaja/mlaka-pri-kranju-stanovanje_7413944/
7392714,"MLAKA, PODMURVICE, RIJEKA",Stanovanje,1-sobno,1.0,650.0,EUR,45.0,,,"45 m2, 1-sobno, oddamo. Cena: 650,00 EUR/mes",https://www.nepremicnine.net/oglasi-oddaja/mlaka-podmurvice-rijeka-stanovanje_7392714/
7400587,"MLAKA, PODMURVICE, RIJEKA",Stanovanje,1-sobno,1.0,630.0,EUR,53.0,,,"53 m2, 1-sobno, oddamo. Cena: 630,00 EUR/mes",https://www.nepremicnine.net/oglasi-oddaja/mlaka-podmurvice-rijeka-stanovanje_7400587/
7344789,"MLAKA, RIJEKA",Stanovanje,3-sobno,3.0,230.0,EUR,72.0,,,"72 m2, 3-sobno, oddamo. Cena: 230,00 EUR/mes",https://www.nepremicnine.net/oglasi-oddaja/mlaka-rijeka-stanovanje_7344789/
7243124,"MLAKA, RIJEKA",Stanovanje,3-sobno,3.0,230.0,EUR,72.0,,,"72 m2, 3-sobno, oddamo. Cena: 230,00 EUR/mes",https://www.nepremicnine.net/oglasi-oddaja/mlaka-rijeka-stanovanje_7243124/
7413044,"MLAKA, RIJEKA",Stanovanje,3-sobno,3.0,1500.0,EUR,108.0,,,"108 m2, 3-sobno, oddamo. Cena: 1.500,00 EUR/mes",https://www.nepremicnine.net/oglasi-oddaja/mlaka-rijeka-stanovanje_7413044/
7118892,MOJSTRANA,Stanovanje,Garsonjera,,500.0,EUR,25.0,1980,2/3,"25 m2, garsonjera, zgrajena l. 1980, adaptirana l. 2022, 1.000 m2 zemljišča, 2/3 nad., Mojstrana, oddamo. Cena: 500,00 E...",https://www.nepremicnine.net/oglasi-oddaja/mojstrana-stanovanje_7118892/
7397156,"MORAVSKE TOPLICE, ZRAVEN HOTEL VIVAT",Stanovanje,"2,5-sobno",2.5,700.0,EUR,65.0,2006,1/3,"65 m2, 2,5-sobno, poslovni apartma, zgrajeno l. 2006, 2.000 m2 zemljišča, 1/3 nad., oddamo. Cena: do cca 700,00 EUR/mes",https://www.nepremicnine.net/oglasi-oddaja/moravske-toplice-zraven-hotel-vivat-stanovanje_7397156/
7378558,MOSTEC,Stanovanje,3-sobno,3.0,1950.0,EUR,87.0,2002,1/2,"87 m2, 3-sobno, zgrajeno l. 2002, adaptirano l. 2024, 1/2 nad., oddamo. Cena: cca 1.950,00 EUR/mes",https://www.nepremicnine.net/oglasi-oddaja/mostec-stanovanje_7378558/
7409722,MOSTEC,Stanovanje,3-sobno,3.0,1950.0,EUR,90.0,2002,1/2,"90 m2, 3-sobno, zgrajeno l. 2002, adaptirano l. 2020, 1/2 nad., oddamo. Cena: 1.950,00 EUR/mes",https://www.nepremicnine.net/oglasi-oddaja/mostec-stanovanje_7409722/
7414499,MOSTEC,Stanovanje,3-sobno,3.0,1600.0,EUR,91.62,2001,1/2,"91,62 m2, 3-sobno, zgrajeno l. 2001, 1/2 nad., oddamo. Cena: 1.600,00 EUR/mes",https://www.nepremicnine.net/oglasi-oddaja/mostec-stanovanje_7414499/
7394751,"MOSTEC, KOSEZE",Stanovanje,Soba,,650.0,EUR,25.0,2001,P/2,"25 m2, soba, zgrajena l. 2001, P/2 nad., oddamo. Cena: cca 650,00 EUR/mes",https://www.nepremicnine.net/oglasi-oddaja/mostec-koseze-stanovanje_7394751/
7408487,MOŠĆENIČKA DRAGA,Stanovanje,2-sobno,2.0,2300.0,EUR,79.0,1904,,"79 m2, 2-sobno, zgrajeno l. 1904, oddamo. Cena: 2.300,00 EUR/mes",https://www.nepremicnine.net/oglasi-oddaja/moscenicka-draga-stanovanje_7408487/
6564967,MURGLE,Stanovanje,"1,5-sobno",1.5,1050.0,EUR,47.0,2018,P,"47 m2, 1,5-sobno, zgrajeno l. 2018, pritličje, atrijsko stanovanje + parking, oddamo. Cena: 1.050,00 EUR/mes",https://www.nepremicnine.net/oglasi-oddaja/murgle-stanovanje_6564967/
7395578,MURGLE,Stanovanje,2-sobno,2.0,1300.0,EUR,120.1,2017,1/2,"120,1 m2, 2-sobno, zgrajeno l. 2017, 1/2 nad., Oddamo sodobno oskrbovano stanovanje z veliko teraso v Murglah, oddamo. C...",https://www.nepremicnine.net/oglasi-oddaja/murgle-stanovanje_7395578/
7344580,MURSKA SOBOTA,Stanovanje,Soba,,150.0,EUR,20.0,1998,,"20 m2, soba, zgrajena l. 1998, adaptirana l. 2025, Murska Sobota, postelja v dvoposteljni sobi, vseljivo takoj, oddamo. ...",https://www.nepremicnine.net/oglasi-oddaja/murska-sobota-stanovanje_7344580/
7376990,MURSKA SOBOTA,Stanovanje,1-sobno,1.0,390.0,EUR,33.1,1967,3/4,"33,1 m2, 1-sobno, zgrajeno l. 1967, adaptirano l. 2026, 3/4 nad., oddamo. Cena: 390,00 EUR/mes",https://www.nepremicnine.net/oglasi-oddaja/murska-sobota-stanovanje_7376990/
7408951,MURSKA SOBOTA,Stanovanje,"1,5-sobno",1.5,450.0,EUR,56.7,1969,6/7,"56,7 m2, 1,5-sobno, zgrajeno l. 1969, adaptirano l. 2022, 6/7 nad., oddamo. Cena: cca 450,00 EUR/mes",https://www.nepremicnine.net/oglasi-oddaja/murska-sobota-stanovanje_7408951/
7344848,"MURSKA SOBOTA, BAKOVSKA ULICA",Stanovanje,4-sobno,4.0,200.0,EUR,85.0,2024,1,"85 m2, 4-sobno, adaptirano l. 2024, 450 m2 zemljišča, 1. nad., Oddaja se funkcionalno in popolnoma opremljeno stanovanje...",https://www.nepremicnine.net/oglasi-oddaja/murska-sobota-bakovska-ulica-stanovanje_7344848/
7391979,"MURSKA SOBOTA, ULICA MATIJE GUBCA 30",Stanovanje,Soba,,200.0,EUR,12.0,1998,1/2,"12 m2, soba, zgrajena l. 1998, adaptirana l. 2025, 1/2 nad., Takoj vseljivo, oddamo. Cena: 200,00 EUR/mes",https://www.nepremicnine.net/oglasi-oddaja/murska-sobota-ulica-matije-gubca-30-stanovanje_7391979/
7132322,MUTA,Stanovanje,2-sobno,2.0,294.6,EUR,49.1,1963,2,"49,1 m2, 2-sobno, zgrajeno l. 1963, 2. nad., oddamo. Cena: 294,60 EUR/mes",https://www.nepremicnine.net/oglasi-oddaja/muta-stanovanje_7132322/
7275977,MUTA,Stanovanje,"1,5-sobno",1.5,270.6,EUR,49.8,1850,P,"49,8 m2, 1,5-sobno, zgrajeno l. 1850, pritličje, oddamo. Cena: 270,60 EUR/mes",https://www.nepremicnine.net/oglasi-oddaja/muta-stanovanje_7275977/
7362893,MUTA,Stanovanje,"1,5-sobno",1.5,364.0,EUR,52.0,1974,2,"52 m2, 1,5-sobno, zgrajeno l. 1974, 2. nad., oddamo. Cena: 364,00 EUR/mes",https://www.nepremicnine.net/oglasi-oddaja/muta-stanovanje_7362893/
7374570,"NJIVICE, KIJAC",Stanovanje,1-sobno,1.0,450.0,EUR,40.0,,,"40 m2, 1-sobno, oddamo. Cena: 450,00 EUR/mes",https://www.nepremicnine.net/oglasi-oddaja/njivice-kijac-stanovanje_7374570/
7397181,"NOTRANJE GORICE, LJUBLJANSKO BARJE",Stanovanje,4-sobno,4.0,1300.0,EUR,110.0,2017,1/1,"110 m2, 4-sobno, adaptirano l. 2017, 1/1 nad., oddamo. Cena: 1.300,00 EUR/mes",https://www.nepremicnine.net/oglasi-oddaja/notranje-gorice-ljubljansko-barje-stanovanje_7397181/
7403842,NOVA GORICA,Stanovanje,Soba,,390.0,EUR,10.0,1968,2/4,"10 m2, soba, zgrajena l. 1968, 2/4 nad., Souporaba stanovanja, oddamo. Cena: 390,00 EUR/mes",https://www.nepremicnine.net/oglasi-oddaja/nova-gorica-stanovanje_7403842/
7086758,NOVA GORICA,Stanovanje,Soba,,270.0,EUR,20.0,1977,4/10,"20 m2, soba, zgrajena l. 1977, adaptirana l. 2010, 4/10 nad., Oddam sobo v trisobnem stanovanju, oddamo. Cena: 270,00 EU...",https://www.nepremicnine.net/oglasi-oddaja/nova-gorica-stanovanje_7086758/
7409013,NOVA GORICA,Stanovanje,Garsonjera,,550.0,EUR,25.0,1964,1/1,"25 m2, garsonjera, zgrajena l. 1964, 1/1 nad., oddamo. Cena: 550,00 EUR/mes",https://www.nepremicnine.net/oglasi-oddaja/nova-gorica-stanovanje_7409013/
7413527,NOVA GORICA,Stanovanje,2-sobno,2.0,700.0,EUR,45.0,2010,6/10,"45 m2, 2-sobno, zgrajeno l. 2010, 6/10 nad., Nova Gorica, 45 m2, oddaja, stanovanje, 2-sobno, oddamo. Cena: 700,00 EUR/m...",https://www.nepremicnine.net/oglasi-oddaja/nova-gorica-stanovanje_7413527/
7378196,NOVA GORICA,Stanovanje,2-sobno,2.0,850.0,EUR,65.0,1986,VP/2,"65 m2, 2-sobno, zgrajeno l. 1986, adaptirano l. 2025, VP/2 nad., stanovanje v hiši, v celoti opremljeno, klimatizirano, ...",https://www.nepremicnine.net/oglasi-oddaja/nova-gorica-stanovanje_7378196/
7412723,"NOVA GORICA, EDA CENTER",Stanovanje,2-sobno,2.0,850.0,EUR,80.0,2011,13/14,"80 m2, 2-sobno, zgrajeno l. 2011, adaptirano l. 2019, 13/14 nad., Oddam nadstandardno dvosobno stanovanje, oddamo. Cena:...",https://www.nepremicnine.net/oglasi-oddaja/nova-gorica-eda-center-stanovanje_7412723/
7413011,"NOVA GORICA, KIDRIČEVA",Stanovanje,2-sobno,2.0,600.0,EUR,42.0,2023,P/5,"42 m2, 2-sobno, adaptirano l. 2023, P/5 nad., oddamo. Cena: 600,00 EUR/mes",https://www.nepremicnine.net/oglasi-oddaja/nova-gorica-kidriceva-stanovanje_7413011/
7406683,"NOVA GORICA, LEDINE",Stanovanje,Garsonjera,,550.0,EUR,31.0,1971,,"31 m2, garsonjera, zgrajena l. 1971, adaptirana l. 2025, Popolnoma prenovljena in opreljemljena, svetla, pritlična garso...",https://www.nepremicnine.net/oglasi-oddaja/nova-gorica-ledine-stanovanje_7406683/
7410412,"NOVA GORICA, MIRNA LOKACIJA V CENTRU",Stanovanje,3-sobno,3.0,840.0,EUR,74.0,2014,,"74 m2, 3-sobno, adaptirano l. 2014, oddamo. Cena: 840,00 EUR/mes",https://www.nepremicnine.net/oglasi-oddaja/nova-gorica-mirna-lokacija-v-centru-stanovanje_7410412/
7413948,"NOVA GORICA, REJČEVA ULICA - CENTER",Stanovanje,2-sobno,2.0,850.0,EUR,67.8,2007,1/4,"67,8 m2, 2-sobno, zgrajeno l. 2007, 1/4 nad., nova gorica - zvezda, oddamo. Cena: 850,00 EUR/mes",https://www.nepremicnine.net/oglasi-oddaja/nova-gorica-rejceva-ulica-center-stanovanje_7413948/
7414551,NOVA VAS,Stanovanje,Garsonjera,,350.0,EUR,36.0,1996,2/3,"36 m2, garsonjera, zgrajena l. 1996, adaptirana l. 2020, 36 m2 zemljišča, 2/3 nad., oddamo. Cena: 350,00 EUR/mes",https://www.nepremicnine.net/oglasi-oddaja/nova-vas-stanovanje_7414551/
7413984,NOVA VAS,Stanovanje,2-sobno,2.0,750.0,EUR,58.0,1980,3/4,"58 m2, 2-sobno, zgrajeno l. 1980, adaptirano l. 2018, 3/4 nad., oddamo. Cena: 750,00 EUR/mes",https://www.nepremicnine.net/oglasi-oddaja/nova-vas-stanovanje_7413984/
7414001,"NOVA VAS, LINETOVA ULICA",Stanovanje,1-sobno,1.0,500.0,EUR,45.0,1983,1/4,"45 m2, 1-sobno, zgrajeno l. 1983, adaptirano l. 2025, 1/4 nad., Na Klinetovi ulici na Taboru oddamo prijetno 1-sobno sta...",https://www.nepremicnine.net/oglasi-oddaja/nova-vas-linetova-ulica-stanovanje_7414001/
7405360,"NOVA VAS, SLOVENIJA",Stanovanje,3-sobno,3.0,500.0,EUR,81.0,1984,2/4,"81 m2, 3-sobno, zgrajeno l. 1984, adaptirano l. 2021, 2/4 nad., oddamo. Cena: do cca 500,00 EUR/mes",https://www.nepremicnine.net/oglasi-oddaja/nova-vas-slovenija-stanovanje_7405360/
7394846,NOVA VES - GUPCEVA ZVIJEZDA,Stanovanje,1-sobno,1.0,650.0,EUR,25.0,1903,,"25 m2, 1-sobno, zgrajeno l. 1903, oddamo. Cena: 650,00 EUR/mes",https://www.nepremicnine.net/oglasi-oddaja/nova-ves-gupceva-zvijezda-stanovanje_7394846/
7267198,NOVA VES - GUPCEVA ZVIJEZDA,Stanovanje,2-sobno,2.0,1500.0,EUR,60.0,1782,,"60 m2, 2-sobno, zgrajeno l. 1782, oddamo. Cena: 1.500,00 EUR/mes",https://www.nepremicnine.net/oglasi-oddaja/nova-ves-gupceva-zvijezda-stanovanje_7267198/
7334974,NOVA VES - GUPCEVA ZVIJEZDA,Stanovanje,1-sobno,1.0,800.0,EUR,62.0,,,"62 m2, 1-sobno, oddamo. Cena: 800,00 EUR/mes",https://www.nepremicnine.net/oglasi-oddaja/nova-ves-gupceva-zvijezda-stanovanje_7334974/
7303602,NOVA VES - GUPCEVA ZVIJEZDA,Stanovanje,2-sobno,2.0,1200.0,EUR,100.0,,,"100 m2, 2-sobno, ""penthouse"", oddamo. Cena: 1.200,00 EUR/mes",https://www.nepremicnine.net/oglasi-oddaja/nova-ves-gupceva-zvijezda-stanovanje_7303602/
7365871,NOVA VES - GUPCEVA ZVIJEZDA,Stanovanje,3-sobno,3.0,1800.0,EUR,115.0,,,"115 m2, 3-sobno, oddamo. Cena: 1.800,00 EUR/mes",https://www.nepremicnine.net/oglasi-oddaja/nova-ves-gupceva-zvijezda-stanovanje_7365871/
7334774,NOVA VES - GUPCEVA ZVIJEZDA,Stanovanje,3-sobno,3.0,4000.0,EUR,121.0,2025,,"121 m2, 3-sobno, novogradnja - zgr. l. 2025, oddamo. Cena: 4.000,00 EUR/mes",https://www.nepremicnine.net/oglasi-oddaja/nova-ves-gupceva-zvijezda-stanovanje_7334774/
7369668,NOVA VES - GUPCEVA ZVIJEZDA,Stanovanje,4-sobno,4.0,4500.0,EUR,144.0,2023,,"144 m2, 4-sobno, novogradnja - zgr. l. 2023, oddamo. Cena: 4.500,00 EUR/mes",https://www.nepremicnine.net/oglasi-oddaja/nova-ves-gupceva-zvijezda-stanovanje_7369668/
7373515,NOVA VES - GUPCEVA ZVIJEZDA,Stanovanje,3-sobno,3.0,4000.0,EUR,150.0,,,"150 m2, 3-sobno, oddamo. Cena: 4.000,00 EUR/mes",https://www.nepremicnine.net/oglasi-oddaja/nova-ves-gupceva-zvijezda-stanovanje_7373515/
7093995,NOVA VES - GUPCEVA ZVIJEZDA,Stanovanje,3-sobno,3.0,2500.0,EUR,150.0,,,"150 m2, 3-sobno, oddamo. Cena: 2.500,00 EUR/mes",https://www.nepremicnine.net/oglasi-oddaja/nova-ves-gupceva-zvijezda-stanovanje_7093995/
7266750,NOVA VES - GUPCEVA ZVIJEZDA,Stanovanje,4-sobno,4.0,2890.0,EUR,162.0,1933,,"162 m2, 4-sobno, zgrajeno l. 1933, oddamo. Cena: 2.890,00 EUR/mes",https://www.nepremicnine.net/oglasi-oddaja/nova-ves-gupceva-zvijezda-stanovanje_7266750/
7313017,NOVA VES - GUPCEVA ZVIJEZDA,Stanovanje,3-sobno,3.0,2500.0,EUR,180.0,1970,,"180 m2, 3-sobno, zgrajeno l. 1970, oddamo. Cena: 2.500,00 EUR/mes",https://www.nepremicnine.net/oglasi-oddaja/nova-ves-gupceva-zvijezda-stanovanje_7313017/
7268459,NOVA VES - GUPCEVA ZVIJEZDA,Stanovanje,3-sobno,3.0,2470.0,EUR,190.0,2006,,"190 m2, 3-sobno, zgrajeno l. 2006, oddamo. Cena: 2.470,00 EUR/mes",https://www.nepremicnine.net/oglasi-oddaja/nova-ves-gupceva-zvijezda-stanovanje_7268459/
7347304,NOVA VES - GUPCEVA ZVIJEZDA,Stanovanje,4-sobno,4.0,2800.0,EUR,250.0,,,"250 m2, 4-sobno, oddamo. Cena: 2.800,00 EUR/mes",https://www.nepremicnine.net/oglasi-oddaja/nova-ves-gupceva-zvijezda-stanovanje_7347304/
7295866,NOVA VES - GUPCEVA ZVIJEZDA,Stanovanje,2-sobno,2.0,2500.0,EUR,250.0,,,"250 m2, 2-sobno, oddamo. Cena: 2.500,00 EUR/mes",https://www.nepremicnine.net/oglasi-oddaja/nova-ves-gupceva-zvijezda-stanovanje_7295866/
7094291,NOVA VES - GUPCEVA ZVIJEZDA,Stanovanje,3-sobno,3.0,2700.0,EUR,250.0,,,"250 m2, 3-sobno, oddamo. Cena: 2.700,00 EUR/mes",https://www.nepremicnine.net/oglasi-oddaja/nova-ves-gupceva-zvijezda-stanovanje_7094291/
7374026,NOVA VES - GUPCEVA ZVIJEZDA,Stanovanje,3-sobno,3.0,4600.0,EUR,260.0,,,"260 m2, 3-sobno, oddamo. Cena: 4.600,00 EUR/mes",https://www.nepremicnine.net/oglasi-oddaja/nova-ves-gupceva-zvijezda-stanovanje_7374026/
7328530,NOVA VES - GUPCEVA ZVIJEZDA,Stanovanje,4-sobno,4.0,3900.0,EUR,300.0,1700,,"300 m2, 4-sobno, zgrajeno l. 1700, oddamo. Cena: 3.900,00 EUR/mes",https://www.nepremicnine.net/oglasi-oddaja/nova-ves-gupceva-zvijezda-stanovanje_7328530/
7295679,NOVA VES - GUPCEVA ZVIJEZDA,Stanovanje,3-sobno,3.0,8500.0,EUR,360.0,,,"360 m2, 3-sobno, oddamo. Cena: 8.500,00 EUR/mes",https://www.nepremicnine.net/oglasi-oddaja/nova-ves-gupceva-zvijezda-stanovanje_7295679/
7291392,"NOVA VES - GUPCEVA ZVIJEZDA, CENTAR",Stanovanje,1-sobno,1.0,1300.0,EUR,78.0,,,"78 m2, 1-sobno, oddamo. Cena: 1.300,00 EUR/mes",https://www.nepremicnine.net/oglasi-oddaja/nova-ves-gupceva-zvijezda-centar-stanovanje_7291392/
7383830,"NOVA VES - GUPCEVA ZVIJEZDA, CMROK",Stanovanje,3-sobno,3.0,1800.0,EUR,121.0,,,"121 m2, 3-sobno, oddamo. Cena: 1.800,00 EUR/mes",https://www.nepremicnine.net/oglasi-oddaja/nova-ves-gupceva-zvijezda-cmrok-stanovanje_7383830/
7383232,"NOVA VES - GUPCEVA ZVIJEZDA, DONJI GRAD",Stanovanje,1-sobno,1.0,2000.0,EUR,73.0,,,"73 m2, 1-sobno, oddamo. Cena: 2.000,00 EUR/mes",https://www.nepremicnine.net/oglasi-oddaja/nova-ves-gupceva-zvijezda-donji-grad-stanovanje_7383232/
6946584,"NOVA VES - GUPCEVA ZVIJEZDA, DONJI GRAD",Stanovanje,2-sobno,2.0,3500.0,EUR,112.0,,,"112 m2, 2-sobno, oddamo. Cena: 3.500,00 EUR/mes",https://www.nepremicnine.net/oglasi-oddaja/nova-ves-gupceva-zvijezda-donji-grad-stanovanje_6946584/
6858935,"NOVA VES - GUPCEVA ZVIJEZDA, DONJI GRAD",Stanovanje,2-sobno,2.0,2700.0,EUR,115.0,,,"115 m2, 2-sobno, oddamo. Cena: 2.700,00 EUR/mes",https://www.nepremicnine.net/oglasi-oddaja/nova-ves-gupceva-zvijezda-donji-grad-stanovanje_6858935/
7283311,"NOVA VES - GUPCEVA ZVIJEZDA, DONJI GRAD",Stanovanje,3-sobno,3.0,2500.0,EUR,150.0,,,"150 m2, 3-sobno, ""penthouse"", oddamo. Cena: 2.500,00 EUR/mes",https://www.nepremicnine.net/oglasi-oddaja/nova-ves-gupceva-zvijezda-donji-grad-stanovanje_7283311/
7404740,"NOVA VES - GUPCEVA ZVIJEZDA, GORNJI GRAD",Stanovanje,2-sobno,2.0,1200.0,EUR,75.0,,,"75 m2, 2-sobno, oddamo. Cena: 1.200,00 EUR/mes",https://www.nepremicnine.net/oglasi-oddaja/nova-ves-gupceva-zvijezda-gornji-grad-stanovanje_7404740/
7350013,"NOVA VES - GUPCEVA ZVIJEZDA, GORNJI GRAD",Stanovanje,3-sobno,3.0,4100.0,EUR,260.0,,,"260 m2, 3-sobno, oddamo. Cena: 4.100,00 EUR/mes",https://www.nepremicnine.net/oglasi-oddaja/nova-ves-gupceva-zvijezda-gornji-grad-stanovanje_7350013/
7252506,"NOVA VES - GUPCEVA ZVIJEZDA, GORNJI GRAD, - MEDVE",Stanovanje,2-sobno,2.0,1600.0,EUR,130.0,,,"130 m2, 2-sobno, oddamo. Cena: 1.600,00 EUR/mes",https://www.nepremicnine.net/oglasi-oddaja/nova-ves-gupceva-zvijezda-gornji-grad-medve-stanovanje_7252506/
7284175,"NOVA VES - GUPCEVA ZVIJEZDA, GUPČEVA",Stanovanje,3-sobno,3.0,1500.0,EUR,116.0,,,"116 m2, 3-sobno, oddamo. Cena: 1.500,00 EUR/mes",https://www.nepremicnine.net/oglasi-oddaja/nova-ves-gupceva-zvijezda-gupceva-stanovanje_7284175/
7320681,"NOVA VES - GUPCEVA ZVIJEZDA, ILICA",Stanovanje,2-sobno,2.0,1300.0,EUR,72.0,,,"72 m2, 2-sobno, oddamo. Cena: 1.300,00 EUR/mes",https://www.nepremicnine.net/oglasi-oddaja/nova-ves-gupceva-zvijezda-ilica-stanovanje_7320681/
7366354,"NOVA VES - GUPCEVA ZVIJEZDA, ILICA",Stanovanje,3-sobno,3.0,1900.0,EUR,130.0,,,"130 m2, 3-sobno, oddamo. Cena: 1.900,00 EUR/mes",https://www.nepremicnine.net/oglasi-oddaja/nova-ves-gupceva-zvijezda-ilica-stanovanje_7366354/
7126979,"NOVA VES - GUPCEVA ZVIJEZDA, KAMENITI STOL",Stanovanje,1-sobno,1.0,1000.0,EUR,103.0,,,"103 m2, 1-sobno, ""penthouse"", oddamo. Cena: 1.000,00 EUR/mes",https://www.nepremicnine.net/oglasi-oddaja/nova-ves-gupceva-zvijezda-kameniti-stol-stanovanje_7126979/
7127052,"NOVA VES - GUPCEVA ZVIJEZDA, KAMENITI STOL",Stanovanje,3-sobno,3.0,1200.0,EUR,110.0,,,"110 m2, 3-sobno, ""penthouse"", oddamo. Cena: 1.200,00 EUR/mes",https://www.nepremicnine.net/oglasi-oddaja/nova-ves-gupceva-zvijezda-kameniti-stol-stanovanje_7127052/
7071862,"NOVA VES - GUPCEVA ZVIJEZDA, KAMENITI STOL",Stanovanje,3-sobno,3.0,2500.0,EUR,190.0,,,"190 m2, 3-sobno, oddamo. Cena: 2.500,00 EUR/mes",https://www.nepremicnine.net/oglasi-oddaja/nova-ves-gupceva-zvijezda-kameniti-stol-stanovanje_7071862/
7284756,"NOVA VES - GUPCEVA ZVIJEZDA, MARKOVIĆEV TRG",Stanovanje,3-sobno,3.0,3950.0,EUR,300.0,,,"300 m2, 3-sobno, oddamo. Cena: 3.950,00 EUR/mes",https://www.nepremicnine.net/oglasi-oddaja/nova-ves-gupceva-zvijezda-markovicev-trg-stanovanje_7284756/
7127062,"NOVA VES - GUPCEVA ZVIJEZDA, MARKOVIĆEV TRG",Stanovanje,3-sobno,3.0,6500.0,EUR,356.0,,,"356 m2, 3-sobno, oddamo. Cena: 6.500,00 EUR/mes",https://www.nepremicnine.net/oglasi-oddaja/nova-ves-gupceva-zvijezda-markovicev-trg-stanovanje_7127062/
7328056,"NOVA VES - GUPCEVA ZVIJEZDA, MEDVEDGRADSKA",Stanovanje,2-sobno,2.0,950.0,EUR,57.0,,,"57 m2, 2-sobno, oddamo. Cena: 950,00 EUR/mes",https://www.nepremicnine.net/oglasi-oddaja/nova-ves-gupceva-zvijezda-medvedgradska-stanovanje_7328056/
7404010,"NOVA VES - GUPCEVA ZVIJEZDA, MEDVEDGRADSKA",Stanovanje,3-sobno,3.0,3700.0,EUR,180.0,,,"180 m2, 3-sobno, ""penthouse"", oddamo. Cena: 3.700,00 EUR/mes",https://www.nepremicnine.net/oglasi-oddaja/nova-ves-gupceva-zvijezda-medvedgradska-stanovanje_7404010/
7332371,"NOVA VES - GUPCEVA ZVIJEZDA, MEDVEŠČAK",Stanovanje,2-sobno,2.0,780.0,EUR,64.0,,,"64 m2, 2-sobno, oddamo. Cena: 780,00 EUR/mes",https://www.nepremicnine.net/oglasi-oddaja/nova-ves-gupceva-zvijezda-medvescak-stanovanje_7332371/
7286559,"NOVA VES - GUPCEVA ZVIJEZDA, NEMETOVA",Stanovanje,3-sobno,3.0,1500.0,EUR,105.0,,,"105 m2, 3-sobno, oddamo. Cena: 1.500,00 EUR/mes",https://www.nepremicnine.net/oglasi-oddaja/nova-ves-gupceva-zvijezda-nemetova-stanovanje_7286559/
7126794,"NOVA VES - GUPCEVA ZVIJEZDA, NOVAKOVA",Stanovanje,1-sobno,1.0,850.0,EUR,62.0,,,"62 m2, 1-sobno, oddamo. Cena: 850,00 EUR/mes",https://www.nepremicnine.net/oglasi-oddaja/nova-ves-gupceva-zvijezda-novakova-stanovanje_7126794/
6688672,"NOVA VES - GUPCEVA ZVIJEZDA, NOVAKOVA",Stanovanje,3-sobno,3.0,2350.0,EUR,154.0,,,"154 m2, 3-sobno, oddamo. Cena: 2.350,00 EUR/mes",https://www.nepremicnine.net/oglasi-oddaja/nova-ves-gupceva-zvijezda-novakova-stanovanje_6688672/
7315892,"NOVA VES - GUPCEVA ZVIJEZDA, RADIĆEVA",Stanovanje,1-sobno,1.0,2000.0,EUR,92.0,,,"92 m2, 1-sobno, oddamo. Cena: 2.000,00 EUR/mes",https://www.nepremicnine.net/oglasi-oddaja/nova-ves-gupceva-zvijezda-radiceva-stanovanje_7315892/
6853171,"NOVA VES - GUPCEVA ZVIJEZDA, REMETE",Stanovanje,2-sobno,2.0,1500.0,EUR,137.0,,,"137 m2, 2-sobno, oddamo. Cena: 1.500,00 EUR/mes",https://www.nepremicnine.net/oglasi-oddaja/nova-ves-gupceva-zvijezda-remete-stanovanje_6853171/
7118743,"NOVA VES - GUPCEVA ZVIJEZDA, REMETE",Stanovanje,2-sobno,2.0,1900.0,EUR,190.0,,,"190 m2, 2-sobno, ""penthouse"", oddamo. Cena: 1.900,00 EUR/mes",https://www.nepremicnine.net/oglasi-oddaja/nova-ves-gupceva-zvijezda-remete-stanovanje_7118743/
7350112,"NOVA VES - GUPCEVA ZVIJEZDA, RIBNJAK",Stanovanje,1-sobno,1.0,600.0,EUR,37.0,,,"37 m2, 1-sobno, oddamo. Cena: 600,00 EUR/mes",https://www.nepremicnine.net/oglasi-oddaja/nova-ves-gupceva-zvijezda-ribnjak-stanovanje_7350112/
6682538,"NOVA VES - GUPCEVA ZVIJEZDA, TRG BANA JELAČIĆA",Stanovanje,3-sobno,3.0,1650.0,EUR,110.0,,,"110 m2, 3-sobno, oddamo. Cena: 1.650,00 EUR/mes",https://www.nepremicnine.net/oglasi-oddaja/nova-ves-gupceva-zvijezda-trg-bana-jelacica-stanovanje_6682538/
7077260,"NOVA VES - GUPCEVA ZVIJEZDA, TRG BANA JELAČIĆA",Stanovanje,3-sobno,3.0,2800.0,EUR,145.0,,,"145 m2, 3-sobno, oddamo. Cena: 2.800,00 EUR/mes",https://www.nepremicnine.net/oglasi-oddaja/nova-ves-gupceva-zvijezda-trg-bana-jelacica-stanovanje_7077260/
6932445,"NOVA VES - GUPCEVA ZVIJEZDA, TRG BANA JELAČIĆA",Stanovanje,2-sobno,2.0,2950.0,EUR,160.0,,,"160 m2, 2-sobno, oddamo. Cena: 2.950,00 EUR/mes",https://www.nepremicnine.net/oglasi-oddaja/nova-ves-gupceva-zvijezda-trg-bana-jelacica-stanovanje_6932445/
7286578,"NOVA VES - GUPCEVA ZVIJEZDA, VLAŠKA",Stanovanje,3-sobno,3.0,1900.0,EUR,145.0,,,"145 m2, 3-sobno, oddamo. Cena: 1.900,00 EUR/mes",https://www.nepremicnine.net/oglasi-oddaja/nova-ves-gupceva-zvijezda-vlaska-stanovanje_7286578/
7273675,NOVALJA,Stanovanje,Drugo,,450.0,EUR,27.0,,,"27 m2, stanovanje, oddamo. Cena: 450,00 EUR/mes",https://www.nepremicnine.net/oglasi-oddaja/novalja-stanovanje_7273675/
7243369,NOVALJA,Stanovanje,2-sobno,2.0,300.0,EUR,65.0,,,"65 m2, 2-sobno, oddamo. Cena: 300,00 EUR/mes",https://www.nepremicnine.net/oglasi-oddaja/novalja-stanovanje_7243369/
7362443,NOVALJA,Stanovanje,3-sobno,3.0,2400.0,EUR,69.0,,,"69 m2, 3-sobno, oddamo. Cena: 2.400,00 EUR/mes",https://www.nepremicnine.net/oglasi-oddaja/novalja-stanovanje_7362443/
7265243,NOVE FUŽINE,Stanovanje,Soba,,325.0,EUR,9.5,1986,6/8,"9,5 m2, soba, zgrajena l. 1986, adaptirana l. 2024, 6/8 nad., oddamo. Cena: 325,00 EUR/mes",https://www.nepremicnine.net/oglasi-oddaja/nove-fuzine-stanovanje_7265243/
7411433,NOVE FUŽINE,Stanovanje,3-sobno,3.0,1500.0,EUR,75.0,1986,11/12,"75 m2, 3-sobno, zgrajeno l. 1986, adaptirano l. 2019, 11/12 nad., oddamo. Cena: 1.500,00 EUR/mes",https://www.nepremicnine.net/oglasi-oddaja/nove-fuzine-stanovanje_7411433/
7403063,NOVE FUŽINE,Stanovanje,"3,5-sobno",3.5,1350.0,EUR,82.0,1983,3/4,"82 m2, 3,5-sobno, zgrajeno l. 1983, 3/4 nad., oddamo. Cena: max. 1.350,00 EUR/mes",https://www.nepremicnine.net/oglasi-oddaja/nove-fuzine-stanovanje_7403063/
7410753,"NOVE FUŽINE, CHENGDUJSKA",Stanovanje,1-sobno,1.0,630.0,EUR,34.0,1984,3/4,"34 m2, 1-sobno, zgrajeno l. 1984, 3/4 nad., Oddajam lepo, svetlo stanovanje v zelenem okolju, blizu narave in sprehajaln...",https://www.nepremicnine.net/oglasi-oddaja/nove-fuzine-chengdujska-stanovanje_7410753/
7413517,NOVE JARŠE,Stanovanje,2-sobno,2.0,850.0,EUR,55.0,1981,2/7,"55 m2, 2-sobno, zgrajeno l. 1981, 2/7 nad., Oddam renovirano opremljeno stanovanje. Vseljivo takoj, oddamo. Cena: 850,00...",https://www.nepremicnine.net/oglasi-oddaja/nove-jarse-stanovanje_7413517/
7413775,NOVE JARŠE,Stanovanje,3-sobno,3.0,1375.0,EUR,82.4,2021,2,"82,4 m2, 3-sobno, zgrajeno l. 2021, 2. nad., oddamo. Cena: 1.375,00 EUR/mes",https://www.nepremicnine.net/oglasi-oddaja/nove-jarse-stanovanje_7413775/
7407414,NOVE JARŠE,Stanovanje,4-sobno,4.0,1500.0,EUR,82.7,2009,,"82,7 m2, 4-sobno, zgrajeno l. 2009, oddamo. Cena: 1.500,00 EUR/mes",https://www.nepremicnine.net/oglasi-oddaja/nove-jarse-stanovanje_7407414/
7411735,"NOVE JARŠE, BLIŽINA BTC IN OBVOZNICE",Stanovanje,Garsonjera,,620.0,EUR,18.0,1970,1/4,"18 m2, garsonjera, zgrajena l. 1970, adaptirana l. 2026, 1/4 nad., oddaja - lepo adaptirana garsonjera v novih jaršahodd...",https://www.nepremicnine.net/oglasi-oddaja/nove-jarse-blizina-btc-in-obvoznice-stanovanje_7411735/
7411232,"NOVE JARŠE, V BLIŽINI BTC",Stanovanje,1-sobno,1.0,700.0,EUR,35.0,1974,5/8,"35 m2, 1-sobno, zgrajeno l. 1974, adaptirano l. 2024, 5/8 nad., Stanovanje je opremljeno, parkirišče je pred blokom, vsa...",https://www.nepremicnine.net/oglasi-oddaja/nove-jarse-v-blizini-btc-stanovanje_7411232/
7415213,NOVI VINODOLSKI,Stanovanje,Drugo,,550.0,EUR,35.0,2000,,"35 m2, stanovanje, zgrajeno l. 2000, oddamo. Cena: 550,00 EUR/mes",https://www.nepremicnine.net/oglasi-oddaja/novi-vinodolski-stanovanje_7415213/
7370686,NOVI VINODOLSKI,Stanovanje,2-sobno,2.0,800.0,EUR,59.0,2000,,"59 m2, 2-sobno, zgrajeno l. 2000, oddamo. Cena: 800,00 EUR/mes",https://www.nepremicnine.net/oglasi-oddaja/novi-vinodolski-stanovanje_7370686/
7324519,NOVI VINODOLSKI,Stanovanje,1-sobno,1.0,1000.0,EUR,60.0,2000,,"60 m2, 1-sobno, zgrajeno l. 2000, oddamo. Cena: 1.000,00 EUR/mes",https://www.nepremicnine.net/oglasi-oddaja/novi-vinodolski-stanovanje_7324519/
7346808,NOVI VINODOLSKI,Stanovanje,Drugo,,250.0,EUR,60.0,,,"60 m2, stanovanje, oddamo. Cena: 250,00 EUR/mes",https://www.nepremicnine.net/oglasi-oddaja/novi-vinodolski-stanovanje_7346808/
7323767,NOVI VINODOLSKI,Stanovanje,2-sobno,2.0,1000.0,EUR,75.0,2000,,"75 m2, 2-sobno, zgrajeno l. 2000, oddamo. Cena: 1.000,00 EUR/mes",https://www.nepremicnine.net/oglasi-oddaja/novi-vinodolski-stanovanje_7323767/
7324905,NOVI VINODOLSKI,Stanovanje,2-sobno,2.0,800.0,EUR,75.0,,,"75 m2, 2-sobno, oddamo. Cena: 800,00 EUR/mes",https://www.nepremicnine.net/oglasi-oddaja/novi-vinodolski-stanovanje_7324905/
7321115,NOVI VINODOLSKI,Stanovanje,2-sobno,2.0,900.0,EUR,90.0,1990,,"90 m2, 2-sobno, zgrajeno l. 1990, oddamo. Cena: 900,00 EUR/mes",https://www.nepremicnine.net/oglasi-oddaja/novi-vinodolski-stanovanje_7321115/
7357302,NOVI VINODOLSKI,Stanovanje,3-sobno,3.0,1800.0,EUR,90.0,2000,,"90 m2, 3-sobno, zgrajeno l. 2000, oddamo. Cena: 1.800,00 EUR/mes",https://www.nepremicnine.net/oglasi-oddaja/novi-vinodolski-stanovanje_7357302/
6989749,NOVIGRAD,Stanovanje,1-sobno,1.0,750.0,EUR,50.0,2007,1/2,"50 m2, 1-sobno, zgrajeno l. 2007, 1/2 nad., Oddam stanovanje v Novigradu za mesečni ali sezonski najem oz. za obdobje po...",https://www.nepremicnine.net/oglasi-oddaja/novigrad-stanovanje_6989749/
7404893,NOVIGRAD,Stanovanje,2-sobno,2.0,1100.0,EUR,70.0,,,"70 m2, 2-sobno, oddamo. Cena: 1.100,00 EUR/mes",https://www.nepremicnine.net/oglasi-oddaja/novigrad-stanovanje_7404893/
7373173,NOVIGRAD,Stanovanje,2-sobno,2.0,1250.0,EUR,70.0,2023,,"70 m2, 2-sobno, novogradnja - zgr. l. 2023, oddamo. Cena: 1.250,00 EUR/mes",https://www.nepremicnine.net/oglasi-oddaja/novigrad-stanovanje_7373173/
7000322,"NOVIGRAD, ŠAINI",Stanovanje,2-sobno,2.0,1200.0,EUR,55.0,2002,2K/2,"55 m2, 2-sobno, zgrajeno l. 2002, adaptirano l. 2017, 2K/2 nad., NOVIGRAD - 2-sobno stanovanje z razgledom na morje.Odda...",https://www.nepremicnine.net/oglasi-oddaja/novigrad-saini-stanovanje_7000322/
7311256,"NOVIGRAD, VINCENTA IZ KASTVA",Stanovanje,3-sobno,3.0,8500.0,EUR,52.0,1980,P/3,"52 m2, 3-sobno, zgrajeno l. 1980, P/3 nad., Stanovanje ima dnevno sobo,dve spalnice,kopalnico i manjšo kuhinjo iz katere...",https://www.nepremicnine.net/oglasi-oddaja/novigrad-vincenta-iz-kastva-stanovanje_7311256/
7273904,NOVO MESTO,Stanovanje,Soba,,270.0,EUR,11.15,1938,3/4,"11,15 m2, soba, zgrajena l. 1938, adaptirana l. 2022, 3/4 nad., oddamo. Cena: 270,00 EUR/mes",https://www.nepremicnine.net/oglasi-oddaja/novo-mesto-stanovanje_7273904/
7407845,NOVO MESTO,Stanovanje,Soba,,270.0,EUR,12.1,1938,1/4,"12,1 m2, soba, zgrajena l. 1938, adaptirana l. 2022, 1/4 nad., oddamo. Cena: 270,00 EUR/mes",https://www.nepremicnine.net/oglasi-oddaja/novo-mesto-stanovanje_7407845/
7412714,NOVO MESTO,Stanovanje,Garsonjera,,400.0,EUR,23.0,1975,2/4,"23 m2, garsonjera, zgrajena l. 1975, 2/4 nad., oddamo. Cena: 400,00 EUR/mes",https://www.nepremicnine.net/oglasi-oddaja/novo-mesto-stanovanje_7412714/
7412869,NOVO MESTO,Stanovanje,Garsonjera,,400.0,EUR,27.0,1977,2/5,"27 m2, garsonjera, zgrajena l. 1977, adaptirana l. 2023, 2/5 nad., novo mesto, jakčeva ulica, odlična lokacija, 27 m2, g...",https://www.nepremicnine.net/oglasi-oddaja/novo-mesto-stanovanje_7412869/
7388294,NOVO MESTO,Stanovanje,1-sobno,1.0,550.0,EUR,41.0,2006,P,"41 m2, 1-sobno, zgrajeno l. 2006, adaptirano l. 2018, pritličje, oddamo. Cena: 550,00 EUR/mes",https://www.nepremicnine.net/oglasi-oddaja/novo-mesto-stanovanje_7388294/
7414617,NOVO MESTO,Stanovanje,2-sobno,2.0,550.0,EUR,48.0,2014,1/1,"48 m2, 2-sobno, zgrajeno l. 2014, 1/1 nad., Nahaja se v Novem mestu blizu vpadnice v Novo mesto, na dostopni in frekvent...",https://www.nepremicnine.net/oglasi-oddaja/novo-mesto-stanovanje_7414617/
7091729,NOVO MESTO,Stanovanje,2-sobno,2.0,720.0,EUR,50.0,1865,2/3,"50 m2, 2-sobno, poslovni apartma, zgrajeno l. 1865, adaptirano l. 2019, 2/3 nad., oddamo. Cena: 720,00 EUR/mes",https://www.nepremicnine.net/oglasi-oddaja/novo-mesto-stanovanje_7091729/
7395683,NOVO MESTO,Stanovanje,2-sobno,2.0,550.0,EUR,50.0,1968,4,"50 m2, 2-sobno, zgrajeno l. 1968, adaptirano l. 2023, 4. nad., oddamo. Cena: cca 550,00 EUR/mes",https://www.nepremicnine.net/oglasi-oddaja/novo-mesto-stanovanje_7395683/
7391815,NOVO MESTO,Stanovanje,2-sobno,2.0,850.0,EUR,68.0,1961,,"68 m2, 2-sobno, zgrajeno l. 1961, adaptirano l. 2026, oddamo. Cena: 850,00 EUR/mes",https://www.nepremicnine.net/oglasi-oddaja/novo-mesto-stanovanje_7391815/
7302768,NOVO MESTO,Stanovanje,3-sobno,3.0,1000.0,EUR,100.0,2006,,"100 m2, 3-sobno, zgrajeno l. 2006, center, oddam, novo mesto, šola, opremljeno, stanovanje, oddamo. Cena: 1.000,00 EUR/m...",https://www.nepremicnine.net/oglasi-oddaja/novo-mesto-stanovanje_7302768/
7364896,NOVO MESTO,Stanovanje,3-sobno,3.0,1600.0,EUR,142.8,2026,P/M,"142,8 m2, 3-sobno, zgrajeno l. 2026, 376 m2 zemljišča, P/M, oddamo. Cena: 1.600,00 EUR/mes",https://www.nepremicnine.net/oglasi-oddaja/novo-mesto-stanovanje_7364896/
7412604,"NOVO MESTO, 4 KM OD REVOZA",Stanovanje,1-sobno,1.0,490.0,EUR,38.0,2015,1,"38 m2, 1-sobno, zgrajeno l. 2015, 1. nad., Novo mesto, 4 km od Revoza, oddam opremljeno 1-sobno stanovanje, lastni vhod ...",https://www.nepremicnine.net/oglasi-oddaja/novo-mesto-4-km-od-revoza-stanovanje_7412604/
7349465,"NOVO MESTO, BRŠLJIN",Stanovanje,2-sobno,2.0,450.0,EUR,54.0,1982,2/2,"54 m2, 2-sobno, zgrajeno l. 1982, 2/2 nad., oddamo. Cena: 450,00 EUR/mes",https://www.nepremicnine.net/oglasi-oddaja/novo-mesto-brsljin-stanovanje_7349465/
7408269,"NOVO MESTO, CENTER, PREŠERNOV TRG",Stanovanje,2-sobno,2.0,650.0,EUR,46.3,2024,2,"46,3 m2, 2-sobno, zgrajeno l. 2024, 2. nad., Stanovanje Novo mesto Center (Prešernov Trg), oddamo. Cena: 650,00 EUR/mes",https://www.nepremicnine.net/oglasi-oddaja/novo-mesto-center-presernov-trg-stanovanje_7408269/
7411976,"NOVO MESTO, DRSKA",Stanovanje,"1,5-sobno",1.5,660.0,EUR,45.0,2019,2/5,"45 m2, 1,5-sobno, zgrajeno l. 2019, 2/5 nad., Oodamo stanovanje na Pavčkovi v izmeri 50 m2, oddamo. Cena: 660,00 EUR/mes...",https://www.nepremicnine.net/oglasi-oddaja/novo-mesto-drska-stanovanje_7411976/
7384644,"NOVO MESTO, DRSKA",Stanovanje,"2,5-sobno",2.5,940.0,EUR,80.0,2007,5/6,"80 m2, 2,5-sobno, zgrajeno l. 2007, 5/6 nad., oddaja, stanovanje, 2,5-sobno: novo mesto, drska, 80 m2, oddamo. Cena: cca...",https://www.nepremicnine.net/oglasi-oddaja/novo-mesto-drska-stanovanje_7384644/
7140910,"NOVO MESTO, JAKČEVA",Stanovanje,4-sobno,4.0,1250.0,EUR,120.0,2023,P/8,"120 m2, 4-sobno, zgrajeno l. 2023, 100 m2 zemljišča, P/8 nad., oddamo. Cena: 1.250,00 EUR/mes",https://www.nepremicnine.net/oglasi-oddaja/novo-mesto-jakceva-stanovanje_7140910/
7348194,"NOVO MESTO, KOŠENICE",Stanovanje,3-sobno,3.0,1050.0,EUR,120.0,1993,K+P/2,"120 m2, 3-sobno, zgrajeno l. 1993, adaptirano l. 2009, 300 m2 zemljišča, K+P/2 nad., Stanovanje se nahaja v dvostanovanj...",https://www.nepremicnine.net/oglasi-oddaja/novo-mesto-kosenice-stanovanje_7348194/
7051361,"NOVO MESTO, MESTNO JEDRO",Stanovanje,4-sobno,4.0,1000.0,EUR,80.0,2021,P/1,"80 m2, 4-sobno, dupleks, zgrajeno l. 2021, P/1 nad., prostorno novejše, opremljeno stanovanje, na odlični lokaciji v cen...",https://www.nepremicnine.net/oglasi-oddaja/novo-mesto-mestno-jedro-stanovanje_7051361/
7411320,"NOVO MESTO, PODBREZNIK",Stanovanje,3-sobno,3.0,1100.0,EUR,74.0,2009,P,"74 m2, 3-sobno, zgrajeno l. 2009, adaptirano l. 2026, 120 m2 zemljišča, pritličje, Oddaja se 3-sobno stanovanje, z velik...",https://www.nepremicnine.net/oglasi-oddaja/novo-mesto-podbreznik-stanovanje_7411320/
7395245,"NOVO MESTO, REZIDENCE66",Stanovanje,3-sobno,3.0,900.0,EUR,70.0,2023,,"70 m2, 3-sobno, zgrajeno l. 2023, oddamo 3-sobno stanovanje s parkirnim mestom v objektu Rezidence66, oddamo. Cena: 900,...",https://www.nepremicnine.net/oglasi-oddaja/novo-mesto-rezidence66-stanovanje_7395245/
7387414,"NOVO MESTO, SEIDLOVA CESTA, ODLIČNA LOKACIJA",Stanovanje,Garsonjera,,400.0,EUR,28.4,1983,2/6,"28,4 m2, garsonjera, zgrajena l. 1983, adaptirana l. 2025, 2/6 nad., svetlo stanovanje s shrambo v kleti, vzdrževano in ...",https://www.nepremicnine.net/oglasi-oddaja/novo-mesto-seidlova-cesta-odlicna-lokacija-stanovanje_7387414/
7386772,NOVO POLJE,Stanovanje,Soba,,250.0,EUR,14.0,2017,1,"14 m2, soba, adaptirana l. 2017, 1. nad., Souporaba kuhinje,jedilnice,kopalnice,toalete. LPP 2 min peš; Možnost uveljavi...",https://www.nepremicnine.net/oglasi-oddaja/novo-polje-stanovanje_7386772/
7400259,NOVO POLJE,Stanovanje,1-sobno,1.0,500.0,EUR,32.0,1901,,"32 m2, 1-sobno, zgrajeno l. 1901, 843 m2 zemljišča, oddamo. Cena: 500,00 EUR/mes",https://www.nepremicnine.net/oglasi-oddaja/novo-polje-stanovanje_7400259/
7398134,NOVO POLJE,Stanovanje,2-sobno,2.0,500.0,EUR,45.0,1901,VP/2,"45 m2, 2-sobno, zgrajeno l. 1901, VP/2 nad., stanovanje v hiši, parkirno mesto, kolesarnica, primerno za 1-2 študente, v...",https://www.nepremicnine.net/oglasi-oddaja/novo-polje-stanovanje_7398134/
7411318,NOVO POLJE,Stanovanje,2-sobno,2.0,1250.0,EUR,45.0,2026,2/2,"45 m2, 2-sobno, novogradnja - zgr. l. 2026, 580 m2 zemljišča, 2/2 nad., na voljo novo 2-sobno kompletno opremljeno luksu...",https://www.nepremicnine.net/oglasi-oddaja/novo-polje-stanovanje_7411318/
7411231,NOVO POLJE,Stanovanje,2-sobno,2.0,1250.0,EUR,45.0,2026,2/2,"45 m2, 2-sobno, novogradnja - zgr. l. 2026, 2/2 nad., na voljo novo 2-sobno kompletno opremljeno luksuzno stanovanje v l...",https://www.nepremicnine.net/oglasi-oddaja/novo-polje-stanovanje_7411231/
7411240,NOVO POLJE,Stanovanje,"2,5-sobno",2.5,1500.0,EUR,65.0,2026,1/2,"65 m2, 2,5-sobno, novogradnja - zgr. l. 2026, 580 m2 zemljišča, 1/2 nad., na voljo novo 2,5-sobno kompletno opremljeno l...",https://www.nepremicnine.net/oglasi-oddaja/novo-polje-stanovanje_7411240/
7411364,NOVO POLJE,Stanovanje,4-sobno,4.0,1500.0,EUR,100.0,2024,,"100 m2, 4-sobno, adaptirano l. 2024, oddamo. Cena: 1.500,00 EUR/mes",https://www.nepremicnine.net/oglasi-oddaja/novo-polje-stanovanje_7411364/
7260687,NOŽED,Stanovanje,3-sobno,3.0,1000.0,EUR,83.0,1882,P+1,"83 m2, 3-sobno, zgrajeno l. 1882, adaptirano l. 2016, P+1, oddamo. Cena: 1.000,00 EUR/mes",https://www.nepremicnine.net/oglasi-oddaja/nozed-stanovanje_7260687/
7376938,"ODRA, GORNJI ČEHI",Stanovanje,1-sobno,1.0,850.0,EUR,56.0,,,"56 m2, 1-sobno, oddamo. Cena: 850,00 EUR/mes",https://www.nepremicnine.net/oglasi-oddaja/odra-gornji-cehi-stanovanje_7376938/
7243506,"ODRA, HRAŠĆE TUROPOLJSKO, NOVI ZAGREB",Stanovanje,2-sobno,2.0,220.0,EUR,60.0,,,"60 m2, 2-sobno, oddamo. Cena: 220,00 EUR/mes",https://www.nepremicnine.net/oglasi-oddaja/odra-hrasce-turopoljsko-novi-zagreb-stanovanje_7243506/
7367028,"ODRA, HRAŠĆE TUROPOLJSKO, NOVI ZAGREB",Stanovanje,3-sobno,3.0,250.0,EUR,100.0,,,"100 m2, 3-sobno, oddamo. Cena: 250,00 EUR/mes",https://www.nepremicnine.net/oglasi-oddaja/odra-hrasce-turopoljsko-novi-zagreb-stanovanje_7367028/
7335344,"ODRA, NOVI ZAGREB - ZAPAD",Stanovanje,2-sobno,2.0,720.0,EUR,75.0,,,"75 m2, 2-sobno, oddamo. Cena: 720,00 EUR/mes",https://www.nepremicnine.net/oglasi-oddaja/odra-novi-zagreb-zapad-stanovanje_7335344/
7060316,"OKRUG, ČIOVO",Stanovanje,3-sobno,3.0,2000.0,EUR,100.0,,,"100 m2, 3-sobno, oddamo. Cena: 2.000,00 EUR/mes",https://www.nepremicnine.net/oglasi-oddaja/okrug-ciovo-stanovanje_7060316/
7060315,"OKRUG, ČIOVO",Stanovanje,2-sobno,2.0,2000.0,EUR,100.0,,,"100 m2, 2-sobno, oddamo. Cena: 2.000,00 EUR/mes",https://www.nepremicnine.net/oglasi-oddaja/okrug-ciovo-stanovanje_7060315/
6864751,"OKRUG, GORNJI",Stanovanje,1-sobno,1.0,650.0,EUR,65.0,,,"65 m2, 1-sobno, oddamo. Cena: 650,00 EUR/mes",https://www.nepremicnine.net/oglasi-oddaja/okrug-gornji-stanovanje_6864751/
6864781,"OKRUG, GORNJI",Stanovanje,1-sobno,1.0,600.0,EUR,65.0,,,"65 m2, 1-sobno, oddamo. Cena: 600,00 EUR/mes",https://www.nepremicnine.net/oglasi-oddaja/okrug-gornji-stanovanje_6864781/
6864794,"OKRUG, GORNJI",Stanovanje,1-sobno,1.0,650.0,EUR,65.0,,,"65 m2, 1-sobno, oddamo. Cena: 650,00 EUR/mes",https://www.nepremicnine.net/oglasi-oddaja/okrug-gornji-stanovanje_6864794/
7075238,"OKRUG, GORNJI",Stanovanje,2-sobno,2.0,1200.0,EUR,66.0,,,"66 m2, 2-sobno, oddamo. Cena: 1.200,00 EUR/mes",https://www.nepremicnine.net/oglasi-oddaja/okrug-gornji-stanovanje_7075238/
6864770,"OKRUG, GORNJI",Stanovanje,2-sobno,2.0,900.0,EUR,80.0,,,"80 m2, 2-sobno, ""penthouse"", oddamo. Cena: 900,00 EUR/mes",https://www.nepremicnine.net/oglasi-oddaja/okrug-gornji-stanovanje_6864770/
6864760,"OKRUG, GORNJI",Stanovanje,2-sobno,2.0,900.0,EUR,80.0,,,"80 m2, 2-sobno, ""penthouse"", oddamo. Cena: 900,00 EUR/mes",https://www.nepremicnine.net/oglasi-oddaja/okrug-gornji-stanovanje_6864760/
7285007,"OKRUG, GORNJI",Stanovanje,3-sobno,3.0,1200.0,EUR,83.0,,,"83 m2, 3-sobno, oddamo. Cena: 1.200,00 EUR/mes",https://www.nepremicnine.net/oglasi-oddaja/okrug-gornji-stanovanje_7285007/
7351162,"OKRUG, GORNJI",Stanovanje,2-sobno,2.0,1300.0,EUR,100.0,,,"100 m2, 2-sobno, oddamo. Cena: 1.300,00 EUR/mes",https://www.nepremicnine.net/oglasi-oddaja/okrug-gornji-stanovanje_7351162/
7378455,OLIMJE,Stanovanje,Garsonjera,,500.0,EUR,35.0,2008,3/3,"35 m2, garsonjera, zgrajena l. 2008, 3/3 nad., oddamo. Cena: cca 500,00 EUR/mes",https://www.nepremicnine.net/oglasi-oddaja/olimje-stanovanje_7378455/
7049304,"OMIŠ, MIMICE",Stanovanje,2-sobno,2.0,1100.0,EUR,90.0,,,"90 m2, 2-sobno, oddamo. Cena: 1.100,00 EUR/mes",https://www.nepremicnine.net/oglasi-oddaja/omis-mimice-stanovanje_7049304/
7049305,"OMIŠ, MIMICE",Stanovanje,2-sobno,2.0,1100.0,EUR,91.0,,,"91 m2, 2-sobno, oddamo. Cena: 1.100,00 EUR/mes",https://www.nepremicnine.net/oglasi-oddaja/omis-mimice-stanovanje_7049305/
7401419,OPATIJA - CENTER,Stanovanje,1-sobno,1.0,900.0,EUR,32.0,,,"32 m2, 1-sobno, oddamo. Cena: 900,00 EUR/mes",https://www.nepremicnine.net/oglasi-oddaja/opatija-center-stanovanje_7401419/
7401420,OPATIJA - CENTER,Stanovanje,1-sobno,1.0,850.0,EUR,37.0,,,"37 m2, 1-sobno, oddamo. Cena: 850,00 EUR/mes",https://www.nepremicnine.net/oglasi-oddaja/opatija-center-stanovanje_7401420/
7390574,OPATIJA - CENTER,Stanovanje,1-sobno,1.0,700.0,EUR,40.0,,,"40 m2, 1-sobno, oddamo. Cena: 700,00 EUR/mes",https://www.nepremicnine.net/oglasi-oddaja/opatija-center-stanovanje_7390574/
7403771,OPATIJA - CENTER,Stanovanje,1-sobno,1.0,850.0,EUR,45.0,,,"45 m2, 1-sobno, oddamo. Cena: 850,00 EUR/mes",https://www.nepremicnine.net/oglasi-oddaja/opatija-center-stanovanje_7403771/
7319112,OPATIJA - CENTER,Stanovanje,1-sobno,1.0,1100.0,EUR,49.0,2004,,"49 m2, 1-sobno, zgrajeno l. 2004, oddamo. Cena: 1.100,00 EUR/mes",https://www.nepremicnine.net/oglasi-oddaja/opatija-center-stanovanje_7319112/
7404050,OPATIJA - CENTER,Stanovanje,1-sobno,1.0,1500.0,EUR,51.0,,,"51 m2, 1-sobno, oddamo. Cena: 1.500,00 EUR/mes",https://www.nepremicnine.net/oglasi-oddaja/opatija-center-stanovanje_7404050/
7327359,OPATIJA - CENTER,Stanovanje,1-sobno,1.0,1500.0,EUR,56.0,,,"56 m2, 1-sobno, oddamo. Cena: 1.500,00 EUR/mes",https://www.nepremicnine.net/oglasi-oddaja/opatija-center-stanovanje_7327359/
7409776,OPATIJA - CENTER,Stanovanje,2-sobno,2.0,1600.0,EUR,69.0,,,"69 m2, 2-sobno, oddamo. Cena: 1.600,00 EUR/mes",https://www.nepremicnine.net/oglasi-oddaja/opatija-center-stanovanje_7409776/
7401422,OPATIJA - CENTER,Stanovanje,2-sobno,2.0,2000.0,EUR,75.0,,,"75 m2, 2-sobno, oddamo. Cena: 2.000,00 EUR/mes",https://www.nepremicnine.net/oglasi-oddaja/opatija-center-stanovanje_7401422/
7398969,OPATIJA - CENTER,Stanovanje,2-sobno,2.0,3000.0,EUR,130.0,2022,,"130 m2, 2-sobno, novogradnja - zgr. l. 2022, oddamo. Cena: 3.000,00 EUR/mes",https://www.nepremicnine.net/oglasi-oddaja/opatija-center-stanovanje_7398969/
7401088,OPATIJA - CENTER,Stanovanje,3-sobno,3.0,1850.0,EUR,140.0,,,"140 m2, 3-sobno, oddamo. Cena: 1.850,00 EUR/mes",https://www.nepremicnine.net/oglasi-oddaja/opatija-center-stanovanje_7401088/
7398620,OPATIJA - CENTER,Stanovanje,3-sobno,3.0,7000.0,EUR,164.0,2023,,"164 m2, 3-sobno, novogradnja - zgr. l. 2023, oddamo. Cena: 7.000,00 EUR/mes",https://www.nepremicnine.net/oglasi-oddaja/opatija-center-stanovanje_7398620/
7399185,OPATIJA - CENTER,Stanovanje,3-sobno,3.0,3300.0,EUR,222.0,,,"222 m2, 3-sobno, oddamo. Cena: 3.300,00 EUR/mes",https://www.nepremicnine.net/oglasi-oddaja/opatija-center-stanovanje_7399185/
7319041,OPATIJA - CENTER,Stanovanje,4-sobno,4.0,3500.0,EUR,267.0,2015,,"267 m2, 4-sobno, novogradnja - zgr. l. 2015, oddamo. Cena: 3.500,00 EUR/mes",https://www.nepremicnine.net/oglasi-oddaja/opatija-center-stanovanje_7319041/
7392464,"OPATIJA - CENTER, - CENTAR",Stanovanje,Drugo,,500.0,EUR,30.0,,,"30 m2, stanovanje, oddamo. Cena: 500,00 EUR/mes",https://www.nepremicnine.net/oglasi-oddaja/opatija-center-centar-stanovanje_7392464/
7392196,"OPATIJA - CENTER, - CENTAR",Stanovanje,1-sobno,1.0,800.0,EUR,50.0,,,"50 m2, 1-sobno, oddamo. Cena: 800,00 EUR/mes",https://www.nepremicnine.net/oglasi-oddaja/opatija-center-centar-stanovanje_7392196/
7392442,"OPATIJA - CENTER, - CENTAR",Stanovanje,1-sobno,1.0,1200.0,EUR,50.0,,,"50 m2, 1-sobno, oddamo. Cena: 1.200,00 EUR/mes",https://www.nepremicnine.net/oglasi-oddaja/opatija-center-centar-stanovanje_7392442/
7392531,"OPATIJA - CENTER, - CENTAR",Stanovanje,1-sobno,1.0,1500.0,EUR,50.0,,,"50 m2, 1-sobno, oddamo. Cena: 1.500,00 EUR/mes",https://www.nepremicnine.net/oglasi-oddaja/opatija-center-centar-stanovanje_7392531/
7392226,"OPATIJA - CENTER, - CENTAR",Stanovanje,1-sobno,1.0,800.0,EUR,52.0,,,"52 m2, 1-sobno, oddamo. Cena: 800,00 EUR/mes",https://www.nepremicnine.net/oglasi-oddaja/opatija-center-centar-stanovanje_7392226/
7319222,"OPATIJA - CENTER, - CENTAR",Stanovanje,1-sobno,1.0,1000.0,EUR,53.0,1888,,"53 m2, 1-sobno, zgrajeno l. 1888, oddamo. Cena: 1.000,00 EUR/mes",https://www.nepremicnine.net/oglasi-oddaja/opatija-center-centar-stanovanje_7319222/
7392889,"OPATIJA - CENTER, - CENTAR",Stanovanje,2-sobno,2.0,800.0,EUR,70.0,,,"70 m2, 2-sobno, oddamo. Cena: 800,00 EUR/mes",https://www.nepremicnine.net/oglasi-oddaja/opatija-center-centar-stanovanje_7392889/
7392398,"OPATIJA - CENTER, - CENTAR",Stanovanje,2-sobno,2.0,1200.0,EUR,74.0,,,"74 m2, 2-sobno, oddamo. Cena: 1.200,00 EUR/mes",https://www.nepremicnine.net/oglasi-oddaja/opatija-center-centar-stanovanje_7392398/
7323343,"OPATIJA - CENTER, - CENTAR",Stanovanje,2-sobno,2.0,2500.0,EUR,79.0,2025,,"79 m2, 2-sobno, novogradnja - zgr. l. 2025, oddamo. Cena: 2.500,00 EUR/mes",https://www.nepremicnine.net/oglasi-oddaja/opatija-center-centar-stanovanje_7323343/
7250033,"OPATIJA - CENTER, - CENTAR",Stanovanje,3-sobno,3.0,2500.0,EUR,100.0,2022,,"100 m2, 3-sobno, novogradnja - zgr. l. 2022, oddamo. Cena: 2.500,00 EUR/mes",https://www.nepremicnine.net/oglasi-oddaja/opatija-center-centar-stanovanje_7250033/
7392409,"OPATIJA - CENTER, - CENTAR",Stanovanje,2-sobno,2.0,2700.0,EUR,122.0,2023,,"122 m2, 2-sobno, novogradnja - zgr. l. 2023, oddamo. Cena: 2.700,00 EUR/mes",https://www.nepremicnine.net/oglasi-oddaja/opatija-center-centar-stanovanje_7392409/
7392374,"OPATIJA - CENTER, - CENTAR",Stanovanje,2-sobno,2.0,3000.0,EUR,132.0,2023,,"132 m2, 2-sobno, novogradnja - zgr. l. 2023, oddamo. Cena: 3.000,00 EUR/mes",https://www.nepremicnine.net/oglasi-oddaja/opatija-center-centar-stanovanje_7392374/
7392418,"OPATIJA - CENTER, - CENTAR",Stanovanje,2-sobno,2.0,2800.0,EUR,139.0,2023,,"139 m2, 2-sobno, novogradnja - zgr. l. 2023, oddamo. Cena: 2.800,00 EUR/mes",https://www.nepremicnine.net/oglasi-oddaja/opatija-center-centar-stanovanje_7392418/
7340289,"OPATIJA, LIPOVICA",Stanovanje,1-sobno,1.0,2300.0,EUR,76.0,1850,,"76 m2, 1-sobno, zgrajeno l. 1850, oddamo. Cena: 2.300,00 EUR/mes",https://www.nepremicnine.net/oglasi-oddaja/opatija-lipovica-stanovanje_7340289/
7408500,"OPATIJA, PUNTA KOLOVA",Stanovanje,1-sobno,1.0,1500.0,EUR,64.0,1910,,"64 m2, 1-sobno, zgrajeno l. 1910, oddamo. Cena: 1.500,00 EUR/mes",https://www.nepremicnine.net/oglasi-oddaja/opatija-punta-kolova-stanovanje_7408500/
7393694,"OPATIJA, PUNTA KOLOVA",Stanovanje,3-sobno,3.0,3300.0,EUR,220.0,,,"220 m2, 3-sobno, oddamo. Cena: 3.300,00 EUR/mes",https://www.nepremicnine.net/oglasi-oddaja/opatija-punta-kolova-stanovanje_7393694/
7409559,OPATJE SELO,Stanovanje,2-sobno,2.0,500.0,EUR,55.0,1988,3/2,"55 m2, 2-sobno, zgrajeno l. 1988, 3/2 nad., oddamo. Cena: cca 500,00 EUR/mes",https://www.nepremicnine.net/oglasi-oddaja/opatje-selo-stanovanje_7409559/
7290548,OPOROVEC,Stanovanje,2-sobno,2.0,850.0,EUR,69.0,2025,,"69 m2, 2-sobno, novogradnja - zgr. l. 2025, oddamo. Cena: 850,00 EUR/mes",https://www.nepremicnine.net/oglasi-oddaja/oporovec-stanovanje_7290548/
7254071,"OPOROVEC, DUBEC, GORNJA DUBRAVA",Stanovanje,5 in večsobno,,199.0,EUR,220.0,,,"220 m2, 5 in večsobno, oddamo. Cena: 199,00 EUR/mes",https://www.nepremicnine.net/oglasi-oddaja/oporovec-dubec-gornja-dubrava-stanovanje_7254071/
7305902,"OPOROVEC, DUBRAVA",Stanovanje,1-sobno,1.0,950.0,EUR,81.0,,,"81 m2, 1-sobno, oddamo. Cena: 950,00 EUR/mes",https://www.nepremicnine.net/oglasi-oddaja/oporovec-dubrava-stanovanje_7305902/
7360130,"OPOROVEC, GRANEŠINA",Stanovanje,1-sobno,1.0,750.0,EUR,52.0,,,"52 m2, 1-sobno, oddamo. Cena: 750,00 EUR/mes",https://www.nepremicnine.net/oglasi-oddaja/oporovec-granesina-stanovanje_7360130/
7325042,"OPOROVEC, GRANEŠINA",Stanovanje,1-sobno,1.0,700.0,EUR,58.0,,,"58 m2, 1-sobno, oddamo. Cena: 700,00 EUR/mes",https://www.nepremicnine.net/oglasi-oddaja/oporovec-granesina-stanovanje_7325042/
7372209,"OPOROVEC, GRANEŠINA",Stanovanje,2-sobno,2.0,1200.0,EUR,77.0,,,"77 m2, 2-sobno, oddamo. Cena: 1.200,00 EUR/mes",https://www.nepremicnine.net/oglasi-oddaja/oporovec-granesina-stanovanje_7372209/
7020337,"OPOROVEC, GRANEŠINA",Stanovanje,2-sobno,2.0,1000.0,EUR,79.0,,,"79 m2, 2-sobno, oddamo. Cena: 1.000,00 EUR/mes",https://www.nepremicnine.net/oglasi-oddaja/oporovec-granesina-stanovanje_7020337/
7413001,OREHOVA VAS,Stanovanje,3-sobno,3.0,950.0,EUR,75.0,1970,1,"75 m2, 3-sobno, zgrajeno l. 1970, adaptirano l. 2026, 1. nad., Popolnoma opremljeno stanovanje, oddamo. Cena: 950,00 EUR...",https://www.nepremicnine.net/oglasi-oddaja/orehova-vas-stanovanje_7413001/
7410382,ORMOŽ,Stanovanje,3-sobno,3.0,1050.0,EUR,100.0,2025,1/3,"100 m2, 3-sobno, adaptirano l. 2025, 1/3 nad., oddamo. Cena: 1.050,00 EUR/mes",https://www.nepremicnine.net/oglasi-oddaja/ormoz-stanovanje_7410382/
7414553,"ORMOŽ, PTUJSKA CESTA 12B",Stanovanje,2-sobno,2.0,295.0,EUR,46.0,1986,4/4,"46 m2, 2-sobno, zgrajeno l. 1986, 4/4 nad., oddamo. Cena: 295,00 EUR/mes",https://www.nepremicnine.net/oglasi-oddaja/ormoz-ptujska-cesta-12b-stanovanje_7414553/
7394523,"OSIJEK - CENTER, DOBRIŠE CESARIĆA",Stanovanje,2-sobno,2.0,750.0,EUR,94.0,,,"94 m2, 2-sobno, oddamo. Cena: 750,00 EUR/mes",https://www.nepremicnine.net/oglasi-oddaja/osijek-center-dobrise-cesarica-stanovanje_7394523/
7315826,"OSIJEK - CENTER, GORNJI GRAD / CENTAR",Stanovanje,1-sobno,1.0,600.0,EUR,37.0,,,"37 m2, 1-sobno, oddamo. Cena: 600,00 EUR/mes",https://www.nepremicnine.net/oglasi-oddaja/osijek-center-gornji-grad--centar-stanovanje_7315826/
7282419,"OSIJEK - CENTER, GORNJI GRAD / CENTAR",Stanovanje,2-sobno,2.0,750.0,EUR,72.0,,,"72 m2, 2-sobno, oddamo. Cena: 750,00 EUR/mes",https://www.nepremicnine.net/oglasi-oddaja/osijek-center-gornji-grad--centar-stanovanje_7282419/
7347393,"OSIJEK - CENTER, GORNJI GRAD / CENTAR",Stanovanje,2-sobno,2.0,2200.0,EUR,90.0,,,"90 m2, 2-sobno, oddamo. Cena: 2.200,00 EUR/mes",https://www.nepremicnine.net/oglasi-oddaja/osijek-center-gornji-grad--centar-stanovanje_7347393/
7358580,"OSIJEK - CENTER, GORNJI GRAD / CENTAR",Stanovanje,3-sobno,3.0,2500.0,EUR,200.0,,,"200 m2, 3-sobno, oddamo. Cena: 2.500,00 EUR/mes",https://www.nepremicnine.net/oglasi-oddaja/osijek-center-gornji-grad--centar-stanovanje_7358580/
7383038,"OSIJEK - CENTER, GORNJI GRAD / CENTAR",Stanovanje,4-sobno,4.0,2200.0,EUR,260.0,,,"260 m2, 4-sobno, oddamo. Cena: 2.200,00 EUR/mes",https://www.nepremicnine.net/oglasi-oddaja/osijek-center-gornji-grad--centar-stanovanje_7383038/
7406489,"OSIJEK - CENTER, TVRĐA",Stanovanje,1-sobno,1.0,800.0,EUR,46.0,,,"46 m2, 1-sobno, oddamo. Cena: 800,00 EUR/mes",https://www.nepremicnine.net/oglasi-oddaja/osijek-center-tvrda-stanovanje_7406489/
7394540,PEĆINE,Stanovanje,2-sobno,2.0,800.0,EUR,48.0,,,"48 m2, 2-sobno, oddamo. Cena: 800,00 EUR/mes",https://www.nepremicnine.net/oglasi-oddaja/pecine-stanovanje_7394540/
7409707,PEĆINE,Stanovanje,2-sobno,2.0,750.0,EUR,56.0,1920,,"56 m2, 2-sobno, zgrajeno l. 1920, oddamo. Cena: 750,00 EUR/mes",https://www.nepremicnine.net/oglasi-oddaja/pecine-stanovanje_7409707/
7403738,PEĆINE,Stanovanje,2-sobno,2.0,1000.0,EUR,80.0,,,"80 m2, 2-sobno, oddamo. Cena: 1.000,00 EUR/mes",https://www.nepremicnine.net/oglasi-oddaja/pecine-stanovanje_7403738/
7408530,"PEĆINE, RIJEKA",Stanovanje,2-sobno,2.0,800.0,EUR,48.0,,,"48 m2, 2-sobno, oddamo. Cena: 800,00 EUR/mes",https://www.nepremicnine.net/oglasi-oddaja/pecine-rijeka-stanovanje_7408530/
7392611,"PEHLIN, HOSTI, RIJEKA",Stanovanje,2-sobno,2.0,750.0,EUR,60.0,,,"60 m2, 2-sobno, oddamo. Cena: 750,00 EUR/mes",https://www.nepremicnine.net/oglasi-oddaja/pehlin-hosti-rijeka-stanovanje_7392611/
7396487,"PEHLIN, RIJEKA",Stanovanje,1-sobno,1.0,650.0,EUR,40.0,,,"40 m2, 1-sobno, oddamo. Cena: 650,00 EUR/mes",https://www.nepremicnine.net/oglasi-oddaja/pehlin-rijeka-stanovanje_7396487/
7347441,PETIŠOVCI,Stanovanje,Soba,,250.0,EUR,17.0,1980,,"17 m2, soba, zgrajena l. 1980, adaptirana l. 2025, oddamo. Cena: cca 250,00 EUR/mes",https://www.nepremicnine.net/oglasi-oddaja/petisovci-stanovanje_7347441/
7373257,PETRČANE,Stanovanje,2-sobno,2.0,1400.0,EUR,244.29,2025,P/3,"244,29 m2, 2-sobno, novogradnja - zgr. l. 2025, P/3 nad., stanovanje s3, oddamo. Cena: 1.400,00 EUR/mes",https://www.nepremicnine.net/oglasi-oddaja/petrcane-stanovanje_7373257/
7284745,PETROVA - VOĆARSKA,Stanovanje,2-sobno,2.0,2300.0,EUR,100.0,,,"100 m2, 2-sobno, oddamo. Cena: 2.300,00 EUR/mes",https://www.nepremicnine.net/oglasi-oddaja/petrova-vocarska-stanovanje_7284745/
7313766,PETROVA - VOĆARSKA,Stanovanje,3-sobno,3.0,2500.0,EUR,120.0,,,"120 m2, 3-sobno, oddamo. Cena: 2.500,00 EUR/mes",https://www.nepremicnine.net/oglasi-oddaja/petrova-vocarska-stanovanje_7313766/
7275619,PETROVA - VOĆARSKA,Stanovanje,3-sobno,3.0,2300.0,EUR,130.0,,,"130 m2, 3-sobno, oddamo. Cena: 2.300,00 EUR/mes",https://www.nepremicnine.net/oglasi-oddaja/petrova-vocarska-stanovanje_7275619/
7404011,"PETROVA - VOĆARSKA, BABONIĆEVA",Stanovanje,1-sobno,1.0,1000.0,EUR,60.0,,,"60 m2, 1-sobno, oddamo. Cena: 1.000,00 EUR/mes",https://www.nepremicnine.net/oglasi-oddaja/petrova-vocarska-baboniceva-stanovanje_7404011/
6940804,"PETROVA - VOĆARSKA, BABONIĆEVA",Stanovanje,3-sobno,3.0,3000.0,EUR,180.0,,,"180 m2, 3-sobno, oddamo. Cena: 3.000,00 EUR/mes",https://www.nepremicnine.net/oglasi-oddaja/petrova-vocarska-baboniceva-stanovanje_6940804/
7335701,"PETROVA - VOĆARSKA, DOMJANIĆEVA",Stanovanje,2-sobno,2.0,1300.0,EUR,75.0,,,"75 m2, 2-sobno, oddamo. Cena: 1.300,00 EUR/mes",https://www.nepremicnine.net/oglasi-oddaja/petrova-vocarska-domjaniceva-stanovanje_7335701/
6682509,"PETROVA - VOĆARSKA, MAKSIMIRSKA",Stanovanje,5 in večsobno,,3500.0,EUR,200.0,,,"200 m2, 5 in večsobno, oddamo. Cena: 3.500,00 EUR/mes",https://www.nepremicnine.net/oglasi-oddaja/petrova-vocarska-maksimirska-stanovanje_6682509/
7287731,"PETROVA - VOĆARSKA, SREBRNJAK",Stanovanje,2-sobno,2.0,4000.0,EUR,151.0,,,"151 m2, 2-sobno, oddamo. Cena: 4.000,00 EUR/mes",https://www.nepremicnine.net/oglasi-oddaja/petrova-vocarska-srebrnjak-stanovanje_7287731/
7318546,"PETROVA - VOĆARSKA, ŠALATA",Stanovanje,3-sobno,3.0,4200.0,EUR,190.0,,,"190 m2, 3-sobno, oddamo. Cena: 4.200,00 EUR/mes",https://www.nepremicnine.net/oglasi-oddaja/petrova-vocarska-salata-stanovanje_7318546/
7283841,"PETROVA - VOĆARSKA, ZELENJAK",Stanovanje,3-sobno,3.0,1500.0,EUR,150.0,,,"150 m2, 3-sobno, oddamo. Cena: 1.500,00 EUR/mes",https://www.nepremicnine.net/oglasi-oddaja/petrova-vocarska-zelenjak-stanovanje_7283841/
6865507,PIRAN,Stanovanje,Garsonjera,,550.0,EUR,23.0,2012,4/4,"23 m2, garsonjera, zgrajena l. 2012, 4/4 nad., V Piranu se oddaja apartma z souporabo terase.Primerno tudi za študente.C...",https://www.nepremicnine.net/oglasi-oddaja/piran-stanovanje_6865507/
7400267,PIRAN,Stanovanje,1-sobno,1.0,600.0,EUR,42.0,1900,1/3,"42 m2, 1-sobno, zgrajeno l. 1900, adaptirano l. 2023, 1/3 nad., oddamo. Cena: 600,00 EUR/mes",https://www.nepremicnine.net/oglasi-oddaja/piran-stanovanje_7400267/
7398243,"PIRAN, BLIŽINA AVTOBUSNE POSTAJE",Stanovanje,Garsonjera,,550.0,EUR,34.0,2016,2/3,"34 m2, garsonjera, novogradnja - zgr. l. 2016, 2/3 nad., Na voljo samo od 1.10.2026 do 1.6.2027. Primerno za študente, p...",https://www.nepremicnine.net/oglasi-oddaja/piran-blizina-avtobusne-postaje-stanovanje_7398243/
7132311,"PIRAN, CENTER",Stanovanje,Garsonjera,,500.0,EUR,20.0,1900,P/2,"20 m2, garsonjera, zgrajena l. 1900, adaptirana l. 2022, P/2 nad., Staro mestno jedro, nizki stroški, dolgoročni najem, ...",https://www.nepremicnine.net/oglasi-oddaja/piran-center-stanovanje_7132311/
7403251,"PIRAN, CENTER OD 9. 26 DO 5. 27",Stanovanje,1-sobno,1.0,500.0,EUR,28.0,1800,2/4,"28 m2, 1-sobno, zgrajeno l. 1800, adaptirano l. 2020, 2/4 nad., oddamo. Cena: 500,00 EUR/mes",https://www.nepremicnine.net/oglasi-oddaja/piran-center-od-9-26-do-5-27-stanovanje_7403251/
7378278,"PIRAN, CENTER, LENINOVA ULICA",Stanovanje,1-sobno,1.0,700.0,EUR,45.0,1848,4/4,"45 m2, 1-sobno, zgrajeno l. 1848, adaptirano l. 2023, 4/4 nad., Z oktobrom oddamo čudovito svetlo stanovanje v samem cen...",https://www.nepremicnine.net/oglasi-oddaja/piran-center-leninova-ulica-stanovanje_7378278/
7407836,"PIRAN, DOLFIN GATE, MESTNO JEDRO",Stanovanje,"1,5-sobno",1.5,1000.0,EUR,46.0,1980,P,"46 m2, 1,5-sobno, zgrajeno l. 1980, adaptirano l. 2017, pritličje, Oddamo v Piranu resnim, pridnim in zanesljivim najemn...",https://www.nepremicnine.net/oglasi-oddaja/piran-dolfin-gate-mestno-jedro-stanovanje_7407836/
7404790,"PIRAN, PRI OBZIDJU",Stanovanje,2-sobno,2.0,700.0,EUR,40.0,2024,P,"40 m2, 2-sobno, adaptirano l. 2024, 20 m2 zemljišča, pritličje, V Piranu pri obzidju oddamo pritlično stanovanje v izmer...",https://www.nepremicnine.net/oglasi-oddaja/piran-pri-obzidju-stanovanje_7404790/
7016903,"PIRAN, PRVA VRSTA OB MORJU",Stanovanje,3-sobno,3.0,1300.0,EUR,75.0,1800,3/3,"75 m2, 3-sobno, dupleks, zgrajeno l. 1800, adaptirano l. 2016, 3/3 nad., Oddamo ali prodamo dupleks stanovanje s teraso ...",https://www.nepremicnine.net/oglasi-oddaja/piran-prva-vrsta-ob-morju-stanovanje_7016903/
7364891,"PIRAN, PUNTA",Stanovanje,Garsonjera,,420.0,EUR,21.0,1900,,"21 m2, garsonjera, zgrajena l. 1900, adaptirana l. 2022, od 15. 9. 2026 do 15. 6. 2027 oddam garsonjero na punti v piran...",https://www.nepremicnine.net/oglasi-oddaja/piran-punta-stanovanje_7364891/
7409787,"PIRAN, TRUBARJEVA ULICA",Stanovanje,Garsonjera,,470.0,EUR,23.0,1967,P,"23 m2, garsonjera, zgrajena l. 1967, adaptirana l. 2016, pritličje, PIRAN, oddaja se garsonjera v starem mestnem jedru (...",https://www.nepremicnine.net/oglasi-oddaja/piran-trubarjeva-ulica-stanovanje_7409787/
7069193,"PIRAN, V BLIŽINI TARTINIJA",Stanovanje,1-sobno,1.0,650.0,EUR,29.0,1900,2/3,"29 m2, 1-sobno, zgrajeno l. 1900, adaptirano l. 2022, 2/3 nad., Stanovanje je obnovljeno in polno opremljeno, oddamo. Ce...",https://www.nepremicnine.net/oglasi-oddaja/piran-v-blizini-tartinija-stanovanje_7069193/
7198287,"PIRAN, ZA ŠOLSKO LETO SEZONO",Stanovanje,1-sobno,1.0,700.0,EUR,33.0,2020,P/3,"33 m2, 1-sobno, adaptirano l. 2020, P/3 nad., polno opremljeno stanovanje s posodo, oddamo študentom ali zaposleni osebi...",https://www.nepremicnine.net/oglasi-oddaja/piran-za-solsko-leto-sezono-stanovanje_7198287/
7395435,PJEŠČANA UVALA,Stanovanje,"2,5-sobno",2.5,1600.0,EUR,100.0,2026,,"100 m2, 2,5-sobno, zgrajeno l. 2026, Medulin, Pjescana Uvala, opremljeno stanovanje na iskani lokaciji, oddamo. Cena: 1....",https://www.nepremicnine.net/oglasi-oddaja/pjescana-uvala-stanovanje_7395435/
7372711,PLANINA PRI SEVNICI,Stanovanje,1-sobno,1.0,500.0,EUR,47.0,1979,2/3,"47 m2, 1-sobno, zgrajeno l. 1979, 2/3 nad., oddamo. Cena: 500,00 EUR/mes",https://www.nepremicnine.net/oglasi-oddaja/planina-pri-sevnici-stanovanje_7372711/
7414496,PLANINA PRI SEVNICI,Stanovanje,2-sobno,2.0,280.0,EUR,55.0,1977,1/1,"55 m2, 2-sobno, zgrajeno l. 1977, adaptirano l. 2005, 1/1 nad., oddamo. Cena: 280,00 EUR/mes",https://www.nepremicnine.net/oglasi-oddaja/planina-pri-sevnici-stanovanje_7414496/
7266960,PLOČE,Stanovanje,4-sobno,4.0,1100.0,EUR,135.0,1972,,"135 m2, 4-sobno, zgrajeno l. 1972, oddamo. Cena: 1.100,00 EUR/mes",https://www.nepremicnine.net/oglasi-oddaja/ploce-stanovanje_7266960/
7327312,PLOVANIJA - VIDIKOVAC,Stanovanje,3-sobno,3.0,1500.0,EUR,95.0,,,"95 m2, 3-sobno, oddamo. Cena: 1.500,00 EUR/mes",https://www.nepremicnine.net/oglasi-oddaja/plovanija-vidikovac-stanovanje_7327312/
7407564,POBREŽJE,Stanovanje,2-sobno,2.0,600.0,EUR,35.6,1964,4/4,"35,6 m2, 2-sobno, zgrajeno l. 1964, adaptirano l. 2026, 4/4 nad., oddamo. Cena: 600,00 EUR/mes",https://www.nepremicnine.net/oglasi-oddaja/pobrezje-stanovanje_7407564/
7405388,POBREŽJE,Stanovanje,1-sobno,1.0,400.0,EUR,36.0,1976,2/4,"36 m2, 1-sobno, zgrajeno l. 1976, adaptirano l. 2010, 2/4 nad., Na Pobrežju v Mariboru oddamo v dolgoročni najem opremlj...",https://www.nepremicnine.net/oglasi-oddaja/pobrezje-stanovanje_7405388/
7395388,POBREŽJE,Stanovanje,Garsonjera,,700.0,EUR,39.0,2026,9/12,"39 m2, garsonjera, zgrajena l. 2026, 9/12 nad., Povsem nova prostorna in opremljena garsonjera z veliko teraso, izjemnim...",https://www.nepremicnine.net/oglasi-oddaja/pobrezje-stanovanje_7395388/
7407527,POBREŽJE,Stanovanje,1-sobno,1.0,550.0,EUR,40.0,2024,P/3,"40 m2, 1-sobno, adaptirano l. 2024, P/3 nad., oddamo. Cena: 550,00 EUR/mes",https://www.nepremicnine.net/oglasi-oddaja/pobrezje-stanovanje_7407527/
7413999,POBREŽJE,Stanovanje,2-sobno,2.0,750.0,EUR,49.0,2026,4/12,"49 m2, 2-sobno, zgrajeno l. 2026, 4/12 nad., Novo, še nerabljeno 2-sobno stanovanje z garažnim parkirnim mestom - Sosesk...",https://www.nepremicnine.net/oglasi-oddaja/pobrezje-stanovanje_7413999/
7050352,POBREŽJE,Stanovanje,2-sobno,2.0,650.0,EUR,62.0,2006,VP/5,"62 m2, 2-sobno, zgrajeno l. 2006, adaptirano l. 2023, 17 m2 zemljišča, VP/5 nad., Lepo, svetlo, sončno stanovanje z večj...",https://www.nepremicnine.net/oglasi-oddaja/pobrezje-stanovanje_7050352/
7364965,POBREŽJE,Stanovanje,4-sobno,4.0,1400.0,EUR,131.6,2025,,"131,6 m2, 4-sobno, zgrajeno l. 2025, Novo 4-sobno stanovanje na Pobrežju, oddamo. Cena: cca 1.400,00 EUR/mes",https://www.nepremicnine.net/oglasi-oddaja/pobrezje-stanovanje_7364965/
7410846,POBREŽJE,Stanovanje,5 in večsobno,,1250.0,EUR,172.4,1999,3/3,"172,4 m2, 5 in večsobno, zgrajeno l. 1999, adaptirano l. 2021, 3/3 nad., Prostorno, opremljeno in takoj vseljivo stanova...",https://www.nepremicnine.net/oglasi-oddaja/pobrezje-stanovanje_7410846/
7072520,"POBREŽJE, OB GOZDU 20",Stanovanje,Garsonjera,,420.0,EUR,26.0,1967,3/3,"26 m2, garsonjera, zgrajena l. 1967, 3/3 nad., oddamo. Cena: 420,00 EUR/mes",https://www.nepremicnine.net/oglasi-oddaja/pobrezje-ob-gozdu-20-stanovanje_7072520/
7318803,"POBRI, VOLOSKO, OPATIJA",Stanovanje,3-sobno,3.0,2300.0,EUR,87.0,1930,,"87 m2, 3-sobno, zgrajeno l. 1930, oddamo. Cena: 2.300,00 EUR/mes",https://www.nepremicnine.net/oglasi-oddaja/pobri-volosko-opatija-stanovanje_7318803/
7393622,"POBRI, VOLOSKO, OPATIJA - OKOLICA",Stanovanje,3-sobno,3.0,1400.0,EUR,90.0,,,"90 m2, 3-sobno, oddamo. Cena: 1.400,00 EUR/mes",https://www.nepremicnine.net/oglasi-oddaja/pobri-volosko-opatija-okolica-stanovanje_7393622/
7318647,"POBRI, VOLOSKO, OPATIJA - OKOLICA",Stanovanje,3-sobno,3.0,2300.0,EUR,136.0,2015,,"136 m2, 3-sobno, novogradnja - zgr. l. 2015, oddamo. Cena: 2.300,00 EUR/mes",https://www.nepremicnine.net/oglasi-oddaja/pobri-volosko-opatija-okolica-stanovanje_7318647/
7394032,"POBRI, VOLOSKO, OPATIJA - OKOLICA",Stanovanje,4-sobno,4.0,2500.0,EUR,142.0,,,"142 m2, 4-sobno, oddamo. Cena: 2.500,00 EUR/mes",https://www.nepremicnine.net/oglasi-oddaja/pobri-volosko-opatija-okolica-stanovanje_7394032/
7393898,"POBRI, VOLOSKO, OPATIJA - OKOLICA",Stanovanje,4-sobno,4.0,3000.0,EUR,156.0,,,"156 m2, 4-sobno, oddamo. Cena: 3.000,00 EUR/mes",https://www.nepremicnine.net/oglasi-oddaja/pobri-volosko-opatija-okolica-stanovanje_7393898/
6991249,PODKOREN,Stanovanje,1-sobno,1.0,800.0,EUR,33.0,2010,1/2,"33 m2, 1-sobno, zgrajeno l. 2010, 1/2 nad., oddamo. Cena: 800,00 EUR/mes",https://www.nepremicnine.net/oglasi-oddaja/podkoren-stanovanje_6991249/
7398391,PODLONK,Stanovanje,2-sobno,2.0,550.0,EUR,45.0,2000,1/1,"45 m2, 2-sobno, zgrajeno l. 2000, adaptirano l. 2016, 1/1 nad., Oddam lepo, udobno dvosobno stanovanje z balkonom. V cel...",https://www.nepremicnine.net/oglasi-oddaja/podlonk-stanovanje_7398391/
7412170,PODNANOS,Stanovanje,3-sobno,3.0,280.0,EUR,70.0,2025,,"70 m2, 3-sobno, adaptirano l. 2025, opremljeno stanovanje za najem - podnanos, oddamo. Cena: 280,00 EUR/osebo na mes",https://www.nepremicnine.net/oglasi-oddaja/podnanos-stanovanje_7412170/
7316517,PODSTRANA,Stanovanje,1-sobno,1.0,900.0,EUR,45.0,,,"45 m2, 1-sobno, oddamo. Cena: 900,00 EUR/mes",https://www.nepremicnine.net/oglasi-oddaja/podstrana-stanovanje_7316517/
7268216,PODSTRANA,Stanovanje,2-sobno,2.0,1500.0,EUR,60.0,2025,,"60 m2, 2-sobno, novogradnja - zgr. l. 2025, oddamo. Cena: 1.500,00 EUR/mes",https://www.nepremicnine.net/oglasi-oddaja/podstrana-stanovanje_7268216/
7282802,PODSTRANA,Stanovanje,2-sobno,2.0,1000.0,EUR,64.0,,,"64 m2, 2-sobno, oddamo. Cena: 1.000,00 EUR/mes",https://www.nepremicnine.net/oglasi-oddaja/podstrana-stanovanje_7282802/
7403244,PODSTRANA,Stanovanje,2-sobno,2.0,950.0,EUR,67.0,,,"67 m2, 2-sobno, oddamo. Cena: 950,00 EUR/mes",https://www.nepremicnine.net/oglasi-oddaja/podstrana-stanovanje_7403244/
7394704,PODSTRANA,Stanovanje,2-sobno,2.0,1100.0,EUR,70.0,,,"70 m2, 2-sobno, oddamo. Cena: 1.100,00 EUR/mes",https://www.nepremicnine.net/oglasi-oddaja/podstrana-stanovanje_7394704/
6975620,PODSTRANA,Stanovanje,4-sobno,4.0,1000.0,EUR,150.0,,,"150 m2, 4-sobno, oddamo. Cena: 1.000,00 EUR/mes",https://www.nepremicnine.net/oglasi-oddaja/podstrana-stanovanje_6975620/
7394706,PODSTRANA,Stanovanje,2-sobno,2.0,2000.0,EUR,156.0,,,"156 m2, 2-sobno, oddamo. Cena: 2.000,00 EUR/mes",https://www.nepremicnine.net/oglasi-oddaja/podstrana-stanovanje_7394706/
7383722,PODSTRANA,Stanovanje,3-sobno,3.0,2800.0,EUR,220.0,2025,,"220 m2, 3-sobno, novogradnja - zgr. l. 2025, oddamo. Cena: 2.800,00 EUR/mes",https://www.nepremicnine.net/oglasi-oddaja/podstrana-stanovanje_7383722/
7368467,PODSTRANA,Stanovanje,2-sobno,2.0,2800.0,EUR,230.0,,,"230 m2, 2-sobno, oddamo. Cena: 2.800,00 EUR/mes",https://www.nepremicnine.net/oglasi-oddaja/podstrana-stanovanje_7368467/
7376884,"PODSTRANA, STROŽANAC",Stanovanje,1-sobno,1.0,500.0,EUR,33.0,,,"33 m2, 1-sobno, oddamo. Cena: 500,00 EUR/mes",https://www.nepremicnine.net/oglasi-oddaja/podstrana-strozanac-stanovanje_7376884/
7282257,"PODSTRANA, STROŽANAC",Stanovanje,1-sobno,1.0,750.0,EUR,45.0,,,"45 m2, 1-sobno, oddamo. Cena: 750,00 EUR/mes",https://www.nepremicnine.net/oglasi-oddaja/podstrana-strozanac-stanovanje_7282257/
7409763,"PODSTRANA, STROŽANAC",Stanovanje,1-sobno,1.0,850.0,EUR,45.0,,,"45 m2, 1-sobno, oddamo. Cena: 850,00 EUR/mes",https://www.nepremicnine.net/oglasi-oddaja/podstrana-strozanac-stanovanje_7409763/
7065953,"PODSTRANA, STROŽANAC",Stanovanje,2-sobno,2.0,1500.0,EUR,60.0,,,"60 m2, 2-sobno, oddamo. Cena: 1.500,00 EUR/mes",https://www.nepremicnine.net/oglasi-oddaja/podstrana-strozanac-stanovanje_7065953/
7412192,"PODSTRANA, STROŽANAC",Stanovanje,2-sobno,2.0,1700.0,EUR,104.0,,,"104 m2, 2-sobno, oddamo. Cena: 1.700,00 EUR/mes",https://www.nepremicnine.net/oglasi-oddaja/podstrana-strozanac-stanovanje_7412192/
7369292,PODUTIK,Stanovanje,Soba,,350.0,EUR,16.0,2003,2/2,"16 m2, soba, adaptirana l. 2003, adaptirana l. 2018, 2/2 nad., oddamo. Cena: 350,00 EUR/mes",https://www.nepremicnine.net/oglasi-oddaja/podutik-stanovanje_7369292/
7405815,PODUTIK,Stanovanje,4-sobno,4.0,1550.0,EUR,120.0,1985,P/1,"120 m2, 4-sobno, zgrajeno l. 1985, P/1 nad., tri spalnice, kopalnica, ločen WC, kuhinja, velik dnevni prostor in jedilni...",https://www.nepremicnine.net/oglasi-oddaja/podutik-stanovanje_7405815/
7408984,"PODUTIK, PILON, Z RAZGLEDOM",Stanovanje,2-sobno,2.0,1100.0,EUR,55.0,2008,2/7,"55 m2, 2-sobno, zgrajeno l. 2008, 2/7 nad., oddamo. Cena: 1.100,00 EUR/mes",https://www.nepremicnine.net/oglasi-oddaja/podutik-pilon-z-razgledom-stanovanje_7408984/
7387746,POLICA,Stanovanje,2-sobno,2.0,590.0,EUR,47.0,2007,P,"47 m2, 2-sobno, zgrajeno l. 2007, adaptirano l. 2023, pritličje, oddamo. Cena: 590,00 EUR/mes",https://www.nepremicnine.net/oglasi-oddaja/polica-stanovanje_7387746/
7318387,POLJANE,Stanovanje,Garsonjera,,700.0,EUR,35.3,2006,3/4,"35,3 m2, garsonjera, zgrajena l. 2006, 3/4 nad., oddamo. Cena: 700,00 EUR/mes",https://www.nepremicnine.net/oglasi-oddaja/poljane-stanovanje_7318387/
7395595,"POLJANE, BLIŽINA UKC",Stanovanje,2-sobno,2.0,850.0,EUR,65.0,1964,2/2,"65 m2, 2-sobno, zgrajeno l. 1964, adaptirano l. 2016, 2/2 nad., BLIŽINA UKC, 15 min peš do Tromostovja in Kolodvora. Sta...",https://www.nepremicnine.net/oglasi-oddaja/poljane-blizina-ukc-stanovanje_7395595/
6912299,"POLJANE, GABRIJELČIČEV NADVOZ",Stanovanje,Garsonjera,,415.0,EUR,28.0,2019,P/1,"28 m2, garsonjera, poslovni apartma, v stavbi zgrajeni l. 2019, adaptirana l. 2024, 100 m2 zemljišča, P/1 nad., na voljo...",https://www.nepremicnine.net/oglasi-oddaja/poljane-gabrijelcicev-nadvoz-stanovanje_6912299/
6352911,"POLJANE, ROŠKA CESTA",Stanovanje,2-sobno,2.0,790.0,EUR,58.0,2020,M/4,"58 m2, 2-sobno, dupleks, zgrajeno l. 2020, M/4 nad., Leta 2020 zgrajeno in delno opremljeno komfortno klimatizirano dvos...",https://www.nepremicnine.net/oglasi-oddaja/poljane-roska-cesta-stanovanje_6352911/
7307267,"POLJČANE, BISTRIŠKA CESTA",Stanovanje,"1,5-sobno",1.5,290.0,EUR,60.0,1980,1/1,"60 m2, 1,5-sobno, zgrajeno l. 1980, adaptirano l. 2015, 1.100 m2 zemljišča, 1/1 nad., Stanovanje v centru Poljčan zraven...",https://www.nepremicnine.net/oglasi-oddaja/poljcane-bistriska-cesta-stanovanje_7307267/
6704658,POLJE,Stanovanje,Soba,,280.0,EUR,12.0,2005,1/1,"12 m2, soba, zgrajena l. 2005, 500 m2 zemljišča, 1/1 nad., Enopostelno sobo z vso opremo, KTV, internet, parking oddam. ...",https://www.nepremicnine.net/oglasi-oddaja/polje-stanovanje_6704658/
7363894,POLJE,Stanovanje,Garsonjera,,600.0,EUR,22.0,2026,2/3,"22 m2, garsonjera, novogradnja - zgr. l. 2026, 2/3 nad., Ljubljana, POLJE, nova svetla klimatizirana delno opremljena ga...",https://www.nepremicnine.net/oglasi-oddaja/polje-stanovanje_7363894/
6047636,"POLJE, KAŠELJSKA CESTA 82",Stanovanje,Soba,,280.0,EUR,12.0,2005,1,"12 m2, soba, zgrajena l. 2005, 540 m2 zemljišča, 1. nad., enoposteljno sobo z vso opremo, oddam eni osebi, primerno za š...",https://www.nepremicnine.net/oglasi-oddaja/polje-kaseljska-cesta-82-stanovanje_6047636/
5891609,"POLJE, KAŠELJSKA CESTA 82",Stanovanje,Soba,,280.0,EUR,12.0,2005,P,"12 m2, soba, zgrajena l. 2005, pritličje, oddamo. Cena: 280,00 EUR/mes",https://www.nepremicnine.net/oglasi-oddaja/polje-kaseljska-cesta-82-stanovanje_5891609/
7404466,"POLJE, LJ.",Stanovanje,Soba,,330.0,EUR,15.0,1964,,"15 m2, soba, zgrajena l. 1964, adaptirana l. 2018, oddamo. Cena: do cca 330,00 EUR/mes",https://www.nepremicnine.net/oglasi-oddaja/polje-lj-stanovanje_7404466/
7408209,"POLJE, LJ.",Stanovanje,Soba,,450.0,EUR,20.0,2024,PK/2,"20 m2, soba, hiša, zgrajena l. 2024, adaptirana l. 2024, 650 m2 zemljišča, PK/2 nad., oddamo. Cena: 450,00 EUR/mes",https://www.nepremicnine.net/oglasi-oddaja/polje-lj-stanovanje_7408209/
7381374,"POLJE, VEVŠKA CESTA",Stanovanje,2-sobno,2.0,1000.0,EUR,59.0,2011,2/2,"59 m2, 2-sobno, zgrajeno l. 2011, 2/2 nad., Nevseljeno, popolnoma opremljeno, nova oprema, Polje, Vevška cesta, lastnišk...",https://www.nepremicnine.net/oglasi-oddaja/polje-vevska-cesta-stanovanje_7381374/
7411426,POLZELA,Stanovanje,2-sobno,2.0,540.0,EUR,40.0,1980,1,"40 m2, 2-sobno, zgrajeno l. 1980, adaptirano l. 2021, 1. nad., oddamo. Cena: 540,00 EUR/mes",https://www.nepremicnine.net/oglasi-oddaja/polzela-stanovanje_7411426/
7398397,"POLZELA, CENTER",Stanovanje,2-sobno,2.0,730.0,EUR,57.0,2026,2/4,"57 m2, 2-sobno, zgrajeno l. 2026, 2/4 nad., Dodaten opis nepremičnine, oddamo. Cena: 730,00 EUR/mes",https://www.nepremicnine.net/oglasi-oddaja/polzela-center-stanovanje_7398397/
7398403,"POLZELA, CENTER",Stanovanje,2-sobno,2.0,750.0,EUR,60.0,2026,1/4,"60 m2, 2-sobno, zgrajeno l. 2026, 1/4 nad., Dodaten opis nepremičnine, oddamo. Cena: 750,00 EUR/mes",https://www.nepremicnine.net/oglasi-oddaja/polzela-center-stanovanje_7398403/
7394773,"POLZELA, ŠOLSKA ULICA",Stanovanje,Garsonjera,,750.0,EUR,32.91,2026,P,"32,91 m2, garsonjera, zgrajena l. 2026, 21,61 m2 zemljišča, pritličje, Bodite prvi najemnik: Moderno pritlično stanovanj...",https://www.nepremicnine.net/oglasi-oddaja/polzela-solska-ulica-stanovanje_7394773/
7350847,"PONOVIČE, 2KM IZ LITIJE",Stanovanje,Soba,,300.0,EUR,8.0,2018,1,"8 m2, soba, adaptirana l. 2018, 1. nad., Oddamo sobo z uporabo skupnih prostorov, oddamo. Cena: 300,00 EUR/mes",https://www.nepremicnine.net/oglasi-oddaja/ponovice-2km-iz-litije-stanovanje_7350847/
7400817,POREČ,Stanovanje,3-sobno,3.0,1000.0,EUR,83.0,2008,,"83 m2, 3-sobno, zgrajeno l. 2008, oddamo. Cena: 1.000,00 EUR/mes",https://www.nepremicnine.net/oglasi-oddaja/porec-stanovanje_7400817/
7376040,POREČ,Stanovanje,2-sobno,2.0,1000.0,EUR,91.0,2013,,"91 m2, 2-sobno, zgrajeno l. 2013, oddamo. Cena: 1.000,00 EUR/mes",https://www.nepremicnine.net/oglasi-oddaja/porec-stanovanje_7376040/
7391988,"POREČ, OBALA MARŠALA TITA, 1",Stanovanje,2-sobno,2.0,1000.0,EUR,75.0,2010,,"75 m2, 2-sobno, zgrajeno l. 2010, oddamo. Cena: 1.000,00 EUR/mes",https://www.nepremicnine.net/oglasi-oddaja/porec-obala-marsala-tita-1-stanovanje_7391988/
7310098,PORTOROŽ,Stanovanje,Soba,,300.0,EUR,12.0,1968,1/1,"12 m2, soba, zgrajena l. 1968, 1/1 nad., oddamo. Cena: 300,00 EUR/mes",https://www.nepremicnine.net/oglasi-oddaja/portoroz-stanovanje_7310098/
7386157,PORTOROŽ,Stanovanje,2-sobno,2.0,650.0,EUR,32.0,1985,P/2,"32 m2, 2-sobno, zgrajeno l. 1985, adaptirano l. 2024, 10 m2 zemljišča, P/2 nad., Renovirano stanovanje s pol zaprto tera...",https://www.nepremicnine.net/oglasi-oddaja/portoroz-stanovanje_7386157/
7091663,PORTOROŽ,Stanovanje,2-sobno,2.0,700.0,EUR,65.0,1980,P/M,"65 m2, 2-sobno, zgrajeno l. 1980, P/M, Od 1.10.2026 do 1.6.2027 oddamo v celoti opremljeno stanovanje, ki obsega dve loc...",https://www.nepremicnine.net/oglasi-oddaja/portoroz-stanovanje_7091663/
7408406,"PORTOROŽ, BELI KRIŽ",Stanovanje,1-sobno,1.0,900.0,EUR,45.0,2000,2/2,"45 m2, 1-sobno, zgrajeno l. 2000, 2/2 nad., oddamo. Cena: 900,00 EUR/mes",https://www.nepremicnine.net/oglasi-oddaja/portoroz-beli-kriz-stanovanje_7408406/
7402744,"PORTOROŽ, BERNARDIN",Stanovanje,2-sobno,2.0,800.0,EUR,45.0,1972,P/1,"45 m2, 2-sobno, zgrajeno l. 1972, P/1 nad., oddamo. Cena: cca 800,00 EUR/mes",https://www.nepremicnine.net/oglasi-oddaja/portoroz-bernardin-stanovanje_7402744/
7313095,"PORTOROŽ, CENTER PORTOROŽA, PEŠ",Stanovanje,3-sobno,3.0,2500.0,EUR,153.0,2008,,"153 m2, 3-sobno, dupleks, zgrajeno l. 2008, adaptirano l. 2020, 30 m2 zemljišča, Nadstandardno stanovanje v 3 etažah,s t...",https://www.nepremicnine.net/oglasi-oddaja/portoroz-center-portoroza-pes-stanovanje_7313095/
7404626,"PORTOROŽ, LETOVIŠKA ULICA",Stanovanje,Garsonjera,,700.0,EUR,20.0,1975,P/1,"20 m2, garsonjera, zgrajena l. 1975, adaptirana l. 2000, P/1 nad., ločena kuhinjska niša, pred vhodom je prostor za vrtn...",https://www.nepremicnine.net/oglasi-oddaja/portoroz-letoviska-ulica-stanovanje_7404626/
7415260,"PORTOROŽ, METROPOL",Stanovanje,2-sobno,2.0,800.0,EUR,50.0,2024,1/1,"50 m2, 2-sobno, dupleks, adaptirano l. 2024, 1/1 nad., Oddam stanovanje, oddamo. Cena: 800,00 EUR/mes",https://www.nepremicnine.net/oglasi-oddaja/portoroz-metropol-stanovanje_7415260/
7383853,"PORTOROŽ, PORTOROZ CENTER",Stanovanje,Garsonjera,,750.0,EUR,25.0,1950,1/3,"25 m2, garsonjera, zgrajena l. 1950, adaptirana l. 2021, 1/3 nad., oddamo. Cena: 750,00 EUR/mes",https://www.nepremicnine.net/oglasi-oddaja/portoroz-portoroz-center-stanovanje_7383853/
7409014,"PORTOROŽ, PRI POMOR. IN TURIST. FAKULTETI",Stanovanje,1-sobno,1.0,800.0,EUR,44.0,1974,P/1,"44 m2, 1-sobno, zgrajeno l. 1974, adaptirano l. 2021, P/1 nad., Stanovanje z veliko teraso in vrtom oddamo od 01. oktobr...",https://www.nepremicnine.net/oglasi-oddaja/portoroz-pri-pomor-in-turist-fakulteti-stanovanje_7409014/
7370372,"POSTOJNA, CENTER, TRŽAŠKA",Stanovanje,"1,5-sobno",1.5,530.0,EUR,48.2,1873,1/2,"48,2 m2, 1,5-sobno, zgrajeno l. 1873, adaptirano l. 2005, 1/2 nad., prenovljeno, delno opremljeno, na voljo takoj, oddam...",https://www.nepremicnine.net/oglasi-oddaja/postojna-center-trzaska-stanovanje_7370372/
7389858,"POSTOJNA, VOLARICEVA 30",Stanovanje,1-sobno,1.0,590.0,EUR,43.0,1986,2/4,"43 m2, 1-sobno, zgrajeno l. 1986, 2/4 nad., Oddamo na daljše obdobje večje enosobno stanovanje,bližina vseh javnih ustan...",https://www.nepremicnine.net/oglasi-oddaja/postojna-volariceva-30-stanovanje_7389858/
7404015,POTOK - BRAJDA,Stanovanje,1-sobno,1.0,600.0,EUR,30.0,,,"30 m2, 1-sobno, oddamo. Cena: 600,00 EUR/mes",https://www.nepremicnine.net/oglasi-oddaja/potok-brajda-stanovanje_7404015/
7400702,POTOK - BRAJDA,Stanovanje,1-sobno,1.0,750.0,EUR,33.0,,,"33 m2, 1-sobno, oddamo. Cena: 750,00 EUR/mes",https://www.nepremicnine.net/oglasi-oddaja/potok-brajda-stanovanje_7400702/
7412047,POTOK - BRAJDA,Stanovanje,3-sobno,3.0,690.0,EUR,65.0,,,"65 m2, 3-sobno, oddamo. Cena: 690,00 EUR/mes",https://www.nepremicnine.net/oglasi-oddaja/potok-brajda-stanovanje_7412047/
7388378,POTOK - BRAJDA,Stanovanje,3-sobno,3.0,900.0,EUR,80.0,,,"80 m2, 3-sobno, oddamo. Cena: 900,00 EUR/mes",https://www.nepremicnine.net/oglasi-oddaja/potok-brajda-stanovanje_7388378/
7394680,POTOK - BRAJDA,Stanovanje,3-sobno,3.0,250.0,EUR,88.0,,,"88 m2, 3-sobno, oddamo. Cena: 250,00 EUR/mes",https://www.nepremicnine.net/oglasi-oddaja/potok-brajda-stanovanje_7394680/
7409624,POTOK - BRAJDA,Stanovanje,3-sobno,3.0,1300.0,EUR,114.0,,,"114 m2, 3-sobno, oddamo. Cena: 1.300,00 EUR/mes",https://www.nepremicnine.net/oglasi-oddaja/potok-brajda-stanovanje_7409624/
7392585,"POTOK - BRAJDA, BANDEROVO, RIJEKA",Stanovanje,2-sobno,2.0,800.0,EUR,51.0,,,"51 m2, 2-sobno, oddamo. Cena: 800,00 EUR/mes",https://www.nepremicnine.net/oglasi-oddaja/potok-brajda-banderovo-rijeka-stanovanje_7392585/
7392633,"POTOK - BRAJDA, RIJEKA",Stanovanje,2-sobno,2.0,800.0,EUR,58.0,,,"58 m2, 2-sobno, oddamo. Cena: 800,00 EUR/mes",https://www.nepremicnine.net/oglasi-oddaja/potok-brajda-rijeka-stanovanje_7392633/
7393359,"POTOK - BRAJDA, RIJEKA",Stanovanje,3-sobno,3.0,1000.0,EUR,80.0,,,"80 m2, 3-sobno, oddamo. Cena: 1.000,00 EUR/mes",https://www.nepremicnine.net/oglasi-oddaja/potok-brajda-rijeka-stanovanje_7393359/
7414784,"POTOK - BRAJDA, RIJEKA",Stanovanje,2-sobno,2.0,300.0,EUR,98.0,,,"98 m2, 2-sobno, oddamo. Cena: 300,00 EUR/mes",https://www.nepremicnine.net/oglasi-oddaja/potok-brajda-rijeka-stanovanje_7414784/
7353677,PRADE,Stanovanje,2-sobno,2.0,760.0,EUR,60.0,1995,1/1,"60 m2, 2-sobno, zgrajeno l. 1995, adaptirano l. 2024, 1/1 nad., stanovanje se odaja za študentsko leto .od konec septemb...",https://www.nepremicnine.net/oglasi-oddaja/prade-stanovanje_7353677/
7412193,PRAPUTNJAK,Stanovanje,3-sobno,3.0,1000.0,EUR,100.0,2020,,"100 m2, 3-sobno, novogradnja - zgr. l. 2020, oddamo. Cena: 1.000,00 EUR/mes",https://www.nepremicnine.net/oglasi-oddaja/praputnjak-stanovanje_7412193/
7250623,PRAPUTNJAK,Stanovanje,4-sobno,4.0,1500.0,EUR,160.0,2010,,"160 m2, 4-sobno, zgrajeno l. 2010, oddamo. Cena: 1.500,00 EUR/mes",https://www.nepremicnine.net/oglasi-oddaja/praputnjak-stanovanje_7250623/
7273825,PRAPUTNJAK,Stanovanje,3-sobno,3.0,1500.0,EUR,160.0,,,"160 m2, 3-sobno, oddamo. Cena: 1.500,00 EUR/mes",https://www.nepremicnine.net/oglasi-oddaja/praputnjak-stanovanje_7273825/
7407693,"PRAPUTNJAK, KRASICA, BAKAR",Stanovanje,2-sobno,2.0,200.0,EUR,65.0,,,"65 m2, 2-sobno, oddamo. Cena: 200,00 EUR/mes",https://www.nepremicnine.net/oglasi-oddaja/praputnjak-krasica-bakar-stanovanje_7407693/
7407731,"PRAPUTNJAK, KRASICA, BAKAR",Stanovanje,2-sobno,2.0,250.0,EUR,93.0,,,"93 m2, 2-sobno, oddamo. Cena: 250,00 EUR/mes",https://www.nepremicnine.net/oglasi-oddaja/praputnjak-krasica-bakar-stanovanje_7407731/
7243253,"PRAPUTNJAK, KUKULJANOVO, BAKAR",Stanovanje,Drugo,,250.0,EUR,55.0,,,"55 m2, stanovanje, oddamo. Cena: 250,00 EUR/mes",https://www.nepremicnine.net/oglasi-oddaja/praputnjak-kukuljanovo-bakar-stanovanje_7243253/
7243604,"PRAPUTNJAK, KUKULJANOVO, BAKAR",Stanovanje,2-sobno,2.0,235.0,EUR,60.0,,,"60 m2, 2-sobno, oddamo. Cena: 235,00 EUR/mes",https://www.nepremicnine.net/oglasi-oddaja/praputnjak-kukuljanovo-bakar-stanovanje_7243604/
7392955,"PRAPUTNJAK, KUKULJANOVO, BAKAR",Stanovanje,4-sobno,4.0,2400.0,EUR,130.0,2025,,"130 m2, 4-sobno, novogradnja - zgr. l. 2025, oddamo. Cena: 2.400,00 EUR/mes",https://www.nepremicnine.net/oglasi-oddaja/praputnjak-kukuljanovo-bakar-stanovanje_7392955/
7359510,"PRAPUTNJAK, KUKULJANOVO, BAKAR",Stanovanje,4-sobno,4.0,350.0,EUR,160.0,,,"160 m2, 4-sobno, oddamo. Cena: 350,00 EUR/mes",https://www.nepremicnine.net/oglasi-oddaja/praputnjak-kukuljanovo-bakar-stanovanje_7359510/
7393381,"PRAPUTNJAK, ŠKRLJEVO, BAKAR",Stanovanje,3-sobno,3.0,1300.0,EUR,90.0,,,"90 m2, 3-sobno, oddamo. Cena: 1.300,00 EUR/mes",https://www.nepremicnine.net/oglasi-oddaja/praputnjak-skrljevo-bakar-stanovanje_7393381/
7369893,PREBOLD,Stanovanje,"2,5-sobno",2.5,650.0,EUR,50.0,2014,1/3,"50 m2, 2,5-sobno, adaptirano l. 2014, adaptirano l. 2014, 1/3 nad., V centru Prebolda oddamo popolnoma opremljeno 2,5 so...",https://www.nepremicnine.net/oglasi-oddaja/prebold-stanovanje_7369893/
7264263,PREKORJE,Stanovanje,Garsonjera,,350.0,EUR,33.0,1985,P,"33 m2, garsonjera, zgrajena l. 1985, adaptirana l. 2017, pritličje, oddamo. Cena: cca 350,00 EUR/mes",https://www.nepremicnine.net/oglasi-oddaja/prekorje-stanovanje_7264263/
7324300,PREVALJE,Stanovanje,2-sobno,2.0,550.0,EUR,53.4,2021,5,"53,4 m2, 2-sobno, novogradnja - zgr. l. 2021, 5. nad., oddamo. Cena: 550,00 EUR/mes",https://www.nepremicnine.net/oglasi-oddaja/prevalje-stanovanje_7324300/
7306458,"PREVALJE, NA PRODU 103",Stanovanje,Garsonjera,,450.0,EUR,28.0,1995,P/1,"28 m2, garsonjera, adaptirana l. 1995, adaptirana l. 2015, 70 m2 zemljišča, P/1 nad., najem garsonjere, oddamo. Cena: cc...",https://www.nepremicnine.net/oglasi-oddaja/prevalje-na-produ-103-stanovanje_7306458/
7409750,"PRISTAVA, SONČNA ULICA 15",Stanovanje,1-sobno,1.0,580.0,EUR,43.0,1978,P,"43 m2, 1-sobno, zgrajeno l. 1978, adaptirano l. 2015, 120 m2 zemljišča, pritličje, Opremljeno enosobno stanovanje z atri...",https://www.nepremicnine.net/oglasi-oddaja/pristava-soncna-ulica-15-stanovanje_7409750/
7412534,PRULE,Stanovanje,Soba,,250.0,EUR,12.21,1970,4/4,"12,21 m2, soba, zgrajena l. 1970, 4/4 nad., Oddaja sobe na Prulah (Center), oddamo. Cena: 250,00 EUR/osebo na mes",https://www.nepremicnine.net/oglasi-oddaja/prule-stanovanje_7412534/
7395847,PRULE,Stanovanje,2-sobno,2.0,1000.0,EUR,47.0,1967,3/5,"47 m2, 2-sobno, zgrajeno l. 1967, adaptirano l. 2020, 3/5 nad., Si želite bivanja v mirnem predelu Prul, le lučaj od Lju...",https://www.nepremicnine.net/oglasi-oddaja/prule-stanovanje_7395847/
7325124,"PRULE, CENTER, POD GRADOM",Stanovanje,1-sobno,1.0,850.0,EUR,34.0,1650,P,"34 m2, 1-sobno, poslovni apartma, zgrajeno l. 1650, pritličje, Luksuzno, moderno novo opremljeno stanovanje v centru mes...",https://www.nepremicnine.net/oglasi-oddaja/prule-center-pod-gradom-stanovanje_7325124/
7295684,"PRULE, V BLIŽINI ŠPICE",Stanovanje,Garsonjera,,850.0,EUR,30.7,1964,3/5,"30,7 m2, garsonjera, zgrajena l. 1964, adaptirana l. 2024, 3/5 nad., prule, v bližini špice, 30.7 m2, oddamo. Cena: 850,...",https://www.nepremicnine.net/oglasi-oddaja/prule-v-blizini-spice-stanovanje_7295684/
7407365,PRŽAN,Stanovanje,2-sobno,2.0,850.0,EUR,60.0,2025,P/2,"60 m2, 2-sobno, adaptirano l. 2025, 50 m2 zemljišča, P/2 nad., oddamo. Cena: 850,00 EUR/mes",https://www.nepremicnine.net/oglasi-oddaja/przan-stanovanje_7407365/
7395899,PTUJ,Stanovanje,Garsonjera,,400.0,EUR,24.0,1965,,"24 m2, garsonjera, zgrajena l. 1965, oddamo. Cena: 400,00 EUR/mes",https://www.nepremicnine.net/oglasi-oddaja/ptuj-stanovanje_7395899/
7389122,PTUJ,Stanovanje,2-sobno,2.0,500.0,EUR,30.0,1965,,"30 m2, 2-sobno, zgrajeno l. 1965, oddamo. Cena: 500,00 EUR/mes",https://www.nepremicnine.net/oglasi-oddaja/ptuj-stanovanje_7389122/
7379590,PTUJ,Stanovanje,1-sobno,1.0,450.0,EUR,45.0,2024,3/4,"45 m2, 1-sobno, adaptirano l. 2024, 3/4 nad., oddamo. Cena: 450,00 EUR/mes",https://www.nepremicnine.net/oglasi-oddaja/ptuj-stanovanje_7379590/
6490754,"PTUJ, PREŠERNOVA ULICA 38",Stanovanje,Garsonjera,,380.0,EUR,30.0,2016,,"30 m2, garsonjera, zgrajena l. 2016, adaptirana l. 2018, Udobna garsonjera za dolgoročni najem - Ptuj, oddamo. Cena: cca...",https://www.nepremicnine.net/oglasi-oddaja/ptuj-presernova-ulica-38-stanovanje_6490754/
7401020,PULA CENTAR,Stanovanje,3-sobno,3.0,1500.0,EUR,98.0,,,"98 m2, 3-sobno, oddamo. Cena: 1.500,00 EUR/mes",https://www.nepremicnine.net/oglasi-oddaja/pula-centar-stanovanje_7401020/
7408945,PULA CENTAR,Stanovanje,3-sobno,3.0,1600.0,EUR,107.0,1900,,"107 m2, 3-sobno, zgrajeno l. 1900, oddamo. Cena: 1.600,00 EUR/mes",https://www.nepremicnine.net/oglasi-oddaja/pula-centar-stanovanje_7408945/
7409589,PULAC - SKURINSKA DRAGA,Stanovanje,1-sobno,1.0,600.0,EUR,45.0,,,"45 m2, 1-sobno, oddamo. Cena: 600,00 EUR/mes",https://www.nepremicnine.net/oglasi-oddaja/pulac-skurinska-draga-stanovanje_7409589/
7409026,PULAC - SKURINSKA DRAGA,Stanovanje,2-sobno,2.0,690.0,EUR,70.0,,,"70 m2, 2-sobno, oddamo. Cena: 690,00 EUR/mes",https://www.nepremicnine.net/oglasi-oddaja/pulac-skurinska-draga-stanovanje_7409026/
7409709,PULAC - SKURINSKA DRAGA,Stanovanje,2-sobno,2.0,750.0,EUR,70.0,,,"70 m2, 2-sobno, oddamo. Cena: 750,00 EUR/mes",https://www.nepremicnine.net/oglasi-oddaja/pulac-skurinska-draga-stanovanje_7409709/
7396627,PULAC - SKURINSKA DRAGA,Stanovanje,2-sobno,2.0,850.0,EUR,73.0,,,"73 m2, 2-sobno, oddamo. Cena: 850,00 EUR/mes",https://www.nepremicnine.net/oglasi-oddaja/pulac-skurinska-draga-stanovanje_7396627/
7403743,PULAC - SKURINSKA DRAGA,Stanovanje,3-sobno,3.0,900.0,EUR,87.0,,,"87 m2, 3-sobno, oddamo. Cena: 900,00 EUR/mes",https://www.nepremicnine.net/oglasi-oddaja/pulac-skurinska-draga-stanovanje_7403743/
7401098,PULAC - SKURINSKA DRAGA,Stanovanje,3-sobno,3.0,950.0,EUR,88.0,1978,,"88 m2, 3-sobno, zgrajeno l. 1978, oddamo. Cena: 950,00 EUR/mes",https://www.nepremicnine.net/oglasi-oddaja/pulac-skurinska-draga-stanovanje_7401098/
7393264,"PULAC - SKURINSKA DRAGA, KOZALA, RIJEKA",Stanovanje,3-sobno,3.0,700.0,EUR,72.0,1970,,"72 m2, 3-sobno, zgrajeno l. 1970, oddamo. Cena: 700,00 EUR/mes",https://www.nepremicnine.net/oglasi-oddaja/pulac-skurinska-draga-kozala-rijeka-stanovanje_7393264/
7392879,"PULAC - SKURINSKA DRAGA, KOZALA, RIJEKA",Stanovanje,3-sobno,3.0,200.0,EUR,90.0,,,"90 m2, 3-sobno, oddamo. Cena: 200,00 EUR/mes",https://www.nepremicnine.net/oglasi-oddaja/pulac-skurinska-draga-kozala-rijeka-stanovanje_7392879/
7412251,"PUNAT, STARA BAŠKA",Stanovanje,1-sobno,1.0,600.0,EUR,49.0,,,"49 m2, 1-sobno, oddamo. Cena: 600,00 EUR/mes",https://www.nepremicnine.net/oglasi-oddaja/punat-stara-baska-stanovanje_7412251/
7252131,"PUŠĆA, DONJA",Stanovanje,3-sobno,3.0,1250.0,EUR,100.0,,,"100 m2, 3-sobno, oddamo. Cena: 1.250,00 EUR/mes",https://www.nepremicnine.net/oglasi-oddaja/pusca-donja-stanovanje_7252131/
7293002,"PUŠĆA, DONJA",Stanovanje,3-sobno,3.0,1500.0,EUR,160.0,,,"160 m2, 3-sobno, oddamo. Cena: 1.500,00 EUR/mes",https://www.nepremicnine.net/oglasi-oddaja/pusca-donja-stanovanje_7293002/
7338855,RAČE,Stanovanje,2-sobno,2.0,300.0,EUR,60.0,1980,P,"60 m2, 2-sobno, zgrajeno l. 1980, pritličje, oddamo. Cena: do 300,00 EUR/mes",https://www.nepremicnine.net/oglasi-oddaja/race-stanovanje_7338855/
7279785,RADLJE OB DRAVI,Stanovanje,2-sobno,2.0,280.0,EUR,40.0,2005,1/2,"40 m2, 2-sobno, zgrajeno l. 2005, 1/2 nad., oddamo. Cena: 280,00 EUR/mes",https://www.nepremicnine.net/oglasi-oddaja/radlje-ob-dravi-stanovanje_7279785/
7391061,RADLJE OB DRAVI,Stanovanje,2-sobno,2.0,600.0,EUR,80.0,1985,1/1,"80 m2, 2-sobno, zgrajeno l. 1985, 1/1 nad., Stanovanje v dvodružinskih hiši oddam, oddamo. Cena: 600,00 EUR/mes",https://www.nepremicnine.net/oglasi-oddaja/radlje-ob-dravi-stanovanje_7391061/
7373298,RADOVLJICA,Stanovanje,Garsonjera,,460.0,EUR,23.0,1983,4,"23 m2, garsonjera, zgrajena l. 1983, adaptirana l. 2018, 4. nad., oddamo. Cena: 460,00 EUR/mes",https://www.nepremicnine.net/oglasi-oddaja/radovljica-stanovanje_7373298/
7385677,RADOVLJICA,Stanovanje,1-sobno,1.0,580.0,EUR,30.0,1981,4/4,"30 m2, 1-sobno, zgrajeno l. 1981, adaptirano l. 2024, 4/4 nad., Oddam enosobno stanovanje v Radovljici - Cankarjeva ulic...",https://www.nepremicnine.net/oglasi-oddaja/radovljica-stanovanje_7385677/
7413681,RADOVLJICA,Stanovanje,1-sobno,1.0,500.0,EUR,36.0,1987,VP/4,"36 m2, 1-sobno, zgrajeno l. 1987, VP/4 nad., V mirnem in prijetnem delu Radovljice se odda lepo 36 m2 veliko stanovanje,...",https://www.nepremicnine.net/oglasi-oddaja/radovljica-stanovanje_7413681/
7406665,RADOVLJICA,Stanovanje,"1,5-sobno",1.5,650.0,EUR,43.5,1634,2,"43,5 m2, 1,5-sobno, v stavbi zgrajeni l. 1634, 2. nad., oddamo. Cena: 650,00 EUR/mes",https://www.nepremicnine.net/oglasi-oddaja/radovljica-stanovanje_7406665/
7395283,RADOVLJICA,Stanovanje,2-sobno,2.0,1000.0,EUR,51.9,1997,P/3,"51,9 m2, 2-sobno, zgrajeno l. 1997, P/3 nad., Oddam v celoti opremljeno stanovanje z atrijem v Radovljici, oddamo. Cena:...",https://www.nepremicnine.net/oglasi-oddaja/radovljica-stanovanje_7395283/
7413384,"RADOVLJICA, VRTEC, BANKA, POŠTA, AVTOBUSNA POST",Stanovanje,3-sobno,3.0,1100.0,EUR,92.0,2016,3,"92 m2, 3-sobno, zgrajeno l. 2016, 3. nad., oddamo. Cena: 1.100,00 EUR/mes",https://www.nepremicnine.net/oglasi-oddaja/radovljica-vrtec-banka-posta-avtobusna-post-stanovanje_7413384/
6903376,RAKOVA JELŠA,Stanovanje,Soba,,150.0,EUR,16.0,2020,P+1,"16 m2, soba, adaptirana l. 2020, P+1, oddamo. Cena: cca 150,00 EUR/osebo na mes",https://www.nepremicnine.net/oglasi-oddaja/rakova-jelsa-stanovanje_6903376/
7411465,RAKOVA JELŠA,Stanovanje,2-sobno,2.0,300.0,EUR,50.0,1981,P/1,"50 m2, 2-sobno, zgrajeno l. 1981, adaptirano l. 2015, P/1 nad., oddamo. Cena: 300,00 EUR/osebo na mes",https://www.nepremicnine.net/oglasi-oddaja/rakova-jelsa-stanovanje_7411465/
7412128,"RAKOVA JELŠA, ANDREJA KUMARJA 37",Stanovanje,Soba,,240.0,EUR,25.0,1980,1/2,"25 m2, soba, ""penthouse"", zgrajena l. 1980, adaptirana l. 2000, 1.000 m2 zemljišča, 1/2 nad., oddamo. Cena: cc...",https://www.nepremicnine.net/oglasi-oddaja/rakova-jelsa-andreja-kumarja-37-stanovanje_7412128/
6910105,"RAKOVA JELŠA, J OBVOZNICA, KONEC OPEKARSKE",Stanovanje,Garsonjera,,550.0,EUR,22.0,2005,1/1,"22 m2, garsonjera, zgrajena l. 2005, 1/1 nad., oddamo. Cena: do cca 550,00 EUR/mes",https://www.nepremicnine.net/oglasi-oddaja/rakova-jelsa-j-obvoznica-konec-opekarske-stanovanje_6910105/
6334245,"RAKOVA JELŠA, POT NA RAKOVO JELSO",Stanovanje,Soba,,150.0,EUR,20.0,2015,P/3,"20 m2, soba, novogradnja - zgr. l. 2015, adaptirana l. 2020, P/3 nad., Soba za najem (postelje)opremljeno -prijava prebi...",https://www.nepremicnine.net/oglasi-oddaja/rakova-jelsa-pot-na-rakovo-jelso-stanovanje_6334245/
7414668,RAKOVNIK,Stanovanje,Soba,,400.0,EUR,20.0,1970,,"20 m2, soba, zgrajena l. 1970, Oddamo dvosobni prostor, oddamo. Cena: 400,00 EUR/mes",https://www.nepremicnine.net/oglasi-oddaja/rakovnik-stanovanje_7414668/
7413541,RAKOVNIK,Stanovanje,3-sobno,3.0,1200.0,EUR,104.0,2005,VP,"104 m2, 3-sobno, adaptirano l. 2005, adaptirano l. 2022, visoko pritličje, oddamo. Cena: 1.200,00 EUR/mes",https://www.nepremicnine.net/oglasi-oddaja/rakovnik-stanovanje_7413541/
7074534,"RAKOVNIK, MELIKOVA ULICA 23, LJ.",Stanovanje,Soba,,230.0,EUR,18.0,1980,P/2,"18 m2, soba, zgrajena l. 1980, adaptirana l. 2010, 250 m2 zemljišča, P/2 nad., V spodnjem delu stanovanjske hise oddamo ...",https://www.nepremicnine.net/oglasi-oddaja/rakovnik-melikova-ulica-23-lj-stanovanje_7074534/
7415271,RATANSKA VAS,Stanovanje,1-sobno,1.0,450.0,EUR,42.0,1978,3/4,"42 m2, 1-sobno, zgrajeno l. 1978, adaptirano l. 2019, 3/4 nad., oddaja, stanovanje, 1-sobno, oddamo. Cena: 450,00 EUR/me...",https://www.nepremicnine.net/oglasi-oddaja/ratanska-vas-stanovanje_7415271/
7332370,"RAVNE NA KOROŠKEM, CECOVJE2",Stanovanje,Garsonjera,,300.0,EUR,31.0,1964,10/10,"31 m2, garsonjera, zgrajena l. 1964, adaptirana l. 2022, 10/10 nad., oddamo. Cena: 300,00 EUR/mes",https://www.nepremicnine.net/oglasi-oddaja/ravne-na-koroskem-cecovje2-stanovanje_7332370/
7414747,"RAVNE NA KOROŠKEM, ČEČOVJE",Stanovanje,Garsonjera,,300.0,EUR,20.0,1972,5/5,"20 m2, garsonjera, zgrajena l. 1972, adaptirana l. 2025, 5/5 nad., v bloku, CK, za eno osebo, sprotno plačilo, varščina ...",https://www.nepremicnine.net/oglasi-oddaja/ravne-na-koroskem-cecovje-stanovanje_7414747/
7411451,"RAVNE NA KOROŠKEM, ČEČOVJE",Stanovanje,1-sobno,1.0,350.0,EUR,25.0,1980,5/5,"25 m2, 1-sobno, v stavbi zgrajeni l. 1980, 5/5 nad., V dolgoročni najem oddamo manjše stanovanje posamezniku ali paru, o...",https://www.nepremicnine.net/oglasi-oddaja/ravne-na-koroskem-cecovje-stanovanje_7411451/
7397736,"RAVNE NA KOROŠKEM, JAVORNIK",Stanovanje,2-sobno,2.0,450.0,EUR,63.0,1975,2/4,"63 m2, 2-sobno, zgrajeno l. 1975, 2/4 nad., 63 m2, 2-sobno, zgrajeno l. 1960, 2. nad., oddamo. Cena cca: 470,00 EUR/mes,...",https://www.nepremicnine.net/oglasi-oddaja/ravne-na-koroskem-javornik-stanovanje_7397736/
7363228,RETFALA,Stanovanje,2-sobno,2.0,1500.0,EUR,80.0,,,"80 m2, 2-sobno, oddamo. Cena: 1.500,00 EUR/mes",https://www.nepremicnine.net/oglasi-oddaja/retfala-stanovanje_7363228/
7391912,"RETFALA, CVJETNO NASELJE",Stanovanje,3-sobno,3.0,1000.0,EUR,110.0,,,"110 m2, 3-sobno, oddamo. Cena: 1.000,00 EUR/mes",https://www.nepremicnine.net/oglasi-oddaja/retfala-cvjetno-naselje-stanovanje_7391912/
7333169,"RETFALA, CVJETNO NASELJE",Stanovanje,2-sobno,2.0,1500.0,EUR,120.0,,,"120 m2, 2-sobno, oddamo. Cena: 1.500,00 EUR/mes",https://www.nepremicnine.net/oglasi-oddaja/retfala-cvjetno-naselje-stanovanje_7333169/
7381176,"RETFALA, CVJETNO NASELJE",Stanovanje,3-sobno,3.0,1600.0,EUR,126.0,,,"126 m2, 3-sobno, oddamo. Cena: 1.600,00 EUR/mes",https://www.nepremicnine.net/oglasi-oddaja/retfala-cvjetno-naselje-stanovanje_7381176/
7283686,"RETKOVEC, AVENIJA DUBRAVA",Stanovanje,3-sobno,3.0,1300.0,EUR,95.0,,,"95 m2, 3-sobno, oddamo. Cena: 1.300,00 EUR/mes",https://www.nepremicnine.net/oglasi-oddaja/retkovec-avenija-dubrava-stanovanje_7283686/
7254403,"RETKOVEC, DONJA DUBRAVA",Stanovanje,1-sobno,1.0,1100.0,EUR,38.0,,,"38 m2, 1-sobno, oddamo. Cena: 1.100,00 EUR/mes",https://www.nepremicnine.net/oglasi-oddaja/retkovec-donja-dubrava-stanovanje_7254403/
7252539,"RETKOVEC, DONJA DUBRAVA",Stanovanje,Drugo,,180.0,EUR,40.0,,,"40 m2, stanovanje, oddamo. Cena: 180,00 EUR/mes",https://www.nepremicnine.net/oglasi-oddaja/retkovec-donja-dubrava-stanovanje_7252539/
7252470,"RETKOVEC, DONJA DUBRAVA",Stanovanje,Drugo,,250.0,EUR,45.0,,,"45 m2, stanovanje, oddamo. Cena: 250,00 EUR/mes",https://www.nepremicnine.net/oglasi-oddaja/retkovec-donja-dubrava-stanovanje_7252470/
7309307,"RETKOVEC, DONJA DUBRAVA",Stanovanje,1-sobno,1.0,250.0,EUR,55.0,,,"55 m2, 1-sobno, oddamo. Cena: 250,00 EUR/mes",https://www.nepremicnine.net/oglasi-oddaja/retkovec-donja-dubrava-stanovanje_7309307/
7309306,"RETKOVEC, DONJA DUBRAVA",Stanovanje,1-sobno,1.0,250.0,EUR,55.0,,,"55 m2, 1-sobno, oddamo. Cena: 250,00 EUR/mes",https://www.nepremicnine.net/oglasi-oddaja/retkovec-donja-dubrava-stanovanje_7309306/
6752128,"RETKOVEC, DONJA DUBRAVA",Stanovanje,2-sobno,2.0,1300.0,EUR,61.0,,,"61 m2, 2-sobno, oddamo. Cena: 1.300,00 EUR/mes",https://www.nepremicnine.net/oglasi-oddaja/retkovec-donja-dubrava-stanovanje_6752128/
7254277,"RETKOVEC, DONJA DUBRAVA",Stanovanje,4-sobno,4.0,250.0,EUR,130.0,,,"130 m2, 4-sobno, oddamo. Cena: 250,00 EUR/mes",https://www.nepremicnine.net/oglasi-oddaja/retkovec-donja-dubrava-stanovanje_7254277/
7254215,"RETKOVEC, DONJA DUBRAVA",Stanovanje,3-sobno,3.0,250.0,EUR,160.0,,,"160 m2, 3-sobno, oddamo. Cena: 250,00 EUR/mes",https://www.nepremicnine.net/oglasi-oddaja/retkovec-donja-dubrava-stanovanje_7254215/
7394064,RIJEKA,Stanovanje,2-sobno,2.0,900.0,EUR,60.0,,,"60 m2, 2-sobno, oddamo. Cena: 900,00 EUR/mes",https://www.nepremicnine.net/oglasi-oddaja/rijeka-stanovanje_7394064/
7399455,RIJEKA,Stanovanje,2-sobno,2.0,1500.0,EUR,85.0,,,"85 m2, 2-sobno, oddamo. Cena: 1.500,00 EUR/mes",https://www.nepremicnine.net/oglasi-oddaja/rijeka-stanovanje_7399455/
7399474,RIJEKA,Stanovanje,2-sobno,2.0,1200.0,EUR,100.0,,,"100 m2, 2-sobno, oddamo. Cena: 1.200,00 EUR/mes",https://www.nepremicnine.net/oglasi-oddaja/rijeka-stanovanje_7399474/
7399456,RIJEKA,Stanovanje,2-sobno,2.0,1200.0,EUR,100.0,,,"100 m2, 2-sobno, oddamo. Cena: 1.200,00 EUR/mes",https://www.nepremicnine.net/oglasi-oddaja/rijeka-stanovanje_7399456/
7399459,RIJEKA,Stanovanje,2-sobno,2.0,1200.0,EUR,100.0,,,"100 m2, 2-sobno, oddamo. Cena: 1.200,00 EUR/mes",https://www.nepremicnine.net/oglasi-oddaja/rijeka-stanovanje_7399459/
7399454,RIJEKA,Stanovanje,2-sobno,2.0,1200.0,EUR,100.0,,,"100 m2, 2-sobno, oddamo. Cena: 1.200,00 EUR/mes",https://www.nepremicnine.net/oglasi-oddaja/rijeka-stanovanje_7399454/
7303405,RIŽANA,Stanovanje,2-sobno,2.0,500.0,EUR,45.0,1960,P/2,"45 m2, 2-sobno, zgrajeno l. 1960, adaptirano l. 2010, 200 m2 zemljišča, P/2 nad., Oddam dvosobno stanovanje v Rižani, op...",https://www.nepremicnine.net/oglasi-oddaja/rizana-stanovanje_7303405/
7413420,RODICA,Stanovanje,Apartma,,800.0,EUR,50.0,2021,PK,"50 m2, apartma, zgrajen l. 2021, polklet, oddamo. Cena: 800,00 EUR/mes",https://www.nepremicnine.net/oglasi-oddaja/rodica-stanovanje_7413420/
6993932,ROGAŠKA SLATINA,Stanovanje,Garsonjera,,300.0,EUR,22.0,1965,P/4,"22 m2, garsonjera, zgrajena l. 1965, adaptirana l. 2023, P/4 nad., oddamo. Cena: 300,00 EUR/mes",https://www.nepremicnine.net/oglasi-oddaja/rogaska-slatina-stanovanje_6993932/
7379636,ROGAŠKA SLATINA,Stanovanje,3-sobno,3.0,750.0,EUR,79.0,2006,3/4,"79 m2, 3-sobno, zgrajeno l. 2006, adaptirano l. 2025, 3/4 nad., oddamo. Cena: cca 750,00 EUR/mes",https://www.nepremicnine.net/oglasi-oddaja/rogaska-slatina-stanovanje_7379636/
7411306,"ROGATEC, TRG9",Stanovanje,2-sobno,2.0,350.0,EUR,31.0,1970,P,"31 m2, 2-sobno, zgrajeno l. 1970, pritličje, oddamo. Cena: 350,00 EUR/mes",https://www.nepremicnine.net/oglasi-oddaja/rogatec-trg9-stanovanje_7411306/
6693180,ROŽNA DOLINA,Stanovanje,2-sobno,2.0,800.0,EUR,43.8,1903,,"43,8 m2, 2-sobno, zgrajeno l. 1903, adaptirano l. 2019, manjša terasa, v mnjšem večstanovanjskem objektu, na čudoviti, v...",https://www.nepremicnine.net/oglasi-oddaja/rozna-dolina-stanovanje_6693180/
7395670,ROŽNA DOLINA,Stanovanje,2-sobno,2.0,1200.0,EUR,53.6,1977,1/2,"53,6 m2, 2-sobno, zgrajeno l. 1977, adaptirano l. 2024, 1/2 nad., Svetlo, popolnoma prenovljeno 2-sobno stanovanje z bal...",https://www.nepremicnine.net/oglasi-oddaja/rozna-dolina-stanovanje_7395670/
7394494,ROŽNA DOLINA,Stanovanje,2-sobno,2.0,800.0,EUR,68.2,1932,VP/1,"68,2 m2, 2-sobno, zgrajeno l. 1932, adaptirano l. 2026, VP/1 nad., oddamo. Cena: 800,00 EUR/mes",https://www.nepremicnine.net/oglasi-oddaja/rozna-dolina-stanovanje_7394494/
7398199,ROŽNA DOLINA,Stanovanje,3-sobno,3.0,900.0,EUR,90.0,1986,1/1,"90 m2, 3-sobno, zgrajeno l. 1986, adaptirano l. 2026, 600 m2 zemljišča, 1/1 nad., oddamo. Cena: 900,00 EUR/mes",https://www.nepremicnine.net/oglasi-oddaja/rozna-dolina-stanovanje_7398199/
7364951,ROŽNA DOLINA,Stanovanje,"2,5-sobno",2.5,1400.0,EUR,91.18,1962,,"91,18 m2, 2,5-sobno, zgrajeno l. 1962, adaptirano l. 2023, oddamo. Cena: 1.400,00 EUR/mes",https://www.nepremicnine.net/oglasi-oddaja/rozna-dolina-stanovanje_7364951/
7307622,ROŽNA DOLINA,Stanovanje,3-sobno,3.0,2495.0,EUR,116.2,2015,1,"116,2 m2, 3-sobno, zgrajeno l. 2015, 1. nad., Fantastična, mirna in zelena lokacija in zelo prijetno stanovanje v manjše...",https://www.nepremicnine.net/oglasi-oddaja/rozna-dolina-stanovanje_7307622/
6815629,ROŽNA DOLINA,Stanovanje,4-sobno,4.0,3300.0,EUR,129.0,2021,1,"129 m2, 4-sobno, zgrajeno l. 2021, 1. nad., Luksuzno stanovanje z najlepšim pogledom, oddamo. Cena: 3.300,00 EUR/mes",https://www.nepremicnine.net/oglasi-oddaja/rozna-dolina-stanovanje_6815629/
7127445,ROŽNA DOLINA,Stanovanje,4-sobno,4.0,3500.0,EUR,142.9,2013,P/2,"142,9 m2, 4-sobno, zgrajeno l. 2013, P/2 nad., oddamo. Cena: 3.500,00 EUR/mes",https://www.nepremicnine.net/oglasi-oddaja/rozna-dolina-stanovanje_7127445/
7128384,ROŽNA DOLINA,Stanovanje,4-sobno,4.0,3200.0,EUR,158.7,2025,1/2,"158,7 m2, 4-sobno, novogradnja - zgr. l. 2025, 1/2 nad., Stanovanje se še dokončuje in opremlja z kuhinjo, veliko omaro ...",https://www.nepremicnine.net/oglasi-oddaja/rozna-dolina-stanovanje_7128384/
7358616,ROŽNA DOLINA,Stanovanje,4-sobno,4.0,4300.0,EUR,201.5,2011,,"201,5 m2, 4-sobno, zgrajeno l. 2011, ekskluziven 4-sobni penthouse, oddamo. Cena: 4.300,00 EUR/mes",https://www.nepremicnine.net/oglasi-oddaja/rozna-dolina-stanovanje_7358616/
7277309,"ROŽNA DOLINA, BRDO, VIČ, VRHOVCI, GRBINA",Stanovanje,3-sobno,3.0,1650.0,EUR,110.0,2018,2/2,"110 m2, 3-sobno, zgrajeno l. 2018, 12 m2 zemljišča, 2/2 nad., Oddamo 3 sobno stanovanje, Skupne površine 110 m2,87 m2 bi...",https://www.nepremicnine.net/oglasi-oddaja/rozna-dolina-brdo-vic-vrhovci-grbina-stanovanje_7277309/
6898258,"ROŽNA DOLINA, CENTER ROŽNE DOLINE, 4S, 2PM",Stanovanje,4-sobno,4.0,2900.0,EUR,133.48,2024,3/4,"133,48 m2, 4-sobno, zgrajeno l. 2024, 3/4 nad., oddamo. Cena: 2.900,00 EUR/mes",https://www.nepremicnine.net/oglasi-oddaja/rozna-dolina-center-rozne-doline-4s-2pm-stanovanje_6898258/
7389220,"ROŽNA DOLINA, CESTA IV 7A",Stanovanje,Soba,,450.0,EUR,20.0,2005,2/3,"20 m2, soba, zgrajena l. 2005, 2/3 nad., Oddamo ležišče v deljeni sobi, vsi stroški vključeno v ceno, oddamo. Cena: do 4...",https://www.nepremicnine.net/oglasi-oddaja/rozna-dolina-cesta-iv-7a-stanovanje_7389220/
7389150,"ROŽNA DOLINA, CESTA IX 41",Stanovanje,Soba,,350.0,EUR,15.0,2019,2/3,"15 m2, soba, zgrajena l. 2019, 2/3 nad., Oddamo ležišče v sobi za dve osebi (tri sobe v stanovanju, ki si delijo kuhinjo...",https://www.nepremicnine.net/oglasi-oddaja/rozna-dolina-cesta-ix-41-stanovanje_7389150/
7389227,"ROŽNA DOLINA, CESTA V 14",Stanovanje,Soba,,310.0,EUR,12.0,2000,3/3,"12 m2, soba, zgrajena l. 2000, 3/3 nad., Oddamo ležišče v dvoposteljni sobi z deljenimi skupnimi prostori (kuhinja, jedi...",https://www.nepremicnine.net/oglasi-oddaja/rozna-dolina-cesta-v-14-stanovanje_7389227/
7389232,"ROŽNA DOLINA, CESTA V 24",Stanovanje,Soba,,290.0,EUR,19.0,2000,,"19 m2, soba, zgrajena l. 2000, Oddamo ležišče v dvoposteljni ali triposteljni sobi z deljenimi skupnimi prostori (kuhinj...",https://www.nepremicnine.net/oglasi-oddaja/rozna-dolina-cesta-v-24-stanovanje_7389232/
7410731,"ROŽNA DOLINA, CESTA XVII",Stanovanje,"2,5-sobno",2.5,1550.0,EUR,55.0,1960,1/3,"55 m2, 2,5-sobno, zgrajeno l. 1960, adaptirano l. 2020, 800 m2 zemljišča, 1/3 nad., Moderno, popolnoma opremljeno stanov...",https://www.nepremicnine.net/oglasi-oddaja/rozna-dolina-cesta-xvii-stanovanje_7410731/
7336946,"ROŽNA DOLINA, CESTA XVII 23, 1000",Stanovanje,"2,5-sobno",2.5,1550.0,EUR,55.0,1960,1/3,"55 m2, 2,5-sobno, zgrajeno l. 1960, 600 m2 zemljišča, 1/3 nad., popolnoma opremljeno moderno stanovanje z veliko teraso,...",https://www.nepremicnine.net/oglasi-oddaja/rozna-dolina-cesta-xvii-23-1000-stanovanje_7336946/
7088181,"ROŽNA DOLINA, SVETLO STANOVANJE",Stanovanje,4-sobno,4.0,1980.0,EUR,95.4,2011,1,"95,4 m2, 4-sobno, zgrajeno l. 2011, 1. nad., oddamo. Cena: 1.980,00 EUR/mes",https://www.nepremicnine.net/oglasi-oddaja/rozna-dolina-svetlo-stanovanje-stanovanje_7088181/
7332314,"RUDES - LJUBLJANICA, HANAMANOVA",Stanovanje,1-sobno,1.0,650.0,EUR,52.0,,,"52 m2, 1-sobno, oddamo. Cena: 650,00 EUR/mes",https://www.nepremicnine.net/oglasi-oddaja/rudes-ljubljanica-hanamanova-stanovanje_7332314/
7359570,"RUDES - LJUBLJANICA, KUSTOŠIJA",Stanovanje,2-sobno,2.0,900.0,EUR,65.0,,,"65 m2, 2-sobno, oddamo. Cena: 900,00 EUR/mes",https://www.nepremicnine.net/oglasi-oddaja/rudes-ljubljanica-kustosija-stanovanje_7359570/
7383149,"RUDES - LJUBLJANICA, KUSTOŠIJA",Stanovanje,2-sobno,2.0,1000.0,EUR,80.0,,,"80 m2, 2-sobno, oddamo. Cena: 1.000,00 EUR/mes",https://www.nepremicnine.net/oglasi-oddaja/rudes-ljubljanica-kustosija-stanovanje_7383149/
6881475,"RUDES - LJUBLJANICA, RUDEŠ",Stanovanje,3-sobno,3.0,2000.0,EUR,110.0,,,"110 m2, 3-sobno, oddamo. Cena: 2.000,00 EUR/mes",https://www.nepremicnine.net/oglasi-oddaja/rudes-ljubljanica-rudes-stanovanje_6881475/
7361080,"RUDES - LJUBLJANICA, RUDEŠ, TREŠNJEVKA - SJEVER",Stanovanje,1-sobno,1.0,800.0,EUR,44.0,,,"44 m2, 1-sobno, oddamo. Cena: 800,00 EUR/mes",https://www.nepremicnine.net/oglasi-oddaja/rudes-ljubljanica-rudes-tresnjevka-sjever-stanovanje_7361080/
7252170,"RUDES - LJUBLJANICA, RUDEŠ, TREŠNJEVKA - SJEVER",Stanovanje,2-sobno,2.0,200.0,EUR,46.0,,,"46 m2, 2-sobno, oddamo. Cena: 200,00 EUR/mes",https://www.nepremicnine.net/oglasi-oddaja/rudes-ljubljanica-rudes-tresnjevka-sjever-stanovanje_7252170/
7252380,"RUDES - LJUBLJANICA, RUDEŠ, TREŠNJEVKA - SJEVER",Stanovanje,1-sobno,1.0,180.0,EUR,50.0,,,"50 m2, 1-sobno, oddamo. Cena: 180,00 EUR/mes",https://www.nepremicnine.net/oglasi-oddaja/rudes-ljubljanica-rudes-tresnjevka-sjever-stanovanje_7252380/
7243201,"RUDES - LJUBLJANICA, VOLTINO, TREŠNJEVKA - SJEVER",Stanovanje,2-sobno,2.0,220.0,EUR,80.0,,,"80 m2, 2-sobno, oddamo. Cena: 220,00 EUR/mes",https://www.nepremicnine.net/oglasi-oddaja/rudes-ljubljanica-voltino-tresnjevka-sjever-stanovanje_7243201/
7375713,RUDNIK,Stanovanje,Soba,,400.0,EUR,10.4,1980,PK/2,"10,4 m2, soba, zgrajena l. 1980, PK/2 nad., oddamo. Cena: 400,00 EUR/mes",https://www.nepremicnine.net/oglasi-oddaja/rudnik-stanovanje_7375713/
7375718,RUDNIK,Stanovanje,Soba,,400.0,EUR,10.8,1980,1/1,"10,8 m2, soba, zgrajena l. 1980, adaptirana l. 2023, 1/1 nad., oddamo. Cena: 400,00 EUR/mes",https://www.nepremicnine.net/oglasi-oddaja/rudnik-stanovanje_7375718/
7369730,RUDNIK,Stanovanje,Soba,,250.0,EUR,13.12,1980,P/1,"13,12 m2, soba, zgrajena l. 1980, adaptirana l. 2023, P/1 nad., oddamo. Cena: 250,00 EUR/mes",https://www.nepremicnine.net/oglasi-oddaja/rudnik-stanovanje_7369730/
7375294,RUDNIK,Stanovanje,Soba,,600.0,EUR,15.0,2020,P/1,"15 m2, soba, adaptirana l. 2020, P/1 nad., Soba - primerna za enega ali dva študenta/ke, oddamo. Cena: 600,00 EUR/mes",https://www.nepremicnine.net/oglasi-oddaja/rudnik-stanovanje_7375294/
7411420,RUDNIK,Stanovanje,2-sobno,2.0,700.0,EUR,32.0,1954,1,"32 m2, 2-sobno, zgrajeno l. 1954, adaptirano l. 2020, 1. nad., oddamo. Cena: 700,00 EUR/mes",https://www.nepremicnine.net/oglasi-oddaja/rudnik-stanovanje_7411420/
7400506,RUDNIK,Stanovanje,2-sobno,2.0,850.0,EUR,36.0,2025,P/2,"36 m2, 2-sobno, adaptirano l. 2025, 36 m2 zemljišča, P/2 nad., Gornji Rudnik II2-sobno stanovanje 36 m22-sobno stanovanj...",https://www.nepremicnine.net/oglasi-oddaja/rudnik-stanovanje_7400506/
7356441,RUDNIK,Stanovanje,2-sobno,2.0,1150.0,EUR,60.0,2021,P/2,"60 m2, 2-sobno, novogradnja - zgr. l. 2021, P/2 nad., oddamo. Cena: 1.150,00 EUR/mes",https://www.nepremicnine.net/oglasi-oddaja/rudnik-stanovanje_7356441/
7383968,RUDNIK,Stanovanje,3-sobno,3.0,1250.0,EUR,68.0,2021,1,"68 m2, 3-sobno, zgrajeno l. 2021, 1. nad., oddamo. Cena: 1.250,00 EUR/mes",https://www.nepremicnine.net/oglasi-oddaja/rudnik-stanovanje_7383968/
7409560,RUDNIK,Stanovanje,3-sobno,3.0,1250.0,EUR,68.0,2022,1/2,"68 m2, 3-sobno, zgrajeno l. 2022, 1/2 nad., oddamo. Cena: 1.250,00 EUR/mes",https://www.nepremicnine.net/oglasi-oddaja/rudnik-stanovanje_7409560/
7412710,RUDNIK,Stanovanje,3-sobno,3.0,1000.0,EUR,70.0,2026,1/2,"70 m2, 3-sobno, adaptirano l. 2026, 1/2 nad., Oddam stanovanje na Rudniku, oddamo. Cena: 1.000,00 EUR/mes",https://www.nepremicnine.net/oglasi-oddaja/rudnik-stanovanje_7412710/
7409963,RUDNIK,Stanovanje,3-sobno,3.0,1150.0,EUR,85.0,1975,,"85 m2, 3-sobno, zgrajeno l. 1975, Oddamo prostorno 3-sobno stanovanje cca. 85 m2 v mirnem delu Rudnika - brez agencije, ...",https://www.nepremicnine.net/oglasi-oddaja/rudnik-stanovanje_7409963/
7395526,RUDNIK,Stanovanje,"2,5-sobno",2.5,1900.0,EUR,85.9,2026,P/3,"85,9 m2, 2,5-sobno, zgrajeno l. 2026, P/3 nad., oddaja - novogradnja - jurčkovo naselje, ljubljana, oddamo. Cena: 1.900,...",https://www.nepremicnine.net/oglasi-oddaja/rudnik-stanovanje_7395526/
7374540,RUDNIK,Stanovanje,3-sobno,3.0,1950.0,EUR,101.0,2026,3/3,"101 m2, 3-sobno, zgrajeno l. 2026, 3/3 nad., Redka priložnost - ekskluzivni penthouse za najem v najbolj zeleni soseski ...",https://www.nepremicnine.net/oglasi-oddaja/rudnik-stanovanje_7374540/
6882060,RUDNIK,Stanovanje,"3,5-sobno",3.5,2000.0,EUR,134.0,2015,P,"134 m2, 3,5-sobno, dupleks, zgrajeno l. 2015, 90 m2 zemljišča, pritličje, Oddaja duplex stanovanja s prostornim atrijem ...",https://www.nepremicnine.net/oglasi-oddaja/rudnik-stanovanje_6882060/
7407524,RUDNIK,Stanovanje,"4,5-sobno",4.5,1250.0,EUR,160.0,1954,1,"160 m2, 4,5-sobno, zgrajeno l. 1954, adaptirano l. 2020, 1. nad., oddamo. Cena: 1.250,00 EUR/mes",https://www.nepremicnine.net/oglasi-oddaja/rudnik-stanovanje_7407524/
6969202,"RUDNIK, ČRNA VAS",Stanovanje,2-sobno,2.0,900.0,EUR,41.0,2024,1/2,"41 m2, 2-sobno, zgrajeno l. 2024, 1/2 nad., ugodna lokacija, za posameznika(co), par ali 2 študenta(ki), oddamo. Cena: 9...",https://www.nepremicnine.net/oglasi-oddaja/rudnik-crna-vas-stanovanje_6969202/
7414322,"RUDNIK, IŽANSKA CESTA",Stanovanje,Garsonjera,,400.0,EUR,22.0,2006,P/2,"22 m2, garsonjera, zgrajena l. 2006, adaptirana l. 2025, P/2 nad., oddamo. Cena: 400,00 EUR/mes",https://www.nepremicnine.net/oglasi-oddaja/rudnik-izanska-cesta-stanovanje_7414322/
7411380,"RUDNIK, JURCKOVE VILE",Stanovanje,3-sobno,3.0,1200.0,EUR,77.7,2011,2/2,"77,7 m2, 3-sobno, zgrajeno l. 2011, 2/2 nad., oddamo. Cena: 1.200,00 EUR/mes",https://www.nepremicnine.net/oglasi-oddaja/rudnik-jurckove-vile-stanovanje_7411380/
7409384,"RUDNIK, JURČKOVA CESTA",Stanovanje,Garsonjera,,650.0,EUR,30.0,2000,P/2,"30 m2, garsonjera, zgrajena l. 2000, adaptirana l. 2026, P/2 nad., oddamo. Cena: 650,00 EUR/mes",https://www.nepremicnine.net/oglasi-oddaja/rudnik-jurckova-cesta-stanovanje_7409384/
7102794,"RUDNIK, JURČKOVA CESTA",Stanovanje,2-sobno,2.0,1150.0,EUR,73.0,1980,2/2,"73 m2, 2-sobno, zgrajeno l. 1980, adaptirano l. 2022, 2/2 nad., oddamo. Cena: 1.150,00 EUR/mes",https://www.nepremicnine.net/oglasi-oddaja/rudnik-jurckova-cesta-stanovanje_7102794/
7375069,"RUDNIK, JURČKOVO NASELJE",Stanovanje,1-sobno,1.0,1450.0,EUR,65.0,2026,1/3,"65 m2, 1-sobno, zgrajeno l. 2026, 1/3 nad., Oddaja novega, vrhunsko opremljenega stanovanja - Jurčkovo naselje, oddamo. ...",https://www.nepremicnine.net/oglasi-oddaja/rudnik-jurckovo-naselje-stanovanje_7375069/
7413012,"RUDNIK, LJ.",Stanovanje,2-sobno,2.0,950.0,EUR,52.0,2010,1/2,"52 m2, 2-sobno, zgrajeno l. 2010, 1/2 nad., Dobra lokacija, mirna soseska, moderno opremljeno, svetlo stanovanje, lastni...",https://www.nepremicnine.net/oglasi-oddaja/rudnik-lj-stanovanje_7413012/
7392093,"RUDNIK, LJ. VIČ - IŽANSKA C",Stanovanje,3-sobno,3.0,1350.0,EUR,68.0,2026,2/2,"68 m2, 3-sobno, poslovni apartma, zgrajeno l. 2026, 2/2 nad., svetlo, moderno, v celoti opremljeno mansardno 3-sobno sta...",https://www.nepremicnine.net/oglasi-oddaja/rudnik-lj-vic-izanska-c-stanovanje_7392093/
7367645,"RUDNIK, MODERNA SOSESKA",Stanovanje,2-sobno,2.0,1600.0,EUR,87.4,2026,1/3,"87,4 m2, 2-sobno, zgrajeno l. 2026, 1/3 nad., oddamo. Cena: 1.600,00 EUR/mes",https://www.nepremicnine.net/oglasi-oddaja/rudnik-moderna-soseska-stanovanje_7367645/
7243431,"RUGVICA, ČISTA MLAKA",Stanovanje,2-sobno,2.0,200.0,EUR,90.0,,,"90 m2, 2-sobno, oddamo. Cena: 200,00 EUR/mes",https://www.nepremicnine.net/oglasi-oddaja/rugvica-cista-mlaka-stanovanje_7243431/
7252514,"RUGVICA, NART SAVSKI",Stanovanje,5 in večsobno,,200.0,EUR,80.0,,,"80 m2, 5 in večsobno, oddamo. Cena: 200,00 EUR/mes",https://www.nepremicnine.net/oglasi-oddaja/rugvica-nart-savski-stanovanje_7252514/
7400362,RUŠE,Stanovanje,Garsonjera,,400.0,EUR,15.8,2026,P,"15,8 m2, garsonjera, adaptirana l. 2026, pritličje, oddamo. Cena: cca 400,00 EUR/mes",https://www.nepremicnine.net/oglasi-oddaja/ruse-stanovanje_7400362/
7375878,"RUZMARINKA, DONJI GRAD",Stanovanje,3-sobno,3.0,1800.0,EUR,115.0,,,"115 m2, 3-sobno, oddamo. Cena: 1.800,00 EUR/mes",https://www.nepremicnine.net/oglasi-oddaja/ruzmarinka-donji-grad-stanovanje_7375878/
7305103,"RUZMARINKA, ŠULEKOVA",Stanovanje,1-sobno,1.0,750.0,EUR,35.0,,,"35 m2, 1-sobno, oddamo. Cena: 750,00 EUR/mes",https://www.nepremicnine.net/oglasi-oddaja/ruzmarinka-sulekova-stanovanje_7305103/
7315217,"SAVLJE, KOSOVA ULICA 20",Stanovanje,Soba,,370.0,EUR,14.0,2020,1/1,"14 m2, soba, adaptirana l. 2020, 1/1 nad., 12 m2, soba z balkonom, adaptirana l. 2025, 1/1 nad., mirna lokacija, oddamo....",https://www.nepremicnine.net/oglasi-oddaja/savlje-kosova-ulica-20-stanovanje_7315217/
7391032,SAVSKO NASELJE,Stanovanje,Soba,,300.0,EUR,12.0,1970,6/6,"12 m2, soba, zgrajena l. 1970, adaptirana l. 2023, 6/6 nad., Lokacija Savsko naselje, soba, urejeno, vseljivo takoj, odd...",https://www.nepremicnine.net/oglasi-oddaja/savsko-naselje-stanovanje_7391032/
6994506,SAVSKO NASELJE,Stanovanje,Soba,,300.0,EUR,20.0,1958,4/5,"20 m2, soba, zgrajena l. 1958, adaptirana l. 2024, 4/5 nad., Stanovanje je primerno za 4 osebe - dve dvoposteljni spalni...",https://www.nepremicnine.net/oglasi-oddaja/savsko-naselje-stanovanje_6994506/
7408394,SAVSKO NASELJE,Stanovanje,Soba,,470.0,EUR,22.0,1956,VP/2,"22 m2, soba, zgrajena l. 1956, adaptirana l. 2023, VP/2 nad., V Savskem naselju oddam samostojno bivalno enoto, ki zajem...",https://www.nepremicnine.net/oglasi-oddaja/savsko-naselje-stanovanje_7408394/
7413997,SAVSKO NASELJE,Stanovanje,2-sobno,2.0,1300.0,EUR,65.0,2006,3/5,"65 m2, 2-sobno, zgrajeno l. 2006, adaptirano l. 2026, 3/5 nad., oddamo. Cena: 1.300,00 EUR/mes",https://www.nepremicnine.net/oglasi-oddaja/savsko-naselje-stanovanje_7413997/
7386770,SAVSKO NASELJE,Stanovanje,"2,5-sobno",2.5,1200.0,EUR,69.0,1958,4/6,"69 m2, 2,5-sobno, zgrajeno l. 1958, 4/6 nad., oddamo. Cena: 1.200,00 EUR/mes",https://www.nepremicnine.net/oglasi-oddaja/savsko-naselje-stanovanje_7386770/
7400357,SAVSKO NASELJE,Stanovanje,3-sobno,3.0,1280.0,EUR,90.5,1972,15,"90,5 m2, 3-sobno, zgrajeno l. 1972, adaptirano l. 2026, 15. nad., Odamo svetlo in prostorno 3-sobno stanovanje v 15. nad...",https://www.nepremicnine.net/oglasi-oddaja/savsko-naselje-stanovanje_7400357/
7411804,"SAVSKO NASELJE, BEŽIGRAD",Stanovanje,2-sobno,2.0,880.0,EUR,56.0,2002,4/6,"56 m2, 2-sobno, zgrajeno l. 2002, 4/6 nad., oddamo. Cena: 880,00 EUR/mes",https://www.nepremicnine.net/oglasi-oddaja/savsko-naselje-bezigrad-stanovanje_7411804/
7405377,"SAVSKO NASELJE, LINHARTOVA CESTA, 1 NADSTROPJE",Stanovanje,Soba,,450.0,EUR,20.0,2016,1/15,"20 m2, soba, adaptirana l. 2016, 84 m2 zemljišča, 1/15 nad., Oddamo sobo z zakonsko posteljo in lastno kopalnico. Soupor...",https://www.nepremicnine.net/oglasi-oddaja/savsko-naselje-linhartova-cesta-1-nadstropje-stanovanje_7405377/
7383906,"SAVSKO NASELJE, PAKIRNO MESTO",Stanovanje,3-sobno,3.0,1100.0,EUR,69.2,1959,,"69,2 m2, 3-sobno, zgrajeno l. 1959, oddamo. Cena: 1.100,00 EUR/mes",https://www.nepremicnine.net/oglasi-oddaja/savsko-naselje-pakirno-mesto-stanovanje_7383906/
7369691,"SAVSKO NASELJE, SAVSKA CESTA, LJ.",Stanovanje,Drugo,,1490.0,EUR,75.0,2006,P,"75 m2, stanovanje, zgrajeno l. 2006, 61 m2 zemljišča, pritličje, Luksuzno stanovanje na odlični lokacij. Vseljivo takoj,...",https://www.nepremicnine.net/oglasi-oddaja/savsko-naselje-savska-cesta-lj-stanovanje_7369691/
7330915,SAVUDRIJA,Stanovanje,3-sobno,3.0,10000.0,EUR,85.0,2010,1/2,"85 m2, 3-sobno, zgrajeno l. 2010, 1/2 nad., oddamo. Cena: 10.000,00 EUR/l.",https://www.nepremicnine.net/oglasi-oddaja/savudrija-stanovanje_7330915/
7283974,"SAVUDRIJA, ZAMBRATIJA, CRVENI VRH",Stanovanje,1-sobno,1.0,1900.0,EUR,64.0,,,"64 m2, 1-sobno, oddamo. Cena: 1.900,00 EUR/mes",https://www.nepremicnine.net/oglasi-oddaja/savudrija-zambratija-crveni-vrh-stanovanje_7283974/
7371970,"SAVUDRIJA, ZAMBRATIJA, CRVENI VRH",Stanovanje,2-sobno,2.0,2500.0,EUR,92.0,,,"92 m2, 2-sobno, oddamo. Cena: 2.500,00 EUR/mes",https://www.nepremicnine.net/oglasi-oddaja/savudrija-zambratija-crveni-vrh-stanovanje_7371970/
7347437,SEČA,Stanovanje,2-sobno,2.0,700.0,EUR,55.0,2010,P/1,"55 m2, 2-sobno, zgrajeno l. 2010, adaptirano l. 2024, P/1 nad., oddamo. Cena: 700,00 EUR/mes",https://www.nepremicnine.net/oglasi-oddaja/seca-stanovanje_7347437/
7394492,SEČOVLJE,Stanovanje,Garsonjera,,550.0,EUR,35.0,2023,P,"35 m2, garsonjera, zgrajena l. 2023, 250 m2 zemljišča, pritličje, oddamo. Cena: 550,00 EUR/mes",https://www.nepremicnine.net/oglasi-oddaja/secovlje-stanovanje_7394492/
7411459,SEČOVLJE,Stanovanje,1-sobno,1.0,800.0,EUR,43.0,2026,P/2,"43 m2, 1-sobno, adaptirano l. 2026, P/2 nad., oddamo. Cena: cca 800,00 EUR/mes",https://www.nepremicnine.net/oglasi-oddaja/secovlje-stanovanje_7411459/
7283575,"SEGET, DONJI",Stanovanje,2-sobno,2.0,1200.0,EUR,67.0,,,"67 m2, 2-sobno, oddamo. Cena: 1.200,00 EUR/mes",https://www.nepremicnine.net/oglasi-oddaja/seget-donji-stanovanje_7283575/
7403208,"SELA PRI DOLENJSKIH TOPLICAH, MIRNA LEPA LOKACIJA OKTOBRA",Stanovanje,2-sobno,2.0,650.0,EUR,60.0,1990,K+P,"60 m2, 2-sobno, zgrajeno l. 1990, adaptirano l. 2019, 75.000 m2 zemljišča, K+P, oddamo. Cena: cca 650,00 EUR/mes",https://www.nepremicnine.net/oglasi-oddaja/sela-pri-dolenjskih-toplicah-mirna-lepa-lokacija-oktobra-stanovanje_7403208/
7413370,"SELE - DEL, STARI TRG 269, 2380 SLOVENJ GRAD",Stanovanje,Soba,,300.0,EUR,20.0,2025,P/2,"20 m2, soba, adaptirana l. 2025, 800 m2 zemljišča, P/2 nad., oddamo. Cena: cca 300,00 EUR/mes",https://www.nepremicnine.net/oglasi-oddaja/sele-del-stari-trg-269-2380-slovenj-grad-stanovanje_7413370/
7365170,SESTINE - MLINOVI,Stanovanje,1-sobno,1.0,800.0,EUR,54.0,2008,,"54 m2, 1-sobno, zgrajeno l. 2008, oddamo. Cena: 800,00 EUR/mes",https://www.nepremicnine.net/oglasi-oddaja/sestine-mlinovi-stanovanje_7365170/
7376756,SESTINE - MLINOVI,Stanovanje,1-sobno,1.0,900.0,EUR,55.0,,,"55 m2, 1-sobno, oddamo. Cena: 900,00 EUR/mes",https://www.nepremicnine.net/oglasi-oddaja/sestine-mlinovi-stanovanje_7376756/
7335876,SESTINE - MLINOVI,Stanovanje,1-sobno,1.0,800.0,EUR,58.0,,,"58 m2, 1-sobno, oddamo. Cena: 800,00 EUR/mes",https://www.nepremicnine.net/oglasi-oddaja/sestine-mlinovi-stanovanje_7335876/
7350109,SESTINE - MLINOVI,Stanovanje,2-sobno,2.0,1200.0,EUR,85.0,,,"85 m2, 2-sobno, oddamo. Cena: 1.200,00 EUR/mes",https://www.nepremicnine.net/oglasi-oddaja/sestine-mlinovi-stanovanje_7350109/
7382232,SESTINE - MLINOVI,Stanovanje,2-sobno,2.0,1100.0,EUR,93.0,,,"93 m2, 2-sobno, oddamo. Cena: 1.100,00 EUR/mes",https://www.nepremicnine.net/oglasi-oddaja/sestine-mlinovi-stanovanje_7382232/
7370491,SESTINE - MLINOVI,Stanovanje,3-sobno,3.0,1300.0,EUR,95.0,,,"95 m2, 3-sobno, oddamo. Cena: 1.300,00 EUR/mes",https://www.nepremicnine.net/oglasi-oddaja/sestine-mlinovi-stanovanje_7370491/
7367044,SESTINE - MLINOVI,Stanovanje,3-sobno,3.0,2000.0,EUR,120.0,2010,,"120 m2, 3-sobno, zgrajeno l. 2010, oddamo. Cena: 2.000,00 EUR/mes",https://www.nepremicnine.net/oglasi-oddaja/sestine-mlinovi-stanovanje_7367044/
7383221,SESTINE - MLINOVI,Stanovanje,2-sobno,2.0,1600.0,EUR,126.0,,,"126 m2, 2-sobno, oddamo. Cena: 1.600,00 EUR/mes",https://www.nepremicnine.net/oglasi-oddaja/sestine-mlinovi-stanovanje_7383221/
7076964,SESTINE - MLINOVI,Stanovanje,3-sobno,3.0,1450.0,EUR,130.0,,,"130 m2, 3-sobno, oddamo. Cena: 1.450,00 EUR/mes",https://www.nepremicnine.net/oglasi-oddaja/sestine-mlinovi-stanovanje_7076964/
7283186,SESTINE - MLINOVI,Stanovanje,4-sobno,4.0,2900.0,EUR,152.0,,,"152 m2, 4-sobno, oddamo. Cena: 2.900,00 EUR/mes",https://www.nepremicnine.net/oglasi-oddaja/sestine-mlinovi-stanovanje_7283186/
7269881,SESTINE - MLINOVI,Stanovanje,3-sobno,3.0,3000.0,EUR,160.0,2009,,"160 m2, 3-sobno, zgrajeno l. 2009, oddamo. Cena: 3.000,00 EUR/mes",https://www.nepremicnine.net/oglasi-oddaja/sestine-mlinovi-stanovanje_7269881/
7268548,SESTINE - MLINOVI,Stanovanje,3-sobno,3.0,3000.0,EUR,240.0,2005,,"240 m2, 3-sobno, zgrajeno l. 2005, oddamo. Cena: 3.000,00 EUR/mes",https://www.nepremicnine.net/oglasi-oddaja/sestine-mlinovi-stanovanje_7268548/
7334956,SESTINE - MLINOVI,Stanovanje,4-sobno,4.0,2200.0,EUR,250.0,,,"250 m2, 4-sobno, oddamo. Cena: 2.200,00 EUR/mes",https://www.nepremicnine.net/oglasi-oddaja/sestine-mlinovi-stanovanje_7334956/
7326870,"SESTINE - MLINOVI, DEDIĆI",Stanovanje,2-sobno,2.0,1500.0,EUR,102.0,,,"102 m2, 2-sobno, oddamo. Cena: 1.500,00 EUR/mes",https://www.nepremicnine.net/oglasi-oddaja/sestine-mlinovi-dedici-stanovanje_7326870/
7395428,"SESTINE - MLINOVI, ŠESTINE",Stanovanje,2-sobno,2.0,1050.0,EUR,102.0,,,"102 m2, 2-sobno, oddamo. Cena: 1.050,00 EUR/mes",https://www.nepremicnine.net/oglasi-oddaja/sestine-mlinovi-sestine-stanovanje_7395428/
7283185,"SESTINE - MLINOVI, ŠESTINE",Stanovanje,3-sobno,3.0,1600.0,EUR,140.0,,,"140 m2, 3-sobno, oddamo. Cena: 1.600,00 EUR/mes",https://www.nepremicnine.net/oglasi-oddaja/sestine-mlinovi-sestine-stanovanje_7283185/
7240384,"SESVETE SEVER, ŠAŠINOVEC",Stanovanje,5 in večsobno,,200.0,EUR,135.0,,,"135 m2, 5 in večsobno, oddamo. Cena: 200,00 EUR/mes",https://www.nepremicnine.net/oglasi-oddaja/sesvete-sever-sasinovec-stanovanje_7240384/
7243316,"SESVETE SEVER, ŠAŠINOVEC",Stanovanje,3-sobno,3.0,150.0,EUR,150.0,,,"150 m2, 3-sobno, oddamo. Cena: 150,00 EUR/mes",https://www.nepremicnine.net/oglasi-oddaja/sesvete-sever-sasinovec-stanovanje_7243316/
7379627,SEVNICA,Stanovanje,Garsonjera,,320.0,EUR,31.0,2017,2/4,"31 m2, garsonjera, adaptirana l. 2017, 2/4 nad., Oddamo svetlo garsonjero z balkonom in kletjo na odlični lokaciji v Sev...",https://www.nepremicnine.net/oglasi-oddaja/sevnica-stanovanje_7379627/
7375095,SEVNICA,Stanovanje,1-sobno,1.0,400.0,EUR,35.0,1970,1,"35 m2, 1-sobno, zgrajeno l. 1970, 1. nad., Cena je s stroski, oddamo. Cena: max. 400,00 EUR/mes",https://www.nepremicnine.net/oglasi-oddaja/sevnica-stanovanje_7375095/
7400365,SEVNICA,Stanovanje,1-sobno,1.0,420.0,EUR,38.0,1900,P/1,"38 m2, 1-sobno, zgrajeno l. 1900, adaptirano l. 2026, P/1 nad., oddamo. Cena: 420,00 EUR/mes",https://www.nepremicnine.net/oglasi-oddaja/sevnica-stanovanje_7400365/
7032527,SEŽANA,Stanovanje,2-sobno,2.0,600.0,EUR,35.0,1987,P/3,"35 m2, 2-sobno, zgrajeno l. 1987, adaptirano l. 2025, 10 m2 zemljišča, P/3 nad., Na novo adaptiran apartma s talnim gret...",https://www.nepremicnine.net/oglasi-oddaja/sezana-stanovanje_7032527/
7337774,SEŽANA,Stanovanje,1-sobno,1.0,650.0,EUR,45.0,2010,2/4,"45 m2, 1-sobno, zgrajeno l. 2010, 2/4 nad., Z 1.09. bo na voljo enosobno stanovanje v izmeri 41 m2, primerno za največ 2...",https://www.nepremicnine.net/oglasi-oddaja/sezana-stanovanje_7337774/
7400367,SEŽANA,Stanovanje,Drugo,,810.0,EUR,70.0,2015,1/7,"70 m2, stanovanje, zgrajeno l. 2015, 1/7 nad., namenjeno je za daljši najemkajenje ni dovoljenoživali niso dovoljenestan...",https://www.nepremicnine.net/oglasi-oddaja/sezana-stanovanje_7400367/
7403123,SEŽANA,Stanovanje,3-sobno,3.0,1100.0,EUR,150.0,2011,P+1,"150 m2, 3-sobno, zgrajeno l. 2011, P+1, oddamo. Cena: 1.100,00 EUR/mes",https://www.nepremicnine.net/oglasi-oddaja/sezana-stanovanje_7403123/
7412169,"SEŽANA, KRAŠKI BISER, PARTIZANSK",Stanovanje,Garsonjera,,420.0,EUR,16.6,1806,1/3,"16,6 m2, garsonjera, zgrajena l. 1806, adaptirana l. 2015, 1/3 nad., Oddamo opremljeno garsonjero v Sežani - Kraški Bise...",https://www.nepremicnine.net/oglasi-oddaja/sezana-kraski-biser-partizansk-stanovanje_7412169/
7376698,SIGET - KAJZERICA - TRNSKO,Stanovanje,1-sobno,1.0,550.0,EUR,34.0,1964,,"34 m2, 1-sobno, zgrajeno l. 1964, oddamo. Cena: 550,00 EUR/mes",https://www.nepremicnine.net/oglasi-oddaja/siget-kajzerica-trnsko-stanovanje_7376698/
7372371,SIGET - KAJZERICA - TRNSKO,Stanovanje,1-sobno,1.0,900.0,EUR,42.0,,,"42 m2, 1-sobno, oddamo. Cena: 900,00 EUR/mes",https://www.nepremicnine.net/oglasi-oddaja/siget-kajzerica-trnsko-stanovanje_7372371/
7286399,SIGET - KAJZERICA - TRNSKO,Stanovanje,2-sobno,2.0,800.0,EUR,50.0,,,"50 m2, 2-sobno, oddamo. Cena: 800,00 EUR/mes",https://www.nepremicnine.net/oglasi-oddaja/siget-kajzerica-trnsko-stanovanje_7286399/
7093412,SIGET - KAJZERICA - TRNSKO,Stanovanje,1-sobno,1.0,650.0,EUR,54.0,1970,,"54 m2, 1-sobno, zgrajeno l. 1970, oddamo. Cena: 650,00 EUR/mes",https://www.nepremicnine.net/oglasi-oddaja/siget-kajzerica-trnsko-stanovanje_7093412/
7277154,SIGET - KAJZERICA - TRNSKO,Stanovanje,4-sobno,4.0,2000.0,EUR,120.0,2010,,"120 m2, 4-sobno, zgrajeno l. 2010, oddamo. Cena: 2.000,00 EUR/mes",https://www.nepremicnine.net/oglasi-oddaja/siget-kajzerica-trnsko-stanovanje_7277154/
7241902,"SIGET - KAJZERICA - TRNSKO, NOVI ZAGREB - ZAPAD",Stanovanje,3-sobno,3.0,1750.0,EUR,150.0,,,"150 m2, 3-sobno, oddamo. Cena: 1.750,00 EUR/mes",https://www.nepremicnine.net/oglasi-oddaja/siget-kajzerica-trnsko-novi-zagreb-zapad-stanovanje_7241902/
7337869,SLADKI VRH,Stanovanje,"1,5-sobno",1.5,400.0,EUR,49.0,1975,7/10,"49 m2, 1,5-sobno, zgrajeno l. 1975, 7/10 nad., oddamo. Cena: cca 400,00 EUR/mes",https://www.nepremicnine.net/oglasi-oddaja/sladki-vrh-stanovanje_7337869/
7004087,"SLAVONSKI BROD, CENTAR",Stanovanje,2-sobno,2.0,900.0,EUR,106.0,,,"106 m2, 2-sobno, oddamo. Cena: 900,00 EUR/mes",https://www.nepremicnine.net/oglasi-oddaja/slavonski-brod-centar-stanovanje_7004087/
7398370,SLIVNICA PRI MARIBORU,Stanovanje,1-sobno,1.0,600.0,EUR,43.16,2026,2/2,"43,16 m2, 1-sobno, zgrajeno l. 2026, 2/2 nad., Oddamo popolnoma novo, zelo svetlo enosobno stanovanje z ložo v drugem na...",https://www.nepremicnine.net/oglasi-oddaja/slivnica-pri-mariboru-stanovanje_7398370/
7407493,SLIVNICA PRI MARIBORU,Stanovanje,2-sobno,2.0,850.0,EUR,62.2,2026,P,"62,2 m2, 2-sobno, zgrajeno l. 2026, pritličje, oddamo. Cena: 850,00 EUR/mes",https://www.nepremicnine.net/oglasi-oddaja/slivnica-pri-mariboru-stanovanje_7407493/
5568627,SLOVENJ GRADEC,Stanovanje,Soba,,300.0,EUR,15.0,2010,2,"15 m2, soba, adaptirana l. 2010, 2. nad., Bližina šole, oddamo v najem sobo. Soba je opremljena, z souporabo kuhinje in ...",https://www.nepremicnine.net/oglasi-oddaja/slovenj-gradec-stanovanje_5568627/
7384061,SLOVENJ GRADEC,Stanovanje,2-sobno,2.0,600.0,EUR,55.8,2011,1,"55,8 m2, 2-sobno, zgrajeno l. 2011, 1. nad., oddamo. Cena: 600,00 EUR/mes",https://www.nepremicnine.net/oglasi-oddaja/slovenj-gradec-stanovanje_7384061/
7345754,"SLOVENJ GRADEC, CENTER",Stanovanje,Soba,,200.0,EUR,20.0,2000,P,"20 m2, soba, zgrajena l. 2000, pritličje, oddamo. Cena: 200,00 EUR/mes",https://www.nepremicnine.net/oglasi-oddaja/slovenj-gradec-center-stanovanje_7345754/
6845489,SLOVENSKA BISTRICA,Stanovanje,Soba,,200.0,EUR,10.0,1960,P,"10 m2, soba, zgrajena l. 1960, adaptirana l. 2024, 500 m2 zemljišča, pritličje, oddamo. Cena: cca 200,00 EUR/mes",https://www.nepremicnine.net/oglasi-oddaja/slovenska-bistrica-stanovanje_6845489/
7248222,SLOVENSKA BISTRICA,Stanovanje,Soba,,250.0,EUR,15.0,2000,,"15 m2, soba, zgrajena l. 2000, oddamo. Cena: 250,00 EUR/mes",https://www.nepremicnine.net/oglasi-oddaja/slovenska-bistrica-stanovanje_7248222/
7412846,SLOVENSKA BISTRICA,Stanovanje,1-sobno,1.0,350.0,EUR,30.0,1980,2/2,"30 m2, 1-sobno, zgrajeno l. 1980, adaptirano l. 2022, 2/2 nad., oddamo. Cena: 350,00 EUR/mes",https://www.nepremicnine.net/oglasi-oddaja/slovenska-bistrica-stanovanje_7412846/
7412030,"SLOVENSKA BISTRICA, ZGORNJA",Stanovanje,Garsonjera,,380.0,EUR,26.0,2000,1,"26 m2, garsonjera, zgrajena l. 2000, 1. nad., oddamo. Cena: 380,00 EUR/mes",https://www.nepremicnine.net/oglasi-oddaja/slovenska-bistrica-zgornja-stanovanje_7412030/
7400148,SLOVENSKE KONJICE,Stanovanje,2-sobno,2.0,700.0,EUR,50.0,2026,3/3,"50 m2, 2-sobno, adaptirano l. 2026, 3/3 nad., oddamo. Cena: 700,00 EUR/mes",https://www.nepremicnine.net/oglasi-oddaja/slovenske-konjice-stanovanje_7400148/
7377202,SLOVENSKE KONJICE,Stanovanje,2-sobno,2.0,700.0,EUR,65.0,1968,K+P,"65 m2, 2-sobno, zgrajeno l. 1968, adaptirano l. 2004, 350 m2 zemljišča, K+P, Oddam stanovanje v dvostanovanjski hiši. St...",https://www.nepremicnine.net/oglasi-oddaja/slovenske-konjice-stanovanje_7377202/
7384033,SLOVENSKE KONJICE,Stanovanje,3-sobno,3.0,650.0,EUR,68.7,1986,1,"68,7 m2, 3-sobno, zgrajeno l. 1986, 1. nad., slovenske konjice - svetlo 3-sobno stanovanje na odlični lokaciji, oddamo. ...",https://www.nepremicnine.net/oglasi-oddaja/slovenske-konjice-stanovanje_7384033/
7412945,"SLOVENSKE KONJICE, CENTER",Stanovanje,1-sobno,1.0,500.0,EUR,56.0,1990,3/3,"56 m2, 1-sobno, zgrajeno l. 1990, 3/3 nad., oddamo. Cena: 500,00 EUR/mes",https://www.nepremicnine.net/oglasi-oddaja/slovenske-konjice-center-stanovanje_7412945/
7407338,"SNEBERJE, SNEBERSKA CESTA",Stanovanje,"1,5-sobno",1.5,850.0,EUR,50.0,2024,P/P,"50 m2, 1,5-sobno, zgrajeno l. 2024, 450 m2 zemljišča, P/P, oddamo. Cena: 850,00 EUR/mes",https://www.nepremicnine.net/oglasi-oddaja/sneberje-sneberska-cesta-stanovanje_7407338/
7411656,SOLIN,Stanovanje,1-sobno,1.0,600.0,EUR,54.0,,,"54 m2, 1-sobno, oddamo. Cena: 600,00 EUR/mes",https://www.nepremicnine.net/oglasi-oddaja/solin-stanovanje_7411656/
7397714,SOLKAN,Stanovanje,"2,5-sobno",2.5,800.0,EUR,68.1,2015,P/2,"68,1 m2, 2,5-sobno, adaptirano l. 2015, P/2 nad., Urejeno 2,5 sobno stanovanje v mirnem delu Solkana, uporabna površina ...",https://www.nepremicnine.net/oglasi-oddaja/solkan-stanovanje_7397714/
7370645,SOSTRO,Stanovanje,3-sobno,3.0,700.0,EUR,75.0,1989,M/1,"75 m2, 3-sobno, zgrajeno l. 1989, adaptirano l. 2010, M/1 nad., oddamo. Cena: 700,00 EUR/mes",https://www.nepremicnine.net/oglasi-oddaja/sostro-stanovanje_7370645/
6677825,SOSTRO,Stanovanje,3-sobno,3.0,850.0,EUR,117.0,2002,1/1,"117 m2, 3-sobno, zgrajeno l. 2002, 1/1 nad., Primerno za posameznika ali par stanovanje v hiši opremljeno fiksni stroški...",https://www.nepremicnine.net/oglasi-oddaja/sostro-stanovanje_6677825/
7405358,"SOSTRO, ZADVOR",Stanovanje,Soba,,350.0,EUR,20.0,1970,VP/2,"20 m2, soba, zgrajena l. 1970, VP/2 nad., oddamo. Cena: 350,00 EUR/mes",https://www.nepremicnine.net/oglasi-oddaja/sostro-zadvor-stanovanje_7405358/
7381275,"SP. HRUŠICA, SAVINOVA ULICA 7, LJ.",Stanovanje,1-sobno,1.0,530.0,EUR,29.0,2010,M/1,"29 m2, 1-sobno, adaptirano l. 2010, M/1 nad., bližina parka Golovec, vseljivo takoj, oddamo. Cena: 530,00 EUR/mes",https://www.nepremicnine.net/oglasi-oddaja/sp-hrusica-savinova-ulica-7-lj-stanovanje_7381275/
7411435,SP. ŠIŠKA,Stanovanje,Garsonjera,,980.0,EUR,27.0,1975,2,"27 m2, garsonjera, zgrajena l. 1975, 2. nad., Oddam prijetno garsonjero z ločenim spalnim delom - 1,5 km od centra Ljubl...",https://www.nepremicnine.net/oglasi-oddaja/sp-siska-stanovanje_7411435/
7414800,SP. ŠIŠKA,Stanovanje,Soba,,370.0,EUR,43.68,1978,11/11,"43,68 m2, soba, zgrajena l. 1978, adaptirana l. 2022, 11/11 nad., oddamo. Cena: 370,00 EUR/mes",https://www.nepremicnine.net/oglasi-oddaja/sp-siska-stanovanje_7414800/
7409653,SP. ŠIŠKA,Stanovanje,Garsonjera,,770.0,EUR,53.6,2018,VP/4,"53,6 m2, garsonjera, zgrajena l. 2018, VP/4 nad., oddamo. Cena: 770,00 EUR/mes",https://www.nepremicnine.net/oglasi-oddaja/sp-siska-stanovanje_7409653/
7412727,SP. ŠIŠKA,Stanovanje,2-sobno,2.0,800.0,EUR,55.0,2024,2/2,"55 m2, 2-sobno, adaptirano l. 2024, 2/2 nad., oddamo. Cena: 800,00 EUR/mes",https://www.nepremicnine.net/oglasi-oddaja/sp-siska-stanovanje_7412727/
7404815,SP. ŠIŠKA,Stanovanje,2-sobno,2.0,1500.0,EUR,74.0,2006,5/5,"74 m2, 2-sobno, zgrajeno l. 2006, 5/5 nad., Oddamo prostorno 2-sobno stanovanje na izjemni lokaciji ob Tivoliju, oddamo....",https://www.nepremicnine.net/oglasi-oddaja/sp-siska-stanovanje_7404815/
7395091,SP. ŠIŠKA,Stanovanje,3-sobno,3.0,1300.0,EUR,99.4,2006,3/6,"99,4 m2, 3-sobno, zgrajeno l. 2006, 3/6 nad., oddamo. Cena: 1.300,00 EUR/mes",https://www.nepremicnine.net/oglasi-oddaja/sp-siska-stanovanje_7395091/
7367485,SP. ŠIŠKA,Stanovanje,3-sobno,3.0,1950.0,EUR,136.0,2023,1,"136 m2, 3-sobno, zgrajeno l. 2023, 1. nad., oddamo. Cena: 1.950,00 EUR/mes",https://www.nepremicnine.net/oglasi-oddaja/sp-siska-stanovanje_7367485/
7347401,SP. ŠIŠKA,Stanovanje,4-sobno,4.0,6500.0,EUR,169.3,2022,,"169,3 m2, 4-sobno, zgrajeno l. 2022, Novogradnja. Soseska Bellevue Living, oddamo. Cena: 6.500,00 EUR/mes",https://www.nepremicnine.net/oglasi-oddaja/sp-siska-stanovanje_7347401/
7369888,"SP. ŠIŠKA, 3SS NASPROTI TIVOLIJA",Stanovanje,3-sobno,3.0,1450.0,EUR,82.5,2007,1/4,"82,5 m2, 3-sobno, zgrajeno l. 2007, 1/4 nad., Oddamo 3S stanovanje v bližini parka Tivoli in vse potrebne infrastrukture...",https://www.nepremicnine.net/oglasi-oddaja/sp-siska-3ss-nasproti-tivolija-stanovanje_7369888/
7394645,"SP. ŠIŠKA, BLIŽINA TIVOLIJA",Stanovanje,"2,5-sobno",2.5,1000.0,EUR,74.9,1936,2,"74,9 m2, 2,5-sobno, zgrajeno l. 1936, 2. nad., vseljivo takoj, bližina središča mesta, primerno za posameznike, par, dru...",https://www.nepremicnine.net/oglasi-oddaja/sp-siska-blizina-tivolija-stanovanje_7394645/
7368281,"SP. ŠIŠKA, NASPROTI TIVOLIJA",Stanovanje,2-sobno,2.0,900.0,EUR,63.0,1969,7/12,"63 m2, 2-sobno, zgrajeno l. 1969, 7/12 nad., Na odlični lokaciji v bližini Tivolija v Spodnji Šiški oddamo delno opremlj...",https://www.nepremicnine.net/oglasi-oddaja/sp-siska-nasproti-tivolija-stanovanje_7368281/
7406407,SPLIT,Stanovanje,2-sobno,2.0,1500.0,EUR,84.0,1975,,"84 m2, 2-sobno, zgrajeno l. 1975, oddamo. Cena: 1.500,00 EUR/mes",https://www.nepremicnine.net/oglasi-oddaja/split-stanovanje_7406407/
7410777,SPODNJA LOŽNICA,Stanovanje,Garsonjera,,450.0,EUR,30.0,2017,VP,"30 m2, garsonjera, poslovni apartma, novogradnja - zgr. l. 2017, visoko pritličje, oddamo. Cena: cca 450,00 EUR/mes",https://www.nepremicnine.net/oglasi-oddaja/spodnja-loznica-stanovanje_7410777/
7350118,SPODNJE BLATO,Stanovanje,"1,5-sobno",1.5,600.0,EUR,26.0,2023,1/1,"26 m2, 1,5-sobno, zgrajeno l. 2023, 1/1 nad., grosuplje, stanovanje je novo opremljeno, oddamo. Cena: 600,00 EUR/mes",https://www.nepremicnine.net/oglasi-oddaja/spodnje-blato-stanovanje_7350118/
7407545,SPODNJE GAMELJNE,Stanovanje,4-sobno,4.0,1600.0,EUR,129.0,2004,1,"129 m2, 4-sobno, zgrajeno l. 2004, 1. nad., oddamo. Cena: 1.600,00 EUR/mes",https://www.nepremicnine.net/oglasi-oddaja/spodnje-gameljne-stanovanje_7407545/
7403892,SPODNJE RADVANJE,Stanovanje,1-sobno,1.0,450.0,EUR,38.0,1971,4/5,"38 m2, 1-sobno, zgrajeno l. 1971, 4/5 nad., maribor - spodnje radvanje. oddamo prijetno svetlo enosobno stanovanje v ure...",https://www.nepremicnine.net/oglasi-oddaja/spodnje-radvanje-stanovanje_7403892/
7384032,SPODNJE RADVANJE,Stanovanje,1-sobno,1.0,600.0,EUR,44.8,1978,2/9,"44,8 m2, 1-sobno, zgrajeno l. 1978, 2/9 nad., Na Knafelčevi ulici 32, Maribor, oddajamo 1-sobno stanovanje, oddamo. Cena...",https://www.nepremicnine.net/oglasi-oddaja/spodnje-radvanje-stanovanje_7384032/
7412939,SPODNJE ŠKOFIJE,Stanovanje,Garsonjera,,650.0,EUR,35.0,1973,P/2,"35 m2, garsonjera, zgrajena l. 1973, adaptirana l. 1999, P/2 nad., oddamo. Cena: 650,00 EUR/mes",https://www.nepremicnine.net/oglasi-oddaja/spodnje-skofije-stanovanje_7412939/
7411358,SRDOČI,Stanovanje,1-sobno,1.0,600.0,EUR,40.0,,,"40 m2, 1-sobno, oddamo. Cena: 600,00 EUR/mes",https://www.nepremicnine.net/oglasi-oddaja/srdoci-stanovanje_7411358/
7322978,SRDOČI,Stanovanje,2-sobno,2.0,1050.0,EUR,80.0,,,"80 m2, 2-sobno, oddamo. Cena: 1.050,00 EUR/mes",https://www.nepremicnine.net/oglasi-oddaja/srdoci-stanovanje_7322978/
7395318,SRDOČI,Stanovanje,2-sobno,2.0,1000.0,EUR,80.0,,,"80 m2, 2-sobno, oddamo. Cena: 1.000,00 EUR/mes",https://www.nepremicnine.net/oglasi-oddaja/srdoci-stanovanje_7395318/
7392601,"SRDOČI, MARTINKOVAC, RIJEKA",Stanovanje,2-sobno,2.0,1300.0,EUR,63.0,2019,,"63 m2, 2-sobno, novogradnja - zgr. l. 2019, oddamo. Cena: 1.300,00 EUR/mes",https://www.nepremicnine.net/oglasi-oddaja/srdoci-martinkovac-rijeka-stanovanje_7392601/
7392755,"SRDOČI, MARTINKOVAC, RIJEKA",Stanovanje,2-sobno,2.0,2000.0,EUR,97.0,2019,,"97 m2, 2-sobno, novogradnja - zgr. l. 2019, oddamo. Cena: 2.000,00 EUR/mes",https://www.nepremicnine.net/oglasi-oddaja/srdoci-martinkovac-rijeka-stanovanje_7392755/
7393299,"SRDOČI, RIJEKA",Stanovanje,2-sobno,2.0,1050.0,EUR,100.0,,,"100 m2, 2-sobno, oddamo. Cena: 1.050,00 EUR/mes",https://www.nepremicnine.net/oglasi-oddaja/srdoci-rijeka-stanovanje_7393299/
6976342,SREDNJA VAS PRI POLHOVEM GRAD.,Stanovanje,4-sobno,4.0,1300.0,EUR,224.0,1995,1/M,"224 m2, 4-sobno, zgrajeno l. 1995, 1/M, Nadstandardno, zelo prostorno, 4-sobno stanovanje, v celoti opremljeno in takoj ...",https://www.nepremicnine.net/oglasi-oddaja/srednja-vas-pri-polhovem-grad-stanovanje_6976342/
7368200,"SREDNJE GAMELJNE, MERCATOR SR.",Stanovanje,"3,5-sobno",3.5,1500.0,EUR,74.66,2026,2/2,"74,66 m2, 3,5-sobno, zgrajeno l. 2026, 2/2 nad., Luksuzno novo 3,5-sobno stanovanje z dvigalom, 2 parkirnima mestoma in ...",https://www.nepremicnine.net/oglasi-oddaja/srednje-gameljne-mercator-sr-stanovanje_7368200/
7404469,SREDNJE JARŠE,Stanovanje,Garsonjera,,550.0,EUR,22.1,2006,PK,"22,1 m2, garsonjera, zgrajena l. 2006, polklet, oddamo. Cena: 550,00 EUR/mes",https://www.nepremicnine.net/oglasi-oddaja/srednje-jarse-stanovanje_7404469/
7386498,"SRGAŠI, 26",Stanovanje,"1,5-sobno",1.5,1000.0,EUR,85.0,2015,P/P,"85 m2, 1,5-sobno, adaptirano l. 2015, adaptirano l. 2015, 200 m2 zemljišča, P/P, Oddamo od 1.10.2026 do 1.6.2027Cena je ...",https://www.nepremicnine.net/oglasi-oddaja/srgasi-26-stanovanje_7386498/
7395913,STANEŽIČE,Stanovanje,2-sobno,2.0,850.0,EUR,51.0,2003,P,"51 m2, 2-sobno, zgrajeno l. 2003, 15 m2 zemljišča, pritličje, mirna in zelena lokacija, neposredna bližina avtobusne pos...",https://www.nepremicnine.net/oglasi-oddaja/stanezice-stanovanje_7395913/
6937323,STARA LJ.,Stanovanje,Garsonjera,,950.0,EUR,25.0,1902,,"25 m2, garsonjera, zgrajena l. 1902, adaptirana l. 2025, oddamo. Cena: 950,00 EUR/mes",https://www.nepremicnine.net/oglasi-oddaja/stara-lj-stanovanje_6937323/
6937335,STARA LJ.,Stanovanje,2-sobno,2.0,1150.0,EUR,47.0,1902,,"47 m2, 2-sobno, zgrajeno l. 1902, adaptirano l. 2025, oddamo. Cena: 1.150,00 EUR/mes",https://www.nepremicnine.net/oglasi-oddaja/stara-lj-stanovanje_6937335/
7279337,STARA LJ.,Stanovanje,5 in večsobno,,4000.0,EUR,191.5,1996,4/4,"191,5 m2, 5 in večsobno, zgrajeno l. 1996, adaptirano l. 2011, 4/4 nad., oddamo. Cena: 4.000,00 EUR/mes",https://www.nepremicnine.net/oglasi-oddaja/stara-lj-stanovanje_7279337/
7357056,STARA LJ.,Stanovanje,4-sobno,4.0,3500.0,EUR,223.0,1996,1,"223 m2, 4-sobno, zgrajeno l. 1996, adaptirano l. 2011, 1. nad., oddamo. Cena: 3.500,00 EUR/mes",https://www.nepremicnine.net/oglasi-oddaja/stara-lj-stanovanje_7357056/
7269993,"STARA LJ., ZNIŽANA CENA",Stanovanje,5 in večsobno,,2300.0,EUR,121.3,1900,2,"121,3 m2, 5 in večsobno, zgrajeno l. 1900, adaptirano l. 2017, 2. nad., oddamo. Cena: 2.300,00 EUR/mes",https://www.nepremicnine.net/oglasi-oddaja/stara-lj-znizana-cena-stanovanje_7269993/
7414578,"STARA LOKA, OBROBJE MESTA",Stanovanje,3-sobno,3.0,920.0,EUR,90.0,2009,VP/2,"90 m2, 3-sobno, zgrajeno l. 2009, VP/2 nad., polno opremljeno stanovanje, vključno s pralno/sušilnim, pomivalnim strojem...",https://www.nepremicnine.net/oglasi-oddaja/stara-loka-obrobje-mesta-stanovanje_7414578/
7409870,STARA TREŠNJEVKA,Stanovanje,1-sobno,1.0,600.0,EUR,29.0,,,"29 m2, 1-sobno, oddamo. Cena: 600,00 EUR/mes",https://www.nepremicnine.net/oglasi-oddaja/stara-tresnjevka-stanovanje_7409870/
7399447,STARA TREŠNJEVKA,Stanovanje,1-sobno,1.0,600.0,EUR,30.0,1940,,"30 m2, 1-sobno, zgrajeno l. 1940, oddamo. Cena: 600,00 EUR/mes",https://www.nepremicnine.net/oglasi-oddaja/stara-tresnjevka-stanovanje_7399447/
7365638,STARA TREŠNJEVKA,Stanovanje,1-sobno,1.0,850.0,EUR,50.0,,,"50 m2, 1-sobno, oddamo. Cena: 850,00 EUR/mes",https://www.nepremicnine.net/oglasi-oddaja/stara-tresnjevka-stanovanje_7365638/
7303712,STARA TREŠNJEVKA,Stanovanje,1-sobno,1.0,800.0,EUR,55.0,,,"55 m2, 1-sobno, oddamo. Cena: 800,00 EUR/mes",https://www.nepremicnine.net/oglasi-oddaja/stara-tresnjevka-stanovanje_7303712/
7401457,STARA TREŠNJEVKA,Stanovanje,2-sobno,2.0,800.0,EUR,58.0,,,"58 m2, 2-sobno, oddamo. Cena: 800,00 EUR/mes",https://www.nepremicnine.net/oglasi-oddaja/stara-tresnjevka-stanovanje_7401457/
7093601,STARA TREŠNJEVKA,Stanovanje,2-sobno,2.0,1800.0,EUR,88.0,2024,,"88 m2, 2-sobno, novogradnja - zgr. l. 2024, oddamo. Cena: 1.800,00 EUR/mes",https://www.nepremicnine.net/oglasi-oddaja/stara-tresnjevka-stanovanje_7093601/
7254231,"STARA TREŠNJEVKA, - SJEVER",Stanovanje,1-sobno,1.0,200.0,EUR,45.0,,,"45 m2, 1-sobno, oddamo. Cena: 200,00 EUR/mes",https://www.nepremicnine.net/oglasi-oddaja/stara-tresnjevka-sjever-stanovanje_7254231/
7251961,"STARA TREŠNJEVKA, - SJEVER",Stanovanje,Drugo,,250.0,EUR,50.0,,,"50 m2, stanovanje, oddamo. Cena: 250,00 EUR/mes",https://www.nepremicnine.net/oglasi-oddaja/stara-tresnjevka-sjever-stanovanje_7251961/
7253464,"STARA TREŠNJEVKA, - SJEVER",Stanovanje,2-sobno,2.0,200.0,EUR,60.0,,,"60 m2, 2-sobno, oddamo. Cena: 200,00 EUR/mes",https://www.nepremicnine.net/oglasi-oddaja/stara-tresnjevka-sjever-stanovanje_7253464/
7252266,"STARA TREŠNJEVKA, - SJEVER",Stanovanje,2-sobno,2.0,200.0,EUR,65.0,,,"65 m2, 2-sobno, oddamo. Cena: 200,00 EUR/mes",https://www.nepremicnine.net/oglasi-oddaja/stara-tresnjevka-sjever-stanovanje_7252266/
7359063,"STARA TREŠNJEVKA, - SJEVER",Stanovanje,2-sobno,2.0,180.0,EUR,70.0,,,"70 m2, 2-sobno, oddamo. Cena: 180,00 EUR/mes",https://www.nepremicnine.net/oglasi-oddaja/stara-tresnjevka-sjever-stanovanje_7359063/
7251843,"STARA TREŠNJEVKA, - SJEVER",Stanovanje,3-sobno,3.0,250.0,EUR,75.0,,,"75 m2, 3-sobno, oddamo. Cena: 250,00 EUR/mes",https://www.nepremicnine.net/oglasi-oddaja/stara-tresnjevka-sjever-stanovanje_7251843/
7254328,"STARA TREŠNJEVKA, - SJEVER",Stanovanje,4-sobno,4.0,200.0,EUR,200.0,,,"200 m2, 4-sobno, oddamo. Cena: 200,00 EUR/mes",https://www.nepremicnine.net/oglasi-oddaja/stara-tresnjevka-sjever-stanovanje_7254328/
7283620,"STARA TREŠNJEVKA, LABINSKA",Stanovanje,1-sobno,1.0,700.0,EUR,47.0,,,"47 m2, 1-sobno, oddamo. Cena: 700,00 EUR/mes",https://www.nepremicnine.net/oglasi-oddaja/stara-tresnjevka-labinska-stanovanje_7283620/
7070224,"STARA TREŠNJEVKA, OZALJSKA",Stanovanje,3-sobno,3.0,2500.0,EUR,125.0,,,"125 m2, 3-sobno, oddamo. Cena: 2.500,00 EUR/mes",https://www.nepremicnine.net/oglasi-oddaja/stara-tresnjevka-ozaljska-stanovanje_7070224/
7398262,"STARA TREŠNJEVKA, SAVSKA",Stanovanje,2-sobno,2.0,1000.0,EUR,70.0,,,"70 m2, 2-sobno, oddamo. Cena: 1.000,00 EUR/mes",https://www.nepremicnine.net/oglasi-oddaja/stara-tresnjevka-savska-stanovanje_7398262/
7328049,"STARA TREŠNJEVKA, VITEZEVICEVA",Stanovanje,1-sobno,1.0,950.0,EUR,57.0,,,"57 m2, 1-sobno, oddamo. Cena: 950,00 EUR/mes",https://www.nepremicnine.net/oglasi-oddaja/stara-tresnjevka-vitezeviceva-stanovanje_7328049/
7254279,"STARO BRESTJE, DUGAVA, SESVETE",Stanovanje,5 in večsobno,,110.0,EUR,200.0,,,"200 m2, 5 in večsobno, oddamo. Cena: 110,00 EUR/mes",https://www.nepremicnine.net/oglasi-oddaja/staro-brestje-dugava-sesvete-stanovanje_7254279/
7252068,"STARO BRESTJE, GAIŠĆE, SESVETE",Stanovanje,3-sobno,3.0,200.0,EUR,118.0,,,"118 m2, 3-sobno, oddamo. Cena: 200,00 EUR/mes",https://www.nepremicnine.net/oglasi-oddaja/staro-brestje-gaisce-sesvete-stanovanje_7252068/
7252493,"STARO BRESTJE, KRALJEVEČKI NOVAKI, SESVETE",Stanovanje,5 in večsobno,,170.0,EUR,180.0,,,"180 m2, 5 in večsobno, oddamo. Cena: 170,00 EUR/mes",https://www.nepremicnine.net/oglasi-oddaja/staro-brestje-kraljevecki-novaki-sesvete-stanovanje_7252493/
7243325,"STARO BRESTJE, SESVETE",Stanovanje,2-sobno,2.0,200.0,EUR,55.0,,,"55 m2, 2-sobno, oddamo. Cena: 200,00 EUR/mes",https://www.nepremicnine.net/oglasi-oddaja/staro-brestje-sesvete-stanovanje_7243325/
7252212,"STARO BRESTJE, SESVETE",Stanovanje,2-sobno,2.0,200.0,EUR,55.0,,,"55 m2, 2-sobno, oddamo. Cena: 200,00 EUR/mes",https://www.nepremicnine.net/oglasi-oddaja/staro-brestje-sesvete-stanovanje_7252212/
7251795,"STARO BRESTJE, SESVETE",Stanovanje,2-sobno,2.0,900.0,EUR,60.0,,,"60 m2, 2-sobno, oddamo. Cena: 900,00 EUR/mes",https://www.nepremicnine.net/oglasi-oddaja/staro-brestje-sesvete-stanovanje_7251795/
7252449,"STARO BRESTJE, SESVETE",Stanovanje,2-sobno,2.0,200.0,EUR,60.0,,,"60 m2, 2-sobno, oddamo. Cena: 200,00 EUR/mes",https://www.nepremicnine.net/oglasi-oddaja/staro-brestje-sesvete-stanovanje_7252449/
7252355,"STARO BRESTJE, SESVETE",Stanovanje,2-sobno,2.0,200.0,EUR,60.0,,,"60 m2, 2-sobno, oddamo. Cena: 200,00 EUR/mes",https://www.nepremicnine.net/oglasi-oddaja/staro-brestje-sesvete-stanovanje_7252355/
7243269,"STARO BRESTJE, SESVETE",Stanovanje,5 in večsobno,,200.0,EUR,100.0,,,"100 m2, 5 in večsobno, oddamo. Cena: 200,00 EUR/mes",https://www.nepremicnine.net/oglasi-oddaja/staro-brestje-sesvete-stanovanje_7243269/
7311526,"STARO BRESTJE, SESVETE",Stanovanje,3-sobno,3.0,1500.0,EUR,100.0,,,"100 m2, 3-sobno, oddamo. Cena: 1.500,00 EUR/mes",https://www.nepremicnine.net/oglasi-oddaja/staro-brestje-sesvete-stanovanje_7311526/
7252064,"STARO BRESTJE, SESVETE",Stanovanje,5 in večsobno,,160.0,EUR,150.0,,,"150 m2, 5 in večsobno, oddamo. Cena: 160,00 EUR/mes",https://www.nepremicnine.net/oglasi-oddaja/staro-brestje-sesvete-stanovanje_7252064/
7243179,"STARO BRESTJE, SESVETSKI KRALJEVEC, SESVETE",Stanovanje,2-sobno,2.0,200.0,EUR,75.0,,,"75 m2, 2-sobno, oddamo. Cena: 200,00 EUR/mes",https://www.nepremicnine.net/oglasi-oddaja/staro-brestje-sesvetski-kraljevec-sesvete-stanovanje_7243179/
7252386,"STARO BRESTJE, SESVETSKI KRALJEVEC, SESVETE",Stanovanje,2-sobno,2.0,200.0,EUR,90.0,,,"90 m2, 2-sobno, oddamo. Cena: 200,00 EUR/mes",https://www.nepremicnine.net/oglasi-oddaja/staro-brestje-sesvetski-kraljevec-sesvete-stanovanje_7252386/
7410737,STRAHINJ,Stanovanje,"2,5-sobno",2.5,500.0,EUR,72.0,1980,VP/1,"72 m2, 2,5-sobno, zgrajeno l. 1980, VP/1 nad., oddamo. Cena: cca 500,00 EUR/mes",https://www.nepremicnine.net/oglasi-oddaja/strahinj-stanovanje_7410737/
7321878,STRANSKA VAS,Stanovanje,Soba,,450.0,EUR,20.0,2000,P,"20 m2, soba, zgrajena l. 2000, 1.000 m2 zemljišča, pritličje, Oddam sobo v dvosobnem stanovanju v manjši enostanovanjski...",https://www.nepremicnine.net/oglasi-oddaja/stranska-vas-stanovanje_7321878/
7406941,STRAŽNIK,Stanovanje,3-sobno,3.0,1500.0,EUR,134.0,2009,,"134 m2, 3-sobno, zgrajeno l. 2009, oddamo. Cena: 1.500,00 EUR/mes",https://www.nepremicnine.net/oglasi-oddaja/straznik-stanovanje_7406941/
7398634,STRAŽNIK,Stanovanje,4-sobno,4.0,2500.0,EUR,150.0,,,"150 m2, 4-sobno, oddamo. Cena: 2.500,00 EUR/mes",https://www.nepremicnine.net/oglasi-oddaja/straznik-stanovanje_7398634/
7335663,STRAŽNIK,Stanovanje,5 in večsobno,,2500.0,EUR,162.0,2007,,"162 m2, 5 in večsobno, zgrajeno l. 2007, oddamo. Cena: 2.500,00 EUR/mes",https://www.nepremicnine.net/oglasi-oddaja/straznik-stanovanje_7335663/
7361441,STRAŽNIK,Stanovanje,3-sobno,3.0,2100.0,EUR,200.0,,,"200 m2, 3-sobno, oddamo. Cena: 2.100,00 EUR/mes",https://www.nepremicnine.net/oglasi-oddaja/straznik-stanovanje_7361441/
7404783,"STRAŽNIK, BREGANA, SAMOBOR - OKOLICA",Stanovanje,2-sobno,2.0,180.0,EUR,50.0,,,"50 m2, 2-sobno, oddamo. Cena: 180,00 EUR/mes",https://www.nepremicnine.net/oglasi-oddaja/straznik-bregana-samobor-okolica-stanovanje_7404783/
7243715,"STRAŽNIK, CENTAR, SAMOBOR",Stanovanje,4-sobno,4.0,200.0,EUR,85.0,,,"85 m2, 4-sobno, oddamo. Cena: 200,00 EUR/mes",https://www.nepremicnine.net/oglasi-oddaja/straznik-centar-samobor-stanovanje_7243715/
7252387,"STRAŽNIK, GIZNIK, SAMOBOR",Stanovanje,Drugo,,200.0,EUR,290.0,,,"290 m2, stanovanje, oddamo. Cena: 200,00 EUR/mes",https://www.nepremicnine.net/oglasi-oddaja/straznik-giznik-samobor-stanovanje_7252387/
7403821,"STRAŽNIK, GUNDULIĆEVO NASELJE",Stanovanje,2-sobno,2.0,900.0,EUR,75.0,,,"75 m2, 2-sobno, oddamo. Cena: 900,00 EUR/mes",https://www.nepremicnine.net/oglasi-oddaja/straznik-gundulicevo-naselje-stanovanje_7403821/
7412988,STUDENCI,Stanovanje,1-sobno,1.0,400.0,EUR,33.1,1968,2/5,"33,1 m2, 1-sobno, zgrajeno l. 1968, adaptirano l. 2018, 2/5 nad., oddamo. Cena: 400,00 EUR/mes",https://www.nepremicnine.net/oglasi-oddaja/studenci-stanovanje_7412988/
7411971,STUDENCI,Stanovanje,2-sobno,2.0,780.0,EUR,50.0,2022,1/2,"50 m2, 2-sobno, v stavbi zgrajeni l. 2022, 1/2 nad., Maribor, Rezidenca Sunset Elit 2-sobno stanovanje+klet+garaža. Cena...",https://www.nepremicnine.net/oglasi-oddaja/studenci-stanovanje_7411971/
6884790,STUDENCI,Stanovanje,3-sobno,3.0,690.0,EUR,58.7,2024,1,"58,7 m2, 3-sobno, zgrajeno l. 2024, 1. nad., Oddamo novo 3 sobno stanovanje z ložo in parkirnim mestom v garaži, oddamo....",https://www.nepremicnine.net/oglasi-oddaja/studenci-stanovanje_6884790/
7394768,STUDENCI,Stanovanje,"2,5-sobno",2.5,700.0,EUR,65.0,2003,1/2,"65 m2, 2,5-sobno, zgrajeno l. 2003, adaptirano l. 2020, 1/2 nad., oddamo. Cena: 700,00 EUR/mes",https://www.nepremicnine.net/oglasi-oddaja/studenci-stanovanje_7394768/
7369656,STUDENCI,Stanovanje,3-sobno,3.0,800.0,EUR,68.9,2008,3,"68,9 m2, 3-sobno, zgrajeno l. 2008, 3. nad., oddamo. Cena: 800,00 EUR/mes",https://www.nepremicnine.net/oglasi-oddaja/studenci-stanovanje_7369656/
7387428,STUDENCI,Stanovanje,3-sobno,3.0,790.0,EUR,71.5,2008,4/4,"71,5 m2, 3-sobno, zgrajeno l. 2008, adaptirano l. 2026, 4/4 nad., Oddamo 3 sobno stanvoanje z balkonom in parkiriščem, o...",https://www.nepremicnine.net/oglasi-oddaja/studenci-stanovanje_7387428/
7411423,"STUDENCI, IZTOKOVA ULICA",Stanovanje,"1,5-sobno",1.5,620.0,EUR,40.0,2024,1/1,"40 m2, 1,5-sobno, zgrajeno l. 2024, 1/1 nad., Oddam lepo in skoraj novo 1,5-sobno stanovanje (40 m2) na Studencih v Mari...",https://www.nepremicnine.net/oglasi-oddaja/studenci-iztokova-ulica-stanovanje_7411423/
7316212,STUPNIK,Stanovanje,Drugo,,9.0,EUR,530.0,,,"530 m2, stanovanje, oddamo. Cena: 9,00 EUR/mes",https://www.nepremicnine.net/oglasi-oddaja/stupnik-stanovanje_7316212/
7412050,SUŠAK,Stanovanje,1-sobno,1.0,490.0,EUR,45.0,,,"45 m2, 1-sobno, oddamo. Cena: 490,00 EUR/mes",https://www.nepremicnine.net/oglasi-oddaja/susak-stanovanje_7412050/
7400313,SUŠAK,Stanovanje,1-sobno,1.0,600.0,EUR,53.0,,,"53 m2, 1-sobno, oddamo. Cena: 600,00 EUR/mes",https://www.nepremicnine.net/oglasi-oddaja/susak-stanovanje_7400313/
7407515,SUŠAK,Stanovanje,2-sobno,2.0,1000.0,EUR,60.0,,,"60 m2, 2-sobno, oddamo. Cena: 1.000,00 EUR/mes",https://www.nepremicnine.net/oglasi-oddaja/susak-stanovanje_7407515/
7401104,SUŠAK,Stanovanje,2-sobno,2.0,850.0,EUR,74.0,,,"74 m2, 2-sobno, oddamo. Cena: 850,00 EUR/mes",https://www.nepremicnine.net/oglasi-oddaja/susak-stanovanje_7401104/
7402425,SUŠAK,Stanovanje,4-sobno,4.0,1300.0,EUR,89.0,,,"89 m2, 4-sobno, oddamo. Cena: 1.300,00 EUR/mes",https://www.nepremicnine.net/oglasi-oddaja/susak-stanovanje_7402425/
7399303,SUŠAK,Stanovanje,2-sobno,2.0,1000.0,EUR,100.0,,,"100 m2, 2-sobno, oddamo. Cena: 1.000,00 EUR/mes",https://www.nepremicnine.net/oglasi-oddaja/susak-stanovanje_7399303/
7414573,SUŠAK,Stanovanje,3-sobno,3.0,1000.0,EUR,114.0,,,"114 m2, 3-sobno, oddamo. Cena: 1.000,00 EUR/mes",https://www.nepremicnine.net/oglasi-oddaja/susak-stanovanje_7414573/
7405321,SUŠAK,Stanovanje,5 in večsobno,,2000.0,EUR,137.0,,,"137 m2, 5 in večsobno, oddamo. Cena: 2.000,00 EUR/mes",https://www.nepremicnine.net/oglasi-oddaja/susak-stanovanje_7405321/
7415276,"SUŠAK, CENTAR, RIJEKA",Stanovanje,1-sobno,1.0,600.0,EUR,26.0,,,"26 m2, 1-sobno, oddamo. Cena: 600,00 EUR/mes",https://www.nepremicnine.net/oglasi-oddaja/susak-centar-rijeka-stanovanje_7415276/
7393237,"SUŠAK, CENTAR, RIJEKA",Stanovanje,1-sobno,1.0,600.0,EUR,46.0,1900,,"46 m2, 1-sobno, zgrajeno l. 1900, oddamo. Cena: 600,00 EUR/mes",https://www.nepremicnine.net/oglasi-oddaja/susak-centar-rijeka-stanovanje_7393237/
7407776,"SUŠAK, CENTAR, RIJEKA",Stanovanje,1-sobno,1.0,800.0,EUR,47.0,,,"47 m2, 1-sobno, oddamo. Cena: 800,00 EUR/mes",https://www.nepremicnine.net/oglasi-oddaja/susak-centar-rijeka-stanovanje_7407776/
7413968,"SUŠAK, CENTAR, RIJEKA",Stanovanje,1-sobno,1.0,700.0,EUR,47.0,,,"47 m2, 1-sobno, oddamo. Cena: 700,00 EUR/mes",https://www.nepremicnine.net/oglasi-oddaja/susak-centar-rijeka-stanovanje_7413968/
7407695,"SUŠAK, CENTAR, RIJEKA",Stanovanje,1-sobno,1.0,750.0,EUR,49.0,,,"49 m2, 1-sobno, oddamo. Cena: 750,00 EUR/mes",https://www.nepremicnine.net/oglasi-oddaja/susak-centar-rijeka-stanovanje_7407695/
7392335,"SUŠAK, CENTAR, RIJEKA",Stanovanje,1-sobno,1.0,850.0,EUR,50.0,,,"50 m2, 1-sobno, oddamo. Cena: 850,00 EUR/mes",https://www.nepremicnine.net/oglasi-oddaja/susak-centar-rijeka-stanovanje_7392335/
7392389,"SUŠAK, CENTAR, RIJEKA",Stanovanje,1-sobno,1.0,750.0,EUR,50.0,,,"50 m2, 1-sobno, oddamo. Cena: 750,00 EUR/mes",https://www.nepremicnine.net/oglasi-oddaja/susak-centar-rijeka-stanovanje_7392389/
7392267,"SUŠAK, CENTAR, RIJEKA",Stanovanje,2-sobno,2.0,800.0,EUR,56.0,,,"56 m2, 2-sobno, oddamo. Cena: 800,00 EUR/mes",https://www.nepremicnine.net/oglasi-oddaja/susak-centar-rijeka-stanovanje_7392267/
7393994,"SUŠAK, CENTAR, RIJEKA",Stanovanje,1-sobno,1.0,1000.0,EUR,57.0,,,"57 m2, 1-sobno, oddamo. Cena: 1.000,00 EUR/mes",https://www.nepremicnine.net/oglasi-oddaja/susak-centar-rijeka-stanovanje_7393994/
7392153,"SUŠAK, CENTAR, RIJEKA",Stanovanje,2-sobno,2.0,1300.0,EUR,60.0,,,"60 m2, 2-sobno, oddamo. Cena: 1.300,00 EUR/mes",https://www.nepremicnine.net/oglasi-oddaja/susak-centar-rijeka-stanovanje_7392153/
7393089,"SUŠAK, CENTAR, RIJEKA",Stanovanje,1-sobno,1.0,1000.0,EUR,61.0,,,"61 m2, 1-sobno, oddamo. Cena: 1.000,00 EUR/mes",https://www.nepremicnine.net/oglasi-oddaja/susak-centar-rijeka-stanovanje_7393089/
7392350,"SUŠAK, CENTAR, RIJEKA",Stanovanje,1-sobno,1.0,900.0,EUR,62.0,,,"62 m2, 1-sobno, oddamo. Cena: 900,00 EUR/mes",https://www.nepremicnine.net/oglasi-oddaja/susak-centar-rijeka-stanovanje_7392350/
7392731,"SUŠAK, CENTAR, RIJEKA",Stanovanje,1-sobno,1.0,800.0,EUR,62.0,,,"62 m2, 1-sobno, oddamo. Cena: 800,00 EUR/mes",https://www.nepremicnine.net/oglasi-oddaja/susak-centar-rijeka-stanovanje_7392731/
7393137,"SUŠAK, CENTAR, RIJEKA",Stanovanje,2-sobno,2.0,1620.0,EUR,63.0,,,"63 m2, 2-sobno, oddamo. Cena: 1.620,00 EUR/mes",https://www.nepremicnine.net/oglasi-oddaja/susak-centar-rijeka-stanovanje_7393137/
7252157,"SUŠAK, CENTAR, RIJEKA",Stanovanje,2-sobno,2.0,350.0,EUR,63.0,,,"63 m2, 2-sobno, oddamo. Cena: 350,00 EUR/mes",https://www.nepremicnine.net/oglasi-oddaja/susak-centar-rijeka-stanovanje_7252157/
7407730,"SUŠAK, CENTAR, RIJEKA",Stanovanje,2-sobno,2.0,900.0,EUR,64.0,,,"64 m2, 2-sobno, oddamo. Cena: 900,00 EUR/mes",https://www.nepremicnine.net/oglasi-oddaja/susak-centar-rijeka-stanovanje_7407730/
7279899,"SUŠAK, CENTAR, RIJEKA",Stanovanje,2-sobno,2.0,300.0,EUR,64.0,,,"64 m2, 2-sobno, oddamo. Cena: 300,00 EUR/mes",https://www.nepremicnine.net/oglasi-oddaja/susak-centar-rijeka-stanovanje_7279899/
7318977,"SUŠAK, CENTAR, RIJEKA",Stanovanje,2-sobno,2.0,750.0,EUR,65.0,1965,,"65 m2, 2-sobno, zgrajeno l. 1965, oddamo. Cena: 750,00 EUR/mes",https://www.nepremicnine.net/oglasi-oddaja/susak-centar-rijeka-stanovanje_7318977/
7392352,"SUŠAK, CENTAR, RIJEKA",Stanovanje,1-sobno,1.0,1400.0,EUR,65.0,,,"65 m2, 1-sobno, oddamo. Cena: 1.400,00 EUR/mes",https://www.nepremicnine.net/oglasi-oddaja/susak-centar-rijeka-stanovanje_7392352/
7392311,"SUŠAK, CENTAR, RIJEKA",Stanovanje,1-sobno,1.0,1000.0,EUR,65.0,,,"65 m2, 1-sobno, oddamo. Cena: 1.000,00 EUR/mes",https://www.nepremicnine.net/oglasi-oddaja/susak-centar-rijeka-stanovanje_7392311/
7392182,"SUŠAK, CENTAR, RIJEKA",Stanovanje,3-sobno,3.0,1000.0,EUR,66.0,1900,,"66 m2, 3-sobno, zgrajeno l. 1900, oddamo. Cena: 1.000,00 EUR/mes",https://www.nepremicnine.net/oglasi-oddaja/susak-centar-rijeka-stanovanje_7392182/
7392368,"SUŠAK, CENTAR, RIJEKA",Stanovanje,2-sobno,2.0,1500.0,EUR,68.0,,,"68 m2, 2-sobno, oddamo. Cena: 1.500,00 EUR/mes",https://www.nepremicnine.net/oglasi-oddaja/susak-centar-rijeka-stanovanje_7392368/
7393131,"SUŠAK, CENTAR, RIJEKA",Stanovanje,2-sobno,2.0,1200.0,EUR,71.0,,,"71 m2, 2-sobno, oddamo. Cena: 1.200,00 EUR/mes",https://www.nepremicnine.net/oglasi-oddaja/susak-centar-rijeka-stanovanje_7393131/
7392360,"SUŠAK, CENTAR, RIJEKA",Stanovanje,2-sobno,2.0,1300.0,EUR,72.0,,,"72 m2, 2-sobno, oddamo. Cena: 1.300,00 EUR/mes",https://www.nepremicnine.net/oglasi-oddaja/susak-centar-rijeka-stanovanje_7392360/
7393773,"SUŠAK, CENTAR, RIJEKA",Stanovanje,4-sobno,4.0,1200.0,EUR,75.0,,,"75 m2, 4-sobno, oddamo. Cena: 1.200,00 EUR/mes",https://www.nepremicnine.net/oglasi-oddaja/susak-centar-rijeka-stanovanje_7393773/
7392595,"SUŠAK, CENTAR, RIJEKA",Stanovanje,2-sobno,2.0,1400.0,EUR,82.0,,,"82 m2, 2-sobno, oddamo. Cena: 1.400,00 EUR/mes",https://www.nepremicnine.net/oglasi-oddaja/susak-centar-rijeka-stanovanje_7392595/
7392353,"SUŠAK, CENTAR, RIJEKA",Stanovanje,1-sobno,1.0,1000.0,EUR,87.0,,,"87 m2, 1-sobno, oddamo. Cena: 1.000,00 EUR/mes",https://www.nepremicnine.net/oglasi-oddaja/susak-centar-rijeka-stanovanje_7392353/
7392219,"SUŠAK, CENTAR, RIJEKA",Stanovanje,2-sobno,2.0,900.0,EUR,90.0,,,"90 m2, 2-sobno, oddamo. Cena: 900,00 EUR/mes",https://www.nepremicnine.net/oglasi-oddaja/susak-centar-rijeka-stanovanje_7392219/
7393791,"SUŠAK, CENTAR, RIJEKA",Stanovanje,4-sobno,4.0,1200.0,EUR,95.0,,,"95 m2, 4-sobno, oddamo. Cena: 1.200,00 EUR/mes",https://www.nepremicnine.net/oglasi-oddaja/susak-centar-rijeka-stanovanje_7393791/
7393286,"SUŠAK, CENTAR, RIJEKA",Stanovanje,1-sobno,1.0,1000.0,EUR,96.0,,,"96 m2, 1-sobno, oddamo. Cena: 1.000,00 EUR/mes",https://www.nepremicnine.net/oglasi-oddaja/susak-centar-rijeka-stanovanje_7393286/
7407714,"SUŠAK, CENTAR, RIJEKA",Stanovanje,4-sobno,4.0,850.0,EUR,100.0,1960,,"100 m2, 4-sobno, zgrajeno l. 1960, oddamo. Cena: 850,00 EUR/mes",https://www.nepremicnine.net/oglasi-oddaja/susak-centar-rijeka-stanovanje_7407714/
7392419,"SUŠAK, CENTAR, RIJEKA",Stanovanje,4-sobno,4.0,850.0,EUR,100.0,,,"100 m2, 4-sobno, oddamo. Cena: 850,00 EUR/mes",https://www.nepremicnine.net/oglasi-oddaja/susak-centar-rijeka-stanovanje_7392419/
7393758,"SUŠAK, CENTAR, RIJEKA",Stanovanje,3-sobno,3.0,1200.0,EUR,105.0,,,"105 m2, 3-sobno, oddamo. Cena: 1.200,00 EUR/mes",https://www.nepremicnine.net/oglasi-oddaja/susak-centar-rijeka-stanovanje_7393758/
7393356,"SUŠAK, CENTAR, RIJEKA",Stanovanje,2-sobno,2.0,2500.0,EUR,105.0,,,"105 m2, 2-sobno, oddamo. Cena: 2.500,00 EUR/mes",https://www.nepremicnine.net/oglasi-oddaja/susak-centar-rijeka-stanovanje_7393356/
7393395,"SUŠAK, CENTAR, RIJEKA",Stanovanje,1-sobno,1.0,900.0,EUR,106.0,,,"106 m2, 1-sobno, oddamo. Cena: 900,00 EUR/mes",https://www.nepremicnine.net/oglasi-oddaja/susak-centar-rijeka-stanovanje_7393395/
7392354,"SUŠAK, CENTAR, RIJEKA",Stanovanje,3-sobno,3.0,1650.0,EUR,112.0,,,"112 m2, 3-sobno, oddamo. Cena: 1.650,00 EUR/mes",https://www.nepremicnine.net/oglasi-oddaja/susak-centar-rijeka-stanovanje_7392354/
7407758,"SUŠAK, CENTAR, RIJEKA",Stanovanje,3-sobno,3.0,1600.0,EUR,150.0,,,"150 m2, 3-sobno, oddamo. Cena: 1.600,00 EUR/mes",https://www.nepremicnine.net/oglasi-oddaja/susak-centar-rijeka-stanovanje_7407758/
7407803,"SUŠAK, CENTAR, RIJEKA",Stanovanje,5 in večsobno,,250.0,EUR,187.0,,,"187 m2, 5 in večsobno, oddamo. Cena: 250,00 EUR/mes",https://www.nepremicnine.net/oglasi-oddaja/susak-centar-rijeka-stanovanje_7407803/
7407795,"SUŠAK, CENTAR, RIJEKA",Stanovanje,5 in večsobno,,800.0,EUR,188.0,,,"188 m2, 5 in večsobno, oddamo. Cena: 800,00 EUR/mes",https://www.nepremicnine.net/oglasi-oddaja/susak-centar-rijeka-stanovanje_7407795/
7403292,"SUŠAK, RIJEKA",Stanovanje,Drugo,,550.0,EUR,40.0,,,"40 m2, stanovanje, oddamo. Cena: 550,00 EUR/mes",https://www.nepremicnine.net/oglasi-oddaja/susak-rijeka-stanovanje_7403292/
7400437,"SV. ANA V SLOVENSKIH GORICAH, 200 M OD CENTRA SVETE ANE",Stanovanje,Garsonjera,,350.0,EUR,45.0,1990,P/P,"45 m2, garsonjera, zgrajena l. 1990, P/P, oddamo. Cena: 350,00 EUR/mes",https://www.nepremicnine.net/oglasi-oddaja/sv-ana-v-slovenskih-goricah-200-m-od-centra-svete-ane-stanovanje_7400437/
7375043,SV. ANTON,Stanovanje,2-sobno,2.0,800.0,EUR,55.0,2024,P/2,"55 m2, 2-sobno, adaptirano l. 2024, P/2 nad., Oddajam 2-sobno stanovanje z pogledom na travnik, gozd, delno morje cca 10...",https://www.nepremicnine.net/oglasi-oddaja/sv-anton-stanovanje_7375043/
7037049,SV. ANTON,Stanovanje,3-sobno,3.0,1200.0,EUR,80.0,2024,P,"80 m2, 3-sobno, adaptirano l. 2024, pritličje, 3 sobno luksuzno stanovanje s pogledom na morje obdano z gozdom, oddamo. ...",https://www.nepremicnine.net/oglasi-oddaja/sv-anton-stanovanje_7037049/
7403713,"SV. ANTON, GREGORIČI",Stanovanje,Apartma,,700.0,EUR,40.0,2021,P,"40 m2, apartma, zgrajen l. 2021, 650 m2 zemljišča, pritličje, Oddaja se prijetni del hiše v Gregoričih pri Svetem Antonu...",https://www.nepremicnine.net/oglasi-oddaja/sv-anton-gregorici-stanovanje_7403713/
7357207,SVETA KLARA,Stanovanje,2-sobno,2.0,850.0,EUR,40.0,2025,,"40 m2, 2-sobno, novogradnja - zgr. l. 2025, oddamo. Cena: 850,00 EUR/mes",https://www.nepremicnine.net/oglasi-oddaja/sveta-klara-stanovanje_7357207/
7309621,SVETA KLARA,Stanovanje,3-sobno,3.0,1500.0,EUR,89.0,,,"89 m2, 3-sobno, oddamo. Cena: 1.500,00 EUR/mes",https://www.nepremicnine.net/oglasi-oddaja/sveta-klara-stanovanje_7309621/
7275572,SVETA KLARA,Stanovanje,4-sobno,4.0,1500.0,EUR,160.0,,,"160 m2, 4-sobno, oddamo. Cena: 1.500,00 EUR/mes",https://www.nepremicnine.net/oglasi-oddaja/sveta-klara-stanovanje_7275572/
7406830,SVETA KLARA,Stanovanje,Drugo,,7200.0,EUR,1200.0,,,"1.200 m2, stanovanje, oddamo. Cena: 7.200,00 EUR/mes",https://www.nepremicnine.net/oglasi-oddaja/sveta-klara-stanovanje_7406830/
7350980,"SVETA KLARA, BOTINEC",Stanovanje,2-sobno,2.0,1200.0,EUR,87.0,,,"87 m2, 2-sobno, oddamo. Cena: 1.200,00 EUR/mes",https://www.nepremicnine.net/oglasi-oddaja/sveta-klara-botinec-stanovanje_7350980/
7254448,"SVETA KLARA, NOVI ZAGREB - ZAPAD",Stanovanje,2-sobno,2.0,210.0,EUR,55.0,,,"55 m2, 2-sobno, oddamo. Cena: 210,00 EUR/mes",https://www.nepremicnine.net/oglasi-oddaja/sveta-klara-novi-zagreb-zapad-stanovanje_7254448/
7243176,"SVETA KLARA, NOVI ZAGREB - ZAPAD",Stanovanje,Drugo,,250.0,EUR,80.0,,,"80 m2, stanovanje, oddamo. Cena: 250,00 EUR/mes",https://www.nepremicnine.net/oglasi-oddaja/sveta-klara-novi-zagreb-zapad-stanovanje_7243176/
7254444,"SVETA KLARA, NOVI ZAGREB - ZAPAD",Stanovanje,3-sobno,3.0,200.0,EUR,100.0,,,"100 m2, 3-sobno, oddamo. Cena: 200,00 EUR/mes",https://www.nepremicnine.net/oglasi-oddaja/sveta-klara-novi-zagreb-zapad-stanovanje_7254444/
7346658,"SVETA KLARA, OTOK",Stanovanje,1-sobno,1.0,950.0,EUR,50.0,,,"50 m2, 1-sobno, oddamo. Cena: 950,00 EUR/mes",https://www.nepremicnine.net/oglasi-oddaja/sveta-klara-otok-stanovanje_7346658/
7355403,"SVETA KLARA, OTOK",Stanovanje,2-sobno,2.0,900.0,EUR,51.0,,,"51 m2, 2-sobno, oddamo. Cena: 900,00 EUR/mes",https://www.nepremicnine.net/oglasi-oddaja/sveta-klara-otok-stanovanje_7355403/
7376961,"SVETA KLARA, REMETINEČKA",Stanovanje,1-sobno,1.0,850.0,EUR,55.0,,,"55 m2, 1-sobno, oddamo. Cena: 850,00 EUR/mes",https://www.nepremicnine.net/oglasi-oddaja/sveta-klara-remetinecka-stanovanje_7376961/
7243312,"SVETA NEDELJA, BREZJE",Stanovanje,2-sobno,2.0,750.0,EUR,75.0,,,"75 m2, 2-sobno, oddamo. Cena: 750,00 EUR/mes",https://www.nepremicnine.net/oglasi-oddaja/sveta-nedelja-brezje-stanovanje_7243312/
7243225,"SVETA NEDELJA, BREZJE",Stanovanje,4-sobno,4.0,200.0,EUR,80.0,2025,,"80 m2, 4-sobno, novogradnja - zgr. l. 2025, oddamo. Cena: 200,00 EUR/mes",https://www.nepremicnine.net/oglasi-oddaja/sveta-nedelja-brezje-stanovanje_7243225/
7243210,"SVETA NEDELJA, BREZJE",Stanovanje,3-sobno,3.0,200.0,EUR,130.0,,,"130 m2, 3-sobno, oddamo. Cena: 200,00 EUR/mes",https://www.nepremicnine.net/oglasi-oddaja/sveta-nedelja-brezje-stanovanje_7243210/
7400307,ŠALARA,Stanovanje,"3,5-sobno",3.5,800.0,EUR,100.0,2025,P,"100 m2, 3,5-sobno, zgrajeno l. 2025, pritličje, oddamo. Cena: 800,00 EUR/mes",https://www.nepremicnine.net/oglasi-oddaja/salara-stanovanje_7400307/
7410845,"ŠALARA, OBRTNA CONA",Stanovanje,Garsonjera,,690.0,EUR,26.0,1980,P,"26 m2, garsonjera, v stavbi zgrajeni l. 1980, adaptirana l. 2026, pritličje, Studio stanovanje z dvema parkirnima mestom...",https://www.nepremicnine.net/oglasi-oddaja/salara-obrtna-cona-stanovanje_7410845/
7369272,"ŠEGOTIĆI, ISTRA",Stanovanje,Apartma,,550.0,EUR,75.0,2010,1/1,"75 m2, apartma, zgrajen l. 2010, 1/1 nad., 75m2 apartma v Istri, 2 spalnici, 1.nadstropje, 2 balkona, parkirišče, optika...",https://www.nepremicnine.net/oglasi-oddaja/segotici-istra-stanovanje_7369272/
7350331,ŠEMPAS,Stanovanje,Soba,,200.0,EUR,15.0,2025,P/1,"15 m2, soba, adaptirana l. 2025, P/1 nad., oddamo. Cena: 200,00 EUR/mes",https://www.nepremicnine.net/oglasi-oddaja/sempas-stanovanje_7350331/
7410272,ŠENČUR,Stanovanje,2-sobno,2.0,970.0,EUR,57.5,2026,,"57,5 m2, 2-sobno, dupleks, zgrajeno l. 2026, 150 m2 zemljišča, nova hiša z zasebno teraso (9 m2) in 2 parkirnima mestoma...",https://www.nepremicnine.net/oglasi-oddaja/sencur-stanovanje_7410272/
7414000,ŠENČUR,Stanovanje,5 in večsobno,,1050.0,EUR,110.0,1975,1,"110 m2, 5 in večsobno, zgrajeno l. 1975, adaptirano l. 2015, 675 m2 zemljišča, 1. nad., Oddajamo stanovanje v Šenčurju, ...",https://www.nepremicnine.net/oglasi-oddaja/sencur-stanovanje_7414000/
7410734,"ŠENTJANŽ PRI DRAVOGRADU, SLO",Stanovanje,"1,5-sobno",1.5,360.0,EUR,33.0,1900,1/3,"33 m2, 1,5-sobno, zgrajeno l. 1900, adaptirano l. 2020, 150 m2 zemljišča, 1/3 nad., 360,00 EUR/mesec, oddamo. Cena: 360,...",https://www.nepremicnine.net/oglasi-oddaja/sentjanz-pri-dravogradu-slo-stanovanje_7410734/
6926556,ŠENTJERNEJ,Stanovanje,1-sobno,1.0,420.0,EUR,32.6,1957,P,"32,6 m2, 1-sobno, zgrajeno l. 1957, pritličje, oddamo. Cena: 420,00 EUR/mes",https://www.nepremicnine.net/oglasi-oddaja/sentjernej-stanovanje_6926556/
7333267,ŠENTJERNEJ,Stanovanje,3-sobno,3.0,600.0,EUR,70.0,1985,,"70 m2, 3-sobno, zgrajeno l. 1985, adaptirano l. 2020, oddamo. Cena: 600,00 EUR/mes",https://www.nepremicnine.net/oglasi-oddaja/sentjernej-stanovanje_7333267/
7394351,"ŠENTJERNEJ, OKOLICA",Stanovanje,2-sobno,2.0,700.0,EUR,125.0,2020,1/1,"125 m2, 2-sobno, adaptirano l. 2020, 1/1 nad., prostorno, luksuzno, popolnoma opremljeno stanovanje v obnovljeni stavbi,...",https://www.nepremicnine.net/oglasi-oddaja/sentjernej-okolica-stanovanje_7394351/
7135373,ŠENTJUR,Stanovanje,2-sobno,2.0,750.0,EUR,64.0,2025,4/5,"64 m2, 2-sobno, zgrajeno l. 2025, 4/5 nad., Stanovanje je vseljivo s 01.10.2026, oddamo. Cena: 750,00 EUR/mes",https://www.nepremicnine.net/oglasi-oddaja/sentjur-stanovanje_7135373/
7093109,ŠENTJUR,Stanovanje,4-sobno,4.0,600.0,EUR,120.0,1984,1/2,"120 m2, 4-sobno, zgrajeno l. 1984, adaptirano l. 2024, 1/2 nad., oddamo. Cena: 600,00 EUR/mes",https://www.nepremicnine.net/oglasi-oddaja/sentjur-stanovanje_7093109/
7412790,ŠENTVID,Stanovanje,Soba,,400.0,EUR,12.0,1970,,"12 m2, soba, zgrajena l. 1970, oddamo. Cena: 400,00 EUR/mes",https://www.nepremicnine.net/oglasi-oddaja/sentvid-stanovanje_7412790/
7335249,ŠENTVID,Stanovanje,Garsonjera,,550.0,EUR,32.0,2015,1/1,"32 m2, garsonjera, zgrajena l. 2015, 1/1 nad., oddamo. Cena: 550,00 EUR/mes",https://www.nepremicnine.net/oglasi-oddaja/sentvid-stanovanje_7335249/
7382858,ŠENTVID,Stanovanje,Garsonjera,,800.0,EUR,33.8,1973,3/4,"33,8 m2, garsonjera, zgrajena l. 1973, adaptirana l. 2024, 3/4 nad., Prijetna opremljena garsonjera v Šentvidu, Prušniko...",https://www.nepremicnine.net/oglasi-oddaja/sentvid-stanovanje_7382858/
7133499,ŠENTVID,Stanovanje,1-sobno,1.0,890.0,EUR,40.0,1994,P/2,"40 m2, 1-sobno, zgrajeno l. 1994, adaptirano l. 2022, P/2 nad., oddamo. Cena: 890,00 EUR/mes",https://www.nepremicnine.net/oglasi-oddaja/sentvid-stanovanje_7133499/
7362611,"ŠENTVID PRI STIČNI, CENTER VASI",Stanovanje,1-sobno,1.0,650.0,EUR,48.0,2000,M,"48 m2, 1-sobno, zgrajeno l. 2000, mansarda, Urejeno stanovanje v centu vasi. Primerno za do 3 osebe. Cena je z vključeni...",https://www.nepremicnine.net/oglasi-oddaja/sentvid-pri-sticni-center-vasi-stanovanje_7362611/
7406691,"ŠENTVID, POD GOZDOM",Stanovanje,"2,5-sobno",2.5,930.0,EUR,55.0,2009,P,"55 m2, 2,5-sobno, adaptirano l. 2009, pritličje, 2,5 sobno stanovanje ob gozdu v Ljubljani, oddamo. Cena: 930,00 EUR/mes...",https://www.nepremicnine.net/oglasi-oddaja/sentvid-pod-gozdom-stanovanje_7406691/
7269119,ŠESTINSKI DOL,Stanovanje,2-sobno,2.0,800.0,EUR,49.0,2006,,"49 m2, 2-sobno, zgrajeno l. 2006, oddamo. Cena: 800,00 EUR/mes",https://www.nepremicnine.net/oglasi-oddaja/sestinski-dol-stanovanje_7269119/
7396462,ŠESTINSKI DOL,Stanovanje,1-sobno,1.0,700.0,EUR,51.0,1938,,"51 m2, 1-sobno, zgrajeno l. 1938, oddamo. Cena: 700,00 EUR/mes",https://www.nepremicnine.net/oglasi-oddaja/sestinski-dol-stanovanje_7396462/
7335084,ŠESTINSKI DOL,Stanovanje,2-sobno,2.0,1500.0,EUR,82.0,,,"82 m2, 2-sobno, oddamo. Cena: 1.500,00 EUR/mes",https://www.nepremicnine.net/oglasi-oddaja/sestinski-dol-stanovanje_7335084/
7406943,ŠESTINSKI DOL,Stanovanje,3-sobno,3.0,2200.0,EUR,122.0,2005,,"122 m2, 3-sobno, zgrajeno l. 2005, oddamo. Cena: 2.200,00 EUR/mes",https://www.nepremicnine.net/oglasi-oddaja/sestinski-dol-stanovanje_7406943/
7093602,ŠESTINSKI DOL,Stanovanje,3-sobno,3.0,2800.0,EUR,200.0,,,"200 m2, 3-sobno, oddamo. Cena: 2.800,00 EUR/mes",https://www.nepremicnine.net/oglasi-oddaja/sestinski-dol-stanovanje_7093602/
7355353,"ŠESTINSKI DOL, DR. ANTE ŠERCERA",Stanovanje,2-sobno,2.0,1500.0,EUR,86.0,,,"86 m2, 2-sobno, oddamo. Cena: 1.500,00 EUR/mes",https://www.nepremicnine.net/oglasi-oddaja/sestinski-dol-dr-ante-sercera-stanovanje_7355353/
7284595,"ŠESTINSKI DOL, JELENOVAC",Stanovanje,1-sobno,1.0,800.0,EUR,50.0,,,"50 m2, 1-sobno, ""penthouse"", oddamo. Cena: 800,00 EUR/mes",https://www.nepremicnine.net/oglasi-oddaja/sestinski-dol-jelenovac-stanovanje_7284595/
7285849,"ŠESTINSKI DOL, JELENOVAC",Stanovanje,3-sobno,3.0,1700.0,EUR,112.0,,,"112 m2, 3-sobno, oddamo. Cena: 1.700,00 EUR/mes",https://www.nepremicnine.net/oglasi-oddaja/sestinski-dol-jelenovac-stanovanje_7285849/
7286570,"ŠESTINSKI DOL, JELENOVAC",Stanovanje,2-sobno,2.0,1400.0,EUR,113.0,,,"113 m2, 2-sobno, oddamo. Cena: 1.400,00 EUR/mes",https://www.nepremicnine.net/oglasi-oddaja/sestinski-dol-jelenovac-stanovanje_7286570/
7395347,"ŠESTINSKI DOL, JELENOVAC",Stanovanje,3-sobno,3.0,4500.0,EUR,217.0,,,"217 m2, 3-sobno, oddamo. Cena: 4.500,00 EUR/mes",https://www.nepremicnine.net/oglasi-oddaja/sestinski-dol-jelenovac-stanovanje_7395347/
7241806,"ŠESTINSKI DOL, JELENOVAC, ČRNOMEREC",Stanovanje,3-sobno,3.0,2900.0,EUR,150.0,,,"150 m2, 3-sobno, oddamo. Cena: 2.900,00 EUR/mes",https://www.nepremicnine.net/oglasi-oddaja/sestinski-dol-jelenovac-crnomerec-stanovanje_7241806/
7283731,"ŠESTINSKI DOL, KOSIRNIKOVA",Stanovanje,1-sobno,1.0,500.0,EUR,25.0,,,"25 m2, 1-sobno, oddamo. Cena: 500,00 EUR/mes",https://www.nepremicnine.net/oglasi-oddaja/sestinski-dol-kosirnikova-stanovanje_7283731/
7395258,"ŠESTINSKI DOL, KUNISCAK",Stanovanje,2-sobno,2.0,1500.0,EUR,102.0,,,"102 m2, 2-sobno, oddamo. Cena: 1.500,00 EUR/mes",https://www.nepremicnine.net/oglasi-oddaja/sestinski-dol-kuniscak-stanovanje_7395258/
6684099,"ŠESTINSKI DOL, VIDIKOVAC",Stanovanje,3-sobno,3.0,1950.0,EUR,135.0,,,"135 m2, 3-sobno, oddamo. Cena: 1.950,00 EUR/mes",https://www.nepremicnine.net/oglasi-oddaja/sestinski-dol-vidikovac-stanovanje_6684099/
7284353,"ŠESTINSKI DOL, VINOGRADSKA",Stanovanje,2-sobno,2.0,1200.0,EUR,73.0,,,"73 m2, 2-sobno, oddamo. Cena: 1.200,00 EUR/mes",https://www.nepremicnine.net/oglasi-oddaja/sestinski-dol-vinogradska-stanovanje_7284353/
7371755,"ŠESTINSKI DOL, VRHOVEC",Stanovanje,2-sobno,2.0,950.0,EUR,81.0,,,"81 m2, 2-sobno, oddamo. Cena: 950,00 EUR/mes",https://www.nepremicnine.net/oglasi-oddaja/sestinski-dol-vrhovec-stanovanje_7371755/
7413020,"ŠESTINSKI DOL, VRHOVEC",Stanovanje,2-sobno,2.0,1800.0,EUR,82.0,,,"82 m2, 2-sobno, oddamo. Cena: 1.800,00 EUR/mes",https://www.nepremicnine.net/oglasi-oddaja/sestinski-dol-vrhovec-stanovanje_7413020/
7412808,"ŠESTINSKI DOL, VRHOVEC",Stanovanje,3-sobno,3.0,2200.0,EUR,121.0,,,"121 m2, 3-sobno, oddamo. Cena: 2.200,00 EUR/mes",https://www.nepremicnine.net/oglasi-oddaja/sestinski-dol-vrhovec-stanovanje_7412808/
7284328,"ŠESTINSKI DOL, VRHOVEC",Stanovanje,3-sobno,3.0,1400.0,EUR,128.0,,,"128 m2, 3-sobno, oddamo. Cena: 1.400,00 EUR/mes",https://www.nepremicnine.net/oglasi-oddaja/sestinski-dol-vrhovec-stanovanje_7284328/
7075637,"ŠESTINSKI DOL, VRTLARSKA",Stanovanje,1-sobno,1.0,800.0,EUR,42.0,,,"42 m2, 1-sobno, oddamo. Cena: 800,00 EUR/mes",https://www.nepremicnine.net/oglasi-oddaja/sestinski-dol-vrtlarska-stanovanje_7075637/
7386616,"ŠIBENIK, BRODARICA",Stanovanje,2-sobno,2.0,1800.0,EUR,123.0,,,"123 m2, 2-sobno, oddamo. Cena: 1.800,00 EUR/mes",https://www.nepremicnine.net/oglasi-oddaja/sibenik-brodarica-stanovanje_7386616/
7338747,ŠKALE,Stanovanje,1-sobno,1.0,260.0,EUR,9.0,1980,1/2,"9 m2, 1-sobno, zgrajeno l. 1980, adaptirano l. 2015, 100 m2 zemljišča, 1/2 nad., oddamo. Cena: cca 260,00 EUR/mes",https://www.nepremicnine.net/oglasi-oddaja/skale-stanovanje_7338747/
7338740,"ŠKALE, VELENJE",Stanovanje,Soba,,190.0,EUR,12.0,1977,P+1+M,"12 m2, soba, zgrajena l. 1977, adaptirana l. 2022, 600 m2 zemljišča, P+1+M, oddamo. Cena: cca 190,00 EUR/mes",https://www.nepremicnine.net/oglasi-oddaja/skale-velenje-stanovanje_7338740/
7390598,ŠKOFJA LOKA,Stanovanje,"1,5-sobno",1.5,850.0,EUR,44.1,2026,P/3,"44,1 m2, 1,5-sobno, novogradnja - zgr. l. 2026, 42 m2 zemljišča, P/3 nad., Oddamo novo, popolnoma opremljeno stanovanje ...",https://www.nepremicnine.net/oglasi-oddaja/skofja-loka-stanovanje_7390598/
7408927,ŠKOFJA LOKA,Stanovanje,3-sobno,3.0,850.0,EUR,80.0,2026,,"80 m2, 3-sobno, adaptirano l. 2026, generalno adaptirano stanovanje, ki obsega dve spalnici, kabinet, novo bivalno kuhin...",https://www.nepremicnine.net/oglasi-oddaja/skofja-loka-stanovanje_7408927/
7355400,"ŠKOFJA LOKA, CENTER",Stanovanje,"1,5-sobno",1.5,600.0,EUR,55.7,1870,1,"55,7 m2, 1,5-sobno, zgrajeno l. 1870, 1. nad., Oddamo 1,5-sobno stanovanje, oddamo. Cena: 600,00 EUR/mes",https://www.nepremicnine.net/oglasi-oddaja/skofja-loka-center-stanovanje_7355400/
7398324,"ŠKOFJA LOKA, CENTER",Stanovanje,2-sobno,2.0,790.0,EUR,58.0,1938,1/K+P+1+M,"58 m2, 2-sobno, zgrajeno l. 1938, adaptirano l. 2004, 40 m2 zemljišča, 1/K+P+1+M, posredujemo pri oddaji dvosobnega stan...",https://www.nepremicnine.net/oglasi-oddaja/skofja-loka-center-stanovanje_7398324/
7412864,"ŠKOFJA LOKA, TAVČARJEVA ULICA",Stanovanje,2-sobno,2.0,870.0,EUR,62.1,2006,1/2,"62,1 m2, 2-sobno, zgrajeno l. 2006, 1/2 nad., oddamo v najem delno opremljeno in vzdrževano 2 sobno stanovanje z ložo in...",https://www.nepremicnine.net/oglasi-oddaja/skofja-loka-tavcarjeva-ulica-stanovanje_7412864/
7050712,"ŠKOFJA VAS, 16",Stanovanje,2-sobno,2.0,700.0,EUR,90.0,2005,1/1,"90 m2, 2-sobno, adaptirano l. 2005, 1/1 nad., za daljše obdobje oddamo delno opremljeno stanovanje kuhinja z jedilnico, ...",https://www.nepremicnine.net/oglasi-oddaja/skofja-vas-16-stanovanje_7050712/
7351012,ŠKOFLJICA,Stanovanje,4-sobno,4.0,1300.0,EUR,94.85,1979,1/2,"94,85 m2, 4-sobno, zgrajeno l. 1979, adaptirano l. 2026, 1/2 nad., Odlična lokacija, prostorno stanovanje, adaptirano, o...",https://www.nepremicnine.net/oglasi-oddaja/skofljica-stanovanje_7351012/
6975938,ŠKOFLJICA,Stanovanje,3-sobno,3.0,1000.0,EUR,120.0,1920,1/2,"120 m2, 3-sobno, zgrajeno l. 1920, adaptirano l. 2002, 1/2 nad., oddaja se etaža objekta z lastnim vhodom in parkiriščem...",https://www.nepremicnine.net/oglasi-oddaja/skofljica-stanovanje_6975938/
7398526,ŠKURINJSKA DRAGA,Stanovanje,5 in večsobno,,2700.0,EUR,150.0,,,"150 m2, 5 in večsobno, oddamo. Cena: 2.700,00 EUR/mes",https://www.nepremicnine.net/oglasi-oddaja/skurinjska-draga-stanovanje_7398526/
7392873,"ŠKURINJSKA DRAGA, ŠKURINJE, RIJEKA",Stanovanje,3-sobno,3.0,800.0,EUR,85.0,,,"85 m2, 3-sobno, oddamo. Cena: 800,00 EUR/mes",https://www.nepremicnine.net/oglasi-oddaja/skurinjska-draga-skurinje-rijeka-stanovanje_7392873/
7392088,ŠMARJE,Stanovanje,2-sobno,2.0,950.0,EUR,70.0,1982,,"70 m2, 2-sobno, zgrajeno l. 1982, oddamo. Cena: 950,00 EUR/mes",https://www.nepremicnine.net/oglasi-oddaja/smarje-stanovanje_7392088/
7408938,ŠMARJE - SAP,Stanovanje,Soba,,220.0,EUR,15.0,1987,2/3,"15 m2, soba, zgrajena l. 1987, 2/3 nad., oddamo. Cena: cca 220,00 EUR/mes",https://www.nepremicnine.net/oglasi-oddaja/smarje-sap-stanovanje_7408938/
7391933,ŠMARJE - SAP,Stanovanje,"1,5-sobno",1.5,500.0,EUR,38.0,1993,P,"38 m2, 1,5-sobno, zgrajeno l. 1993, adaptirano l. 2021, pritličje, Oddam stanovanje eni (1) osebi. Stanovanje ima ločen ...",https://www.nepremicnine.net/oglasi-oddaja/smarje-sap-stanovanje_7391933/
7405385,ŠMARJE - SAP,Stanovanje,4-sobno,4.0,1200.0,EUR,140.0,1982,1/2,"140 m2, 4-sobno, zgrajeno l. 1982, 1/2 nad., Komplet opremljeno, zelo svetlo stanovanje, blizu avtocestnega priključka, ...",https://www.nepremicnine.net/oglasi-oddaja/smarje-sap-stanovanje_7405385/
7408356,ŠMARJE PRI SEŽANI,Stanovanje,2-sobno,2.0,800.0,EUR,120.0,1960,1/2,"120 m2, 2-sobno, zgrajeno l. 1960, 1/2 nad., oddamo. Cena: 800,00 EUR/mes",https://www.nepremicnine.net/oglasi-oddaja/smarje-pri-sezani-stanovanje_7408356/
7412853,"ŠMARJE, REZIDENCE MURVA",Stanovanje,1-sobno,1.0,950.0,EUR,57.0,2025,P/2,"57 m2, 1-sobno, zgrajeno l. 2025, P/2 nad., Oddaja pritličnega prostora v novogradnji Rezidence in Vile Murva V sklopu n...",https://www.nepremicnine.net/oglasi-oddaja/smarje-rezidence-murva-stanovanje_7412853/
7378237,ŠMARJEŠKE TOPLICE,Stanovanje,1-sobno,1.0,500.0,EUR,43.0,2007,2/2,"43 m2, 1-sobno, zgrajeno l. 2007, 2/2 nad., oddamo. Cena: 500,00 EUR/mes",https://www.nepremicnine.net/oglasi-oddaja/smarjeske-toplice-stanovanje_7378237/
7369309,ŠMARJEŠKE TOPLICE,Stanovanje,2-sobno,2.0,700.0,EUR,55.0,2016,1/1,"55 m2, 2-sobno, zgrajeno l. 2016, 374 m2 zemljišča, 1/1 nad., oddamo. Cena: 700,00 EUR/mes",https://www.nepremicnine.net/oglasi-oddaja/smarjeske-toplice-stanovanje_7369309/
7362873,ŠMARTNO NA POHORJU,Stanovanje,2-sobno,2.0,580.0,EUR,50.0,2015,P/2,"50 m2, 2-sobno, zgrajeno l. 2015, P/2 nad., oddamo. Cena: 580,00 EUR/mes",https://www.nepremicnine.net/oglasi-oddaja/smartno-na-pohorju-stanovanje_7362873/
7382085,ŠMARTNO PRI SLOVENJ GRADCU,Stanovanje,3-sobno,3.0,450.0,EUR,83.0,2021,2/2,"83 m2, 3-sobno, adaptirano l. 2021, 2/2 nad., Oddamo popolnoma opremljeno in klimatizirano stanovanje v prvem nadstropju...",https://www.nepremicnine.net/oglasi-oddaja/smartno-pri-slovenj-gradcu-stanovanje_7382085/
7335122,ŠOŠTANJ,Stanovanje,Soba,,300.0,EUR,12.0,2020,,"12 m2, soba, zgrajena l. 2020, 7 km iz Velenja, oddamo. Cena: 300,00 EUR/mes",https://www.nepremicnine.net/oglasi-oddaja/sostanj-stanovanje_7335122/
7276629,ŠOŠTANJ,Stanovanje,Garsonjera,,350.0,EUR,20.0,1990,1/1,"20 m2, garsonjera, zgrajena l. 1990, adaptirana l. 2020, 1/1 nad., oddamo. Cena: 350,00 EUR/mes",https://www.nepremicnine.net/oglasi-oddaja/sostanj-stanovanje_7276629/
7411211,ŠOŠTANJ,Stanovanje,1-sobno,1.0,350.0,EUR,30.0,1980,5/5,"30 m2, 1-sobno, ""penthouse"", zgrajeno l. 1980, 5/5 nad., oddamo. Cena: 350,00 EUR/mes",https://www.nepremicnine.net/oglasi-oddaja/sostanj-stanovanje_7411211/
7335109,ŠOŠTANJ,Stanovanje,Garsonjera,,600.0,EUR,35.0,2010,,"35 m2, garsonjera, zgrajena l. 2010, 7 km iz Velenja, oddamo. Cena: 600,00 EUR/mes",https://www.nepremicnine.net/oglasi-oddaja/sostanj-stanovanje_7335109/
7413010,ŠOŠTANJ,Stanovanje,2-sobno,2.0,800.0,EUR,50.0,2010,,"50 m2, 2-sobno, zgrajeno l. 2010, cca 7 km iz Velenja, oddamo. Cena: 800,00 EUR/mes",https://www.nepremicnine.net/oglasi-oddaja/sostanj-stanovanje_7413010/
7403099,"ŠOŠTANJ, CENTER MESTA",Stanovanje,"2,5-sobno",2.5,550.0,EUR,78.0,1986,P/3,"78 m2, 2,5-sobno, zgrajeno l. 1986, P/3 nad., oddamo. Cena: cca 550,00 EUR/mes",https://www.nepremicnine.net/oglasi-oddaja/sostanj-center-mesta-stanovanje_7403099/
7398221,"ŠOŠTANJ, GLAVNI TRG",Stanovanje,3-sobno,3.0,600.0,EUR,65.5,1850,,"65,5 m2, 3-sobno, zgrajeno l. 1850, oddamo. Cena: 600,00 EUR/mes",https://www.nepremicnine.net/oglasi-oddaja/sostanj-glavni-trg-stanovanje_7398221/
7366845,ŠPANSKO - STENJEVEC,Stanovanje,1-sobno,1.0,700.0,EUR,36.0,,,"36 m2, 1-sobno, oddamo. Cena: 700,00 EUR/mes",https://www.nepremicnine.net/oglasi-oddaja/spansko-stenjevec-stanovanje_7366845/
7409315,ŠPANSKO - STENJEVEC,Stanovanje,1-sobno,1.0,800.0,EUR,41.0,1990,,"41 m2, 1-sobno, zgrajeno l. 1990, oddamo. Cena: 800,00 EUR/mes",https://www.nepremicnine.net/oglasi-oddaja/spansko-stenjevec-stanovanje_7409315/
7405883,ŠPANSKO - STENJEVEC,Stanovanje,1-sobno,1.0,750.0,EUR,43.0,,,"43 m2, 1-sobno, oddamo. Cena: 750,00 EUR/mes",https://www.nepremicnine.net/oglasi-oddaja/spansko-stenjevec-stanovanje_7405883/
7292975,ŠPANSKO - STENJEVEC,Stanovanje,2-sobno,2.0,950.0,EUR,56.0,,,"56 m2, 2-sobno, oddamo. Cena: 950,00 EUR/mes",https://www.nepremicnine.net/oglasi-oddaja/spansko-stenjevec-stanovanje_7292975/
7283745,ŠPANSKO - STENJEVEC,Stanovanje,2-sobno,2.0,1200.0,EUR,65.0,,,"65 m2, 2-sobno, oddamo. Cena: 1.200,00 EUR/mes",https://www.nepremicnine.net/oglasi-oddaja/spansko-stenjevec-stanovanje_7283745/
7366918,ŠPANSKO - STENJEVEC,Stanovanje,2-sobno,2.0,900.0,EUR,69.0,,,"69 m2, 2-sobno, oddamo. Cena: 900,00 EUR/mes",https://www.nepremicnine.net/oglasi-oddaja/spansko-stenjevec-stanovanje_7366918/
7309167,ŠPANSKO - STENJEVEC,Stanovanje,3-sobno,3.0,850.0,EUR,80.0,2021,,"80 m2, 3-sobno, novogradnja - zgr. l. 2021, oddamo. Cena: 850,00 EUR/mes",https://www.nepremicnine.net/oglasi-oddaja/spansko-stenjevec-stanovanje_7309167/
7254112,ŠPANSKO - STENJEVEC,Stanovanje,2-sobno,2.0,200.0,EUR,80.0,,,"80 m2, 2-sobno, oddamo. Cena: 200,00 EUR/mes",https://www.nepremicnine.net/oglasi-oddaja/spansko-stenjevec-stanovanje_7254112/
7252070,ŠPANSKO - STENJEVEC,Stanovanje,2-sobno,2.0,200.0,EUR,85.0,,,"85 m2, 2-sobno, oddamo. Cena: 200,00 EUR/mes",https://www.nepremicnine.net/oglasi-oddaja/spansko-stenjevec-stanovanje_7252070/
7361665,"ŠPANSKO - STENJEVEC, MALEŠNICA",Stanovanje,1-sobno,1.0,1000.0,EUR,60.0,,,"60 m2, 1-sobno, oddamo. Cena: 1.000,00 EUR/mes",https://www.nepremicnine.net/oglasi-oddaja/spansko-stenjevec-malesnica-stanovanje_7361665/
7412122,"ŠPANSKO - STENJEVEC, MALEŠNICA",Stanovanje,3-sobno,3.0,780.0,EUR,83.0,,,"83 m2, 3-sobno, oddamo. Cena: 780,00 EUR/mes",https://www.nepremicnine.net/oglasi-oddaja/spansko-stenjevec-malesnica-stanovanje_7412122/
7386477,ŠTEPANJSKO NASELJE,Stanovanje,1-sobno,1.0,850.0,EUR,42.8,1975,8/14,"42,8 m2, 1-sobno, zgrajeno l. 1975, adaptirano l. 2023, 8/14 nad., Stanovanje z nizkimi obratovalnim stroški, locirano n...",https://www.nepremicnine.net/oglasi-oddaja/stepanjsko-naselje-stanovanje_7386477/
7409002,ŠTEPANJSKO NASELJE,Stanovanje,3-sobno,3.0,300.0,EUR,86.0,2017,P,"86 m2, 3-sobno, adaptirano l. 2017, pritličje, oddamo. Cena: 300,00 EUR/mes",https://www.nepremicnine.net/oglasi-oddaja/stepanjsko-naselje-stanovanje_7409002/
7404025,"ŠTEPANJSKO NASELJE, SLOVENIJA",Stanovanje,Garsonjera,,700.0,EUR,28.0,1975,4/12,"28 m2, garsonjera, zgrajena l. 1975, 4/12 nad., oddamo. Cena: 700,00 EUR/mes",https://www.nepremicnine.net/oglasi-oddaja/stepanjsko-naselje-slovenija-stanovanje_7404025/
7413785,ŠTORE,Stanovanje,1-sobno,1.0,800.0,EUR,45.0,2026,P,"45 m2, 1-sobno, zgrajeno l. 2026, 30 m2 zemljišča, pritličje, oddamo. Cena: 800,00 EUR/mes",https://www.nepremicnine.net/oglasi-oddaja/store-stanovanje_7413785/
7405824,ŠTORE,Stanovanje,3-sobno,3.0,600.0,EUR,82.0,1979,5/8,"82 m2, 3-sobno, zgrajeno l. 1979, adaptirano l. 2018, 5/8 nad., oddamo. Cena: 600,00 EUR/mes",https://www.nepremicnine.net/oglasi-oddaja/store-stanovanje_7405824/
7400471,"ŠTORE, CELJE",Stanovanje,"1,5-sobno",1.5,420.0,EUR,48.0,1900,2/2,"48 m2, 1,5-sobno, zgrajeno l. 1900, adaptirano l. 2025, 2/2 nad., oddamo. Cena: 420,00 EUR/mes",https://www.nepremicnine.net/oglasi-oddaja/store-celje-stanovanje_7400471/
7403053,ŠUJICA,Stanovanje,2-sobno,2.0,790.0,EUR,56.0,1984,,"56 m2, 2-sobno, zgrajeno l. 1984, oddamo. Cena: 790,00 EUR/mes",https://www.nepremicnine.net/oglasi-oddaja/sujica-stanovanje_7403053/
7407455,TABOR,Stanovanje,Soba,,200.0,EUR,10.0,1970,6/11,"10 m2, soba, zgrajena l. 1970, 6/11 nad., oddamo. Cena: 200,00 EUR/mes",https://www.nepremicnine.net/oglasi-oddaja/tabor-stanovanje_7407455/
7145563,TABOR,Stanovanje,Soba,,200.0,EUR,20.0,1958,1/4,"20 m2, soba, zgrajena l. 1958, adaptirana l. 2025, 1/4 nad., Prosta še ena postelja v dvoposteljni sobi, ki je primerno ...",https://www.nepremicnine.net/oglasi-oddaja/tabor-stanovanje_7145563/
7410374,TABOR,Stanovanje,Garsonjera,,380.0,EUR,27.0,1970,VP/4,"27 m2, garsonjera, zgrajena l. 1970, adaptirana l. 2025, VP/4 nad., oddamo. Cena: 380,00 EUR/mes",https://www.nepremicnine.net/oglasi-oddaja/tabor-stanovanje_7410374/
7299421,TABOR,Stanovanje,Garsonjera,,430.0,EUR,30.7,1961,1,"30,7 m2, garsonjera, zgrajena l. 1961, adaptirana l. 2026, 1. nad., Oddam prenovljeno garsonjero na Taboru s pogledom na...",https://www.nepremicnine.net/oglasi-oddaja/tabor-stanovanje_7299421/
7351508,TABOR,Stanovanje,1-sobno,1.0,500.0,EUR,31.7,1875,1/1,"31,7 m2, 1-sobno, zgrajeno l. 1875, adaptirano l. 2025, 1/1 nad., oddamo. Cena: 500,00 EUR/mes",https://www.nepremicnine.net/oglasi-oddaja/tabor-stanovanje_7351508/
7406502,TABOR,Stanovanje,1-sobno,1.0,450.0,EUR,34.2,1968,1/10,"34,2 m2, 1-sobno, zgrajeno l. 1968, adaptirano l. 2019, 1/10 nad., oddamo. Cena: cca 450,00 EUR/mes",https://www.nepremicnine.net/oglasi-oddaja/tabor-stanovanje_7406502/
7317483,TABOR,Stanovanje,1-sobno,1.0,480.0,EUR,34.6,1967,5,"34,6 m2, 1-sobno, zgrajeno l. 1967, 5. nad., oddamo. Cena: 480,00 EUR/mes",https://www.nepremicnine.net/oglasi-oddaja/tabor-stanovanje_7317483/
7315598,TABOR,Stanovanje,1-sobno,1.0,850.0,EUR,34.7,2025,3/3,"34,7 m2, 1-sobno, ""penthouse"", zgrajeno l. 2025, 3/3 nad., Novo oprem. stan. -cena s str., čišč, park., int, o...",https://www.nepremicnine.net/oglasi-oddaja/tabor-stanovanje_7315598/
7411256,TABOR,Stanovanje,2-sobno,2.0,450.0,EUR,40.0,2016,2/3,"40 m2, 2-sobno, adaptirano l. 2016, 2/3 nad., oddamo. Cena: 450,00 EUR/mes",https://www.nepremicnine.net/oglasi-oddaja/tabor-stanovanje_7411256/
7413712,TABOR,Stanovanje,1-sobno,1.0,430.0,EUR,40.0,2018,2/4,"40 m2, 1-sobno, adaptirano l. 2018, 2/4 nad., Oddaja, 1 sobno, opremljeno, oddamo. Cena: cca 430,00 EUR/mes",https://www.nepremicnine.net/oglasi-oddaja/tabor-stanovanje_7413712/
7360121,TABOR,Stanovanje,Garsonjera,,550.0,EUR,41.0,2008,2/5,"41 m2, garsonjera, zgrajena l. 2008, 2/5 nad., 41 m2, 1-sobno, zgrajeno l. 2008, 2/5 nad., Maribor, Magdalena: Oddamo 1 ...",https://www.nepremicnine.net/oglasi-oddaja/tabor-stanovanje_7360121/
7378462,TABOR,Stanovanje,2-sobno,2.0,550.0,EUR,42.0,1963,4/10,"42 m2, 2-sobno, zgrajeno l. 1963, adaptirano l. 2020, 4/10 nad., oddamo. Cena: 550,00 EUR/mes",https://www.nepremicnine.net/oglasi-oddaja/tabor-stanovanje_7378462/
7386614,TABOR,Stanovanje,1-sobno,1.0,750.0,EUR,51.8,1938,PK,"51,8 m2, 1-sobno, zgrajeno l. 1938, adaptirano l. 2021, polklet, na lepi in dostopni lokaciji, vzdrževano in delo prenov...",https://www.nepremicnine.net/oglasi-oddaja/tabor-stanovanje_7386614/
7411337,TABOR,Stanovanje,1-sobno,1.0,580.0,EUR,55.0,1912,2/3,"55 m2, 1-sobno, zgrajeno l. 1912, adaptirano l. 2015, 2/3 nad., dobra lokacija, bližina ukc in medicinske fakultete, vse...",https://www.nepremicnine.net/oglasi-oddaja/tabor-stanovanje_7411337/
7414536,TABOR,Stanovanje,2-sobno,2.0,550.0,EUR,57.5,1966,VP/5,"57,5 m2, 2-sobno, zgrajeno l. 1966, adaptirano l. 2017, VP/5 nad., ekskluzivno oddamo - prijetno opremljeno 2-sobno stan...",https://www.nepremicnine.net/oglasi-oddaja/tabor-stanovanje_7414536/
7408747,TABOR,Stanovanje,2-sobno,2.0,720.0,EUR,58.0,1979,8/8,"58 m2, 2-sobno, zgrajeno l. 1979, adaptirano l. 2023, 8/8 nad., Oddam 2-sobno stanovanje v Mariboru, oddamo. Cena: 720,0...",https://www.nepremicnine.net/oglasi-oddaja/tabor-stanovanje_7408747/
7413776,TABOR,Stanovanje,3-sobno,3.0,290.0,EUR,61.0,1966,4/6,"61 m2, 3-sobno, zgrajeno l. 1966, adaptirano l. 2026, 4/6 nad., oddaja sob / postelj - popolnoma prenovljeno stanovanje,...",https://www.nepremicnine.net/oglasi-oddaja/tabor-stanovanje_7413776/
7412981,TABOR,Stanovanje,2-sobno,2.0,720.0,EUR,63.0,1988,2/8,"63 m2, 2-sobno, zgrajeno l. 1988, adaptirano l. 2021, 2/8 nad., TABOR, Knafelčeva, 63 m2, 2-sobno, zgrajeno l. 1988, ada...",https://www.nepremicnine.net/oglasi-oddaja/tabor-stanovanje_7412981/
7386111,TABOR,Stanovanje,"2,5-sobno",2.5,600.0,EUR,80.0,2006,2/5,"80 m2, 2,5-sobno, zgrajeno l. 2006, 2/5 nad., oddamo. Cena: 600,00 EUR/mes",https://www.nepremicnine.net/oglasi-oddaja/tabor-stanovanje_7386111/
7409655,TABOR,Stanovanje,3-sobno,3.0,1850.0,EUR,89.6,1983,10/11,"89,6 m2, 3-sobno, zgrajeno l. 1983, adaptirano l. 2020, 10/11 nad., oddamo. Cena: 1.850,00 EUR/mes",https://www.nepremicnine.net/oglasi-oddaja/tabor-stanovanje_7409655/
7414649,TABOR,Stanovanje,4-sobno,4.0,900.0,EUR,90.5,1971,VP/4,"90,5 m2, 4-sobno, zgrajeno l. 1971, adaptirano l. 2023, VP/4 nad., oddamo. Cena: 900,00 EUR/mes",https://www.nepremicnine.net/oglasi-oddaja/tabor-stanovanje_7414649/
7408991,"TABOR, BETNAVA",Stanovanje,2-sobno,2.0,650.0,EUR,68.0,1972,P/5,"68 m2, 2-sobno, v stavbi zgrajeni l. 1972, adaptirano l. 2022, P/5 nad., oddamo. Cena: cca 650,00 EUR/mes",https://www.nepremicnine.net/oglasi-oddaja/tabor-betnava-stanovanje_7408991/
7361095,"TABOR, BEŽIGRAD, SITULA",Stanovanje,2-sobno,2.0,1400.0,EUR,61.0,2011,3/5,"61 m2, 2-sobno, zgrajeno l. 2011, 3/5 nad., oddamo. Cena: 1.400,00 EUR/mes",https://www.nepremicnine.net/oglasi-oddaja/tabor-bezigrad-situla-stanovanje_7361095/
7405769,"TABOR, BLIZU MEDICINSKE FAKULTETE",Stanovanje,3-sobno,3.0,230.0,EUR,70.0,2023,4/9,"70 m2, 3-sobno, adaptirano l. 2023, 4/9 nad., Kontakt: 0402271, oddamo. Cena: 230,00 EUR/osebo na mes",https://www.nepremicnine.net/oglasi-oddaja/tabor-blizu-medicinske-fakultete-stanovanje_7405769/
7310465,"TABOR, BLIZU UKC, JEZDARSKA ULICA",Stanovanje,Garsonjera,,390.0,EUR,20.0,1930,3/3,"20 m2, garsonjera, zgrajena l. 1930, adaptirana l. 2025, 3/3 nad., Oddaja se opremljena svetla in prijetna garsonjera bl...",https://www.nepremicnine.net/oglasi-oddaja/tabor-blizu-ukc-jezdarska-ulica-stanovanje_7310465/
7409127,"TABOR, BLIŽINA UKC",Stanovanje,2-sobno,2.0,550.0,EUR,50.0,1959,3/3,"50 m2, 2-sobno, zgrajeno l. 1959, adaptirano l. 2018, 3/3 nad., oddamo. Cena: 550,00 EUR/mes",https://www.nepremicnine.net/oglasi-oddaja/tabor-blizina-ukc-stanovanje_7409127/
7410757,"TABOR, CESTA ZMAGE",Stanovanje,1-sobno,1.0,490.0,EUR,38.0,1980,5/10,"38 m2, 1-sobno, v stavbi zgrajeni l. 1980, 5/10 nad., 1-sobno stanovanje na Taboru v Mariboru - 38 m2, balkon, popolnoma...",https://www.nepremicnine.net/oglasi-oddaja/tabor-cesta-zmage-stanovanje_7410757/
7389924,"TABOR, DALMATINSKA ULICA",Stanovanje,2-sobno,2.0,500.0,EUR,59.7,1999,VP,"59,7 m2, 2-sobno, zgrajeno l. 1999, visoko pritličje, dva balkona, klet, garažno mesto, oddamo. Cena: 500,00 EUR/mes",https://www.nepremicnine.net/oglasi-oddaja/tabor-dalmatinska-ulica-stanovanje_7389924/
7350027,"TABOR, LOKE",Stanovanje,"3,5-sobno",3.5,700.0,EUR,120.0,2025,1/P,"120 m2, 3,5-sobno, dupleks, zgrajeno l. 2025, 15 m2 zemljišča, 1/P, oddamo. Cena: 700,00 EUR/mes",https://www.nepremicnine.net/oglasi-oddaja/tabor-loke-stanovanje_7350027/
7410751,"TABOR, MAGDALENA",Stanovanje,2-sobno,2.0,700.0,EUR,55.0,2008,2/5,"55 m2, 2-sobno, zgrajeno l. 2008, adaptirano l. 2026, 2/5 nad., oddamo. Cena: cca 700,00 EUR/mes",https://www.nepremicnine.net/oglasi-oddaja/tabor-magdalena-stanovanje_7410751/
7391934,"TABOR, MAGDALENA",Stanovanje,2-sobno,2.0,700.0,EUR,67.0,2007,1/5,"67 m2, 2-sobno, zgrajeno l. 2007, adaptirano l. 2020, 1/5 nad., Stanovanje, Maribor, Tabor, Magdalena, 2-sobno, novejše,...",https://www.nepremicnine.net/oglasi-oddaja/tabor-magdalena-stanovanje_7391934/
7372443,"TABOR, MAGDALENA, ŽOLGARJEVA ULICA",Stanovanje,2-sobno,2.0,700.0,EUR,55.0,2008,3/5,"55 m2, 2-sobno, zgrajeno l. 2008, adaptirano l. 2021, 3/5 nad., oddamo. Cena: 700,00 EUR/mes",https://www.nepremicnine.net/oglasi-oddaja/tabor-magdalena-zolgarjeva-ulica-stanovanje_7372443/
7385686,"TABOR, MARIBOR",Stanovanje,Garsonjera,,450.0,EUR,39.0,2011,,"39 m2, garsonjera, zgrajena l. 2011, Novejšo garsonjero, oddamo. Cena: 450,00 EUR/mes",https://www.nepremicnine.net/oglasi-oddaja/tabor-maribor-stanovanje_7385686/
7304961,"TABOR, MARIBOR, JEZDARSKA ULICA",Stanovanje,2-sobno,2.0,650.0,EUR,55.0,2007,3/5,"55 m2, 2-sobno, zgrajeno l. 2007, 3/5 nad., 55 m2, letnik 2007, Oddamo svetlo in polno opremljeno 2 sobno stanovanje na ...",https://www.nepremicnine.net/oglasi-oddaja/tabor-maribor-jezdarska-ulica-stanovanje_7304961/
7410853,"TABOR, MARIBOR, MAGDALENA",Stanovanje,2-sobno,2.0,550.0,EUR,53.0,2008,1/4,"53 m2, 2-sobno, zgrajeno l. 2008, 1/4 nad., Oddamo stanovanje 53 m2 (12 m2 balkona), 2-sobno, stavba iz leta 2008, nasel...",https://www.nepremicnine.net/oglasi-oddaja/tabor-maribor-magdalena-stanovanje_7410853/
7115408,"TABOR, PRI ŠPORTNEM PARKU",Stanovanje,"2,5-sobno",2.5,1100.0,EUR,92.0,2019,3/3,"92 m2, 2,5-sobno, adaptirano l. 2019, 3/3 nad., Prostorno stanovanje z visokimi stropi na mirni lokaciji, v centru Ljubl...",https://www.nepremicnine.net/oglasi-oddaja/tabor-pri-sportnem-parku-stanovanje_7115408/
7411165,"TABOR, V BLIŽINI UKC MARIBOR",Stanovanje,2-sobno,2.0,720.0,EUR,52.0,1962,4/4,"52 m2, 2-sobno, zgrajeno l. 1962, adaptirano l. 2026, 4/4 nad., Oddaja stanovanja: Maribor, Tabor, Magdalena, 55 m2 (odd...",https://www.nepremicnine.net/oglasi-oddaja/tabor-v-blizini-ukc-maribor-stanovanje_7411165/
7078674,TACEN,Stanovanje,Soba,,350.0,EUR,20.0,2024,,"20 m2, soba, adaptirana l. 2024, Iščemo cimra v dvoposteljni sobi. Stroški so vključeni v ceno, oddamo. Cena: 350,00 EUR...",https://www.nepremicnine.net/oglasi-oddaja/tacen-stanovanje_7078674/
6821294,TACEN,Stanovanje,Soba,,450.0,EUR,20.0,1980,,"20 m2, soba, zgrajena l. 1980, adaptirana l. 2024, Oddamo sobo, oddamo. Cena: 450,00 EUR/mes",https://www.nepremicnine.net/oglasi-oddaja/tacen-stanovanje_6821294/
7403841,TACEN,Stanovanje,"2,5-sobno",2.5,1650.0,EUR,95.6,2018,2/2,"95,6 m2, 2,5-sobno, ""penthouse"", zgrajeno l. 2018, 2/2 nad., oddamo. Cena: 1.650,00 EUR/mes",https://www.nepremicnine.net/oglasi-oddaja/tacen-stanovanje_7403841/
7317884,TAR - VABRIGA,Stanovanje,2-sobno,2.0,900.0,EUR,55.0,,,"55 m2, 2-sobno, oddamo. Cena: 900,00 EUR/mes",https://www.nepremicnine.net/oglasi-oddaja/tar-vabriga-stanovanje_7317884/
7361066,TAR - VABRIGA,Stanovanje,2-sobno,2.0,950.0,EUR,65.0,,,"65 m2, 2-sobno, oddamo. Cena: 950,00 EUR/mes",https://www.nepremicnine.net/oglasi-oddaja/tar-vabriga-stanovanje_7361066/
7317869,TAR - VABRIGA,Stanovanje,2-sobno,2.0,1200.0,EUR,65.0,,,"65 m2, 2-sobno, oddamo. Cena: 1.200,00 EUR/mes",https://www.nepremicnine.net/oglasi-oddaja/tar-vabriga-stanovanje_7317869/
7268070,TAR - VABRIGA,Stanovanje,3-sobno,3.0,2000.0,EUR,125.0,2024,,"125 m2, 3-sobno, novogradnja - zgr. l. 2024, oddamo. Cena: 2.000,00 EUR/mes",https://www.nepremicnine.net/oglasi-oddaja/tar-vabriga-stanovanje_7268070/
7094050,TAR - VABRIGA,Stanovanje,3-sobno,3.0,2800.0,EUR,136.0,2024,,"136 m2, 3-sobno, novogradnja - zgr. l. 2024, oddamo. Cena: 2.800,00 EUR/mes",https://www.nepremicnine.net/oglasi-oddaja/tar-vabriga-stanovanje_7094050/
7095159,TAR - VABRIGA,Stanovanje,3-sobno,3.0,2800.0,EUR,136.0,2024,,"136 m2, 3-sobno, novogradnja - zgr. l. 2024, oddamo. Cena: 2.800,00 EUR/mes",https://www.nepremicnine.net/oglasi-oddaja/tar-vabriga-stanovanje_7095159/
7412073,TATINEC,Stanovanje,"1,5-sobno",1.5,700.0,EUR,60.0,1980,P/1,"60 m2, 1,5-sobno, v stavbi zgrajeni l. 1980, adaptirano l. 2026, 80 m2 zemljišča, P/1 nad., Prenovljeno stanovanje v mir...",https://www.nepremicnine.net/oglasi-oddaja/tatinec-stanovanje_7412073/
7396015,TEZNO,Stanovanje,1-sobno,1.0,600.0,EUR,87.0,2009,VP,"87 m2, 1-sobno, zgrajeno l. 2009, visoko pritličje, oddamo. Cena: 600,00 EUR/mes",https://www.nepremicnine.net/oglasi-oddaja/tezno-stanovanje_7396015/
7412932,"TEZNO, PANONSKA ULICA",Stanovanje,Garsonjera,,400.0,EUR,28.0,1984,3/4,"28 m2, garsonjera, zgrajena l. 1984, adaptirana l. 2025, 3/4 nad., Maribor Tezno mirna lokacija, obnovljeno 2025, oddamo...",https://www.nepremicnine.net/oglasi-oddaja/tezno-panonska-ulica-stanovanje_7412932/
7264262,TOMAČEVO,Stanovanje,2-sobno,2.0,940.0,EUR,60.0,2026,P/1,"60 m2, 2-sobno, zgrajeno l. 2026, P/1 nad., oddamo. Cena: cca 940,00 EUR/mes",https://www.nepremicnine.net/oglasi-oddaja/tomacevo-stanovanje_7264262/
7383066,"TOPOLŠICA, VKLJUČENI VSI STROŠKI",Stanovanje,Garsonjera,,500.0,EUR,17.0,2017,PK/3,"17 m2, garsonjera, zgrajena l. 2017, PK/3 nad., oddamo. Cena: 500,00 EUR/mes",https://www.nepremicnine.net/oglasi-oddaja/topolsica-vkljuceni-vsi-stroski-stanovanje_7383066/
7415221,TRBOVLJE,Stanovanje,Garsonjera,,400.0,EUR,35.8,1976,,"35,8 m2, garsonjera, zgrajena l. 1976, 35,8 m2, garsonjera, zgrajena l. 1976, 1. nad., oddamo. Cena: 400,00 EUR/mes, odd...",https://www.nepremicnine.net/oglasi-oddaja/trbovlje-stanovanje_7415221/
7406674,"TRBOVLJE, BEVŠKO",Stanovanje,"2,5-sobno",2.5,650.0,EUR,78.0,2026,4/5,"78 m2, 2,5-sobno, adaptirano l. 2026, 4/5 nad., Stanovanje v Trbovljah, prenovljeno v celoti, oddamo. Cena: cca 650,00 E...",https://www.nepremicnine.net/oglasi-oddaja/trbovlje-bevsko-stanovanje_7406674/
7407394,"TRBOVLJE, KEŠETOVO",Stanovanje,1-sobno,1.0,350.0,EUR,38.0,1980,10/12,"38 m2, 1-sobno, zgrajeno l. 1980, adaptirano l. 2023, 10/12 nad., oddamo. Cena: 350,00 EUR/mes",https://www.nepremicnine.net/oglasi-oddaja/trbovlje-kesetovo-stanovanje_7407394/
7407546,"TRBOVLJE, PARTIZANSKA CESTA 22/A",Stanovanje,2-sobno,2.0,480.0,EUR,56.4,1965,2,"56,4 m2, 2-sobno, zgrajeno l. 1965, 2. nad., oddamo. Cena: 480,00 EUR/mes",https://www.nepremicnine.net/oglasi-oddaja/trbovlje-partizanska-cesta-22a-stanovanje_7407546/
7409000,TREBNJE,Stanovanje,Garsonjera,,350.0,EUR,18.0,2010,2/3,"18 m2, garsonjera, adaptirana l. 2010, 2/3 nad., Oddam ali prodam Garsonjero v centru Trebnjega, oddamo. Cena: cca 350,0...",https://www.nepremicnine.net/oglasi-oddaja/trebnje-stanovanje_7409000/
7409146,"TREBNJE, POLEG GASILSKEGA DOMA",Stanovanje,2-sobno,2.0,700.0,EUR,46.0,2008,2/2,"46 m2, 2-sobno, zgrajeno l. 2008, 2/2 nad., Vsa oprema. Vseljivo od cca 1.9. dalje. Shramba (+regali) v kleti 12 m2. Man...",https://www.nepremicnine.net/oglasi-oddaja/trebnje-poleg-gasilskega-doma-stanovanje_7409146/
7397668,"TREBNJE, ŠTEFAN PRI TREBNJEM",Stanovanje,2-sobno,2.0,650.0,EUR,63.0,2006,2/2,"63 m2, 2-sobno, zgrajeno l. 2006, 2/2 nad., delno opremljeno (kuhinja, kopalnica), s kletnim prostorom in dvema parkirni...",https://www.nepremicnine.net/oglasi-oddaja/trebnje-stefan-pri-trebnjem-stanovanje_7397668/
7403992,TRNAVA,Stanovanje,2-sobno,2.0,1500.0,EUR,80.0,,,"80 m2, 2-sobno, ""penthouse"", oddamo. Cena: 1.500,00 EUR/mes",https://www.nepremicnine.net/oglasi-oddaja/trnava-stanovanje_7403992/
7294486,TRNAVA,Stanovanje,Drugo,,2.0,EUR,26000.0,,,"26.000 m2, stanovanje, oddamo. Cena: 2,00 EUR/mes",https://www.nepremicnine.net/oglasi-oddaja/trnava-stanovanje_7294486/
7364893,"TRNAVA, ČULINEC",Stanovanje,2-sobno,2.0,800.0,EUR,67.0,,,"67 m2, 2-sobno, oddamo. Cena: 800,00 EUR/mes",https://www.nepremicnine.net/oglasi-oddaja/trnava-culinec-stanovanje_7364893/
7243275,"TRNAVA, ČULINEC, DONJA DUBRAVA",Stanovanje,5 in večsobno,,200.0,EUR,500.0,,,"500 m2, 5 in večsobno, oddamo. Cena: 200,00 EUR/mes",https://www.nepremicnine.net/oglasi-oddaja/trnava-culinec-donja-dubrava-stanovanje_7243275/
7243335,"TRNAVA, DONJA DUBRAVA",Stanovanje,2-sobno,2.0,220.0,EUR,60.0,,,"60 m2, 2-sobno, oddamo. Cena: 220,00 EUR/mes",https://www.nepremicnine.net/oglasi-oddaja/trnava-donja-dubrava-stanovanje_7243335/
7403885,TRNOVO,Stanovanje,2-sobno,2.0,1000.0,EUR,42.0,1992,P,"42 m2, 2-sobno, zgrajeno l. 1992, pritličje, oddamo. Cena: 1.000,00 EUR/mes",https://www.nepremicnine.net/oglasi-oddaja/trnovo-stanovanje_7403885/
7406678,TRNOVO,Stanovanje,3-sobno,3.0,1500.0,EUR,74.39,1985,6/7,"74,39 m2, 3-sobno, zgrajeno l. 1985, adaptirano l. 2014, 6/7 nad., oddamo. Cena: 1.500,00 EUR/mes",https://www.nepremicnine.net/oglasi-oddaja/trnovo-stanovanje_7406678/
7363417,TRNOVO,Stanovanje,3-sobno,3.0,1300.0,EUR,75.0,1985,,"75 m2, 3-sobno, zgrajeno l. 1985, adaptirano l. 2010, svetlo 3-sobno stanovanje z garažo - trnovski pristan, oddamo. Cen...",https://www.nepremicnine.net/oglasi-oddaja/trnovo-stanovanje_7363417/
7412813,TRNOVO,Stanovanje,3-sobno,3.0,940.0,EUR,77.6,1983,1,"77,6 m2, 3-sobno, zgrajeno l. 1983, 1. nad., vseljivo s sredino meseca junija, primerno za posameznika, par, oddamo. Cen...",https://www.nepremicnine.net/oglasi-oddaja/trnovo-stanovanje_7412813/
7375960,TRNOVO,Stanovanje,2-sobno,2.0,1050.0,EUR,79.9,1958,P,"79,9 m2, 2-sobno, zgrajeno l. 1958, adaptirano l. 2016, pritličje, oddamo. Cena: 1.050,00 EUR/mes",https://www.nepremicnine.net/oglasi-oddaja/trnovo-stanovanje_7375960/
7403632,TRNOVO,Stanovanje,2-sobno,2.0,1100.0,EUR,80.0,1957,VP/1,"80 m2, 2-sobno, zgrajeno l. 1957, adaptirano l. 2016, VP/1 nad., na odlični lokaciji v Trnovem - 5 min hoje do centra me...",https://www.nepremicnine.net/oglasi-oddaja/trnovo-stanovanje_7403632/
7126223,TRNOVO,Stanovanje,"3,5-sobno",3.5,1450.0,EUR,87.0,1988,1/1,"87 m2, 3,5-sobno, zgrajeno l. 1988, adaptirano l. 2025, 1/1 nad., oddamo. Cena: 1.450,00 EUR/mes",https://www.nepremicnine.net/oglasi-oddaja/trnovo-stanovanje_7126223/
7360883,TRNOVO,Stanovanje,4-sobno,4.0,3300.0,EUR,105.4,2020,,"105,4 m2, 4-sobno, zgrajeno l. 2020, 23 m2 zemljišča, oddamo. Cena: 3.300,00 EUR/mes",https://www.nepremicnine.net/oglasi-oddaja/trnovo-stanovanje_7360883/
7386516,TRNOVO,Stanovanje,"3,5-sobno",3.5,2500.0,EUR,170.0,2017,3/3,"170 m2, 3,5-sobno, zgrajeno l. 2017, 3/3 nad., oddamo. Cena: 2.500,00 EUR/mes",https://www.nepremicnine.net/oglasi-oddaja/trnovo-stanovanje_7386516/
7411399,"TRNOVO, POT NA RAKOVO JELŠO",Stanovanje,1-sobno,1.0,650.0,EUR,40.0,1960,M,"40 m2, 1-sobno, zgrajeno l. 1960, mansarda, oddamo. Cena: 650,00 EUR/mes",https://www.nepremicnine.net/oglasi-oddaja/trnovo-pot-na-rakovo-jelso-stanovanje_7411399/
7324035,TRNSKO,Stanovanje,1-sobno,1.0,900.0,EUR,50.0,,,"50 m2, 1-sobno, oddamo. Cena: 900,00 EUR/mes",https://www.nepremicnine.net/oglasi-oddaja/trnsko-stanovanje_7324035/
7261301,TRNSKO,Stanovanje,3-sobno,3.0,850.0,EUR,70.0,2023,,"70 m2, 3-sobno, novogradnja - zgr. l. 2023, oddamo. Cena: 850,00 EUR/mes",https://www.nepremicnine.net/oglasi-oddaja/trnsko-stanovanje_7261301/
7337731,"TRNSKO, BLATO",Stanovanje,1-sobno,1.0,800.0,EUR,54.0,,,"54 m2, 1-sobno, oddamo. Cena: 800,00 EUR/mes",https://www.nepremicnine.net/oglasi-oddaja/trnsko-blato-stanovanje_7337731/
7253666,"TRNSKO, BLATO, NOVI ZAGREB - ZAPAD",Stanovanje,1-sobno,1.0,200.0,EUR,50.0,,,"50 m2, 1-sobno, oddamo. Cena: 200,00 EUR/mes",https://www.nepremicnine.net/oglasi-oddaja/trnsko-blato-novi-zagreb-zapad-stanovanje_7253666/
7371718,"TRNSKO, BLATO, NOVI ZAGREB - ZAPAD",Stanovanje,2-sobno,2.0,225.0,EUR,80.0,,,"80 m2, 2-sobno, oddamo. Cena: 225,00 EUR/mes",https://www.nepremicnine.net/oglasi-oddaja/trnsko-blato-novi-zagreb-zapad-stanovanje_7371718/
7352294,"TRNSKO, JURJA NJAVRE",Stanovanje,1-sobno,1.0,800.0,EUR,46.0,,,"46 m2, 1-sobno, oddamo. Cena: 800,00 EUR/mes",https://www.nepremicnine.net/oglasi-oddaja/trnsko-jurja-njavre-stanovanje_7352294/
7389943,"TRNSKO, KARLOVAČKA",Stanovanje,2-sobno,2.0,1100.0,EUR,71.0,,,"71 m2, 2-sobno, oddamo. Cena: 1.100,00 EUR/mes",https://www.nepremicnine.net/oglasi-oddaja/trnsko-karlovacka-stanovanje_7389943/
7317264,"TRNSKO, ZDIHOVSKA",Stanovanje,1-sobno,1.0,900.0,EUR,50.0,,,"50 m2, 1-sobno, oddamo. Cena: 900,00 EUR/mes",https://www.nepremicnine.net/oglasi-oddaja/trnsko-zdihovska-stanovanje_7317264/
7400423,TROGIR,Stanovanje,2-sobno,2.0,900.0,EUR,60.0,,,"60 m2, 2-sobno, oddamo. Cena: 900,00 EUR/mes",https://www.nepremicnine.net/oglasi-oddaja/trogir-stanovanje_7400423/
7283276,"TROGIR, MASTRINKA",Stanovanje,2-sobno,2.0,1000.0,EUR,68.0,,,"68 m2, 2-sobno, oddamo. Cena: 1.000,00 EUR/mes",https://www.nepremicnine.net/oglasi-oddaja/trogir-mastrinka-stanovanje_7283276/
7413767,TRSAT - KRIMEJA,Stanovanje,1-sobno,1.0,600.0,EUR,54.0,,,"54 m2, 1-sobno, oddamo. Cena: 600,00 EUR/mes",https://www.nepremicnine.net/oglasi-oddaja/trsat-krimeja-stanovanje_7413767/
7403741,TRSAT - KRIMEJA,Stanovanje,3-sobno,3.0,750.0,EUR,90.0,,,"90 m2, 3-sobno, oddamo. Cena: 750,00 EUR/mes",https://www.nepremicnine.net/oglasi-oddaja/trsat-krimeja-stanovanje_7403741/
7395484,TRSAT - KRIMEJA,Stanovanje,2-sobno,2.0,1200.0,EUR,100.0,,,"100 m2, 2-sobno, oddamo. Cena: 1.200,00 EUR/mes",https://www.nepremicnine.net/oglasi-oddaja/trsat-krimeja-stanovanje_7395484/
7405317,TRSAT - KRIMEJA,Stanovanje,2-sobno,2.0,1800.0,EUR,118.0,,,"118 m2, 2-sobno, oddamo. Cena: 1.800,00 EUR/mes",https://www.nepremicnine.net/oglasi-oddaja/trsat-krimeja-stanovanje_7405317/
7393545,"TRSAT - KRIMEJA, BULEVARD, RIJEKA",Stanovanje,2-sobno,2.0,1150.0,EUR,80.0,,,"80 m2, 2-sobno, oddamo. Cena: 1.150,00 EUR/mes",https://www.nepremicnine.net/oglasi-oddaja/trsat-krimeja-bulevard-rijeka-stanovanje_7393545/
7392216,"TRSAT - KRIMEJA, RIJEKA",Stanovanje,2-sobno,2.0,800.0,EUR,52.0,,,"52 m2, 2-sobno, oddamo. Cena: 800,00 EUR/mes",https://www.nepremicnine.net/oglasi-oddaja/trsat-krimeja-rijeka-stanovanje_7392216/
7392570,"TRSAT - KRIMEJA, RIJEKA",Stanovanje,2-sobno,2.0,900.0,EUR,80.0,,,"80 m2, 2-sobno, oddamo. Cena: 900,00 EUR/mes",https://www.nepremicnine.net/oglasi-oddaja/trsat-krimeja-rijeka-stanovanje_7392570/
7243038,"TRSAT - KRIMEJA, RIJEKA",Stanovanje,2-sobno,2.0,900.0,EUR,90.0,,,"90 m2, 2-sobno, oddamo. Cena: 900,00 EUR/mes",https://www.nepremicnine.net/oglasi-oddaja/trsat-krimeja-rijeka-stanovanje_7243038/
7400574,"TRSAT - KRIMEJA, RIJEKA",Stanovanje,3-sobno,3.0,1800.0,EUR,140.0,,,"140 m2, 3-sobno, oddamo. Cena: 1.800,00 EUR/mes",https://www.nepremicnine.net/oglasi-oddaja/trsat-krimeja-rijeka-stanovanje_7400574/
7409592,TRZIN,Stanovanje,4-sobno,4.0,1300.0,EUR,116.2,2009,,"116,2 m2, 4-sobno, zgrajeno l. 2009, oddamo. Cena: 1.300,00 EUR/mes",https://www.nepremicnine.net/oglasi-oddaja/trzin-stanovanje_7409592/
7378492,"TRZIN, LJUBLJANSKA CESTA 12",Stanovanje,1-sobno,1.0,670.0,EUR,47.3,2000,4,"47,3 m2, 1-sobno, v stavbi zgrajeni l. 2000, 4. nad., oddamo. Cena: 670,00 EUR/mes",https://www.nepremicnine.net/oglasi-oddaja/trzin-ljubljanska-cesta-12-stanovanje_7378492/
7412200,TRŽIČ,Stanovanje,2-sobno,2.0,500.0,EUR,49.0,1973,2/5,"49 m2, 2-sobno, zgrajeno l. 1973, adaptirano l. 2024, 2/5 nad., oddamo. Cena: 500,00 EUR/mes",https://www.nepremicnine.net/oglasi-oddaja/trzic-stanovanje_7412200/
7296811,"TRŽIČ, GLAVNA ULICA V TRŽIČU",Stanovanje,1-sobno,1.0,550.0,EUR,50.0,1800,3/4,"50 m2, 1-sobno, zgrajeno l. 1800, adaptirano l. 2025, 3/4 nad., oddamo. Cena: cca 550,00 EUR/mes",https://www.nepremicnine.net/oglasi-oddaja/trzic-glavna-ulica-v-trzicu-stanovanje_7296811/
7384748,TURAN - KANTRIDA - COSTABELLA,Stanovanje,2-sobno,2.0,900.0,EUR,57.0,,,"57 m2, 2-sobno, oddamo. Cena: 900,00 EUR/mes",https://www.nepremicnine.net/oglasi-oddaja/turan-kantrida-costabella-stanovanje_7384748/
7412066,TURAN - KANTRIDA - COSTABELLA,Stanovanje,2-sobno,2.0,640.0,EUR,59.0,,,"59 m2, 2-sobno, oddamo. Cena: 640,00 EUR/mes",https://www.nepremicnine.net/oglasi-oddaja/turan-kantrida-costabella-stanovanje_7412066/
7386815,TURAN - KANTRIDA - COSTABELLA,Stanovanje,2-sobno,2.0,1100.0,EUR,78.0,,,"78 m2, 2-sobno, oddamo. Cena: 1.100,00 EUR/mes",https://www.nepremicnine.net/oglasi-oddaja/turan-kantrida-costabella-stanovanje_7386815/
7399465,TURAN - KANTRIDA - COSTABELLA,Stanovanje,5 in večsobno,,2500.0,EUR,240.0,,,"240 m2, 5 in večsobno, oddamo. Cena: 2.500,00 EUR/mes",https://www.nepremicnine.net/oglasi-oddaja/turan-kantrida-costabella-stanovanje_7399465/
7406760,"TURAN - KANTRIDA - COSTABELLA, RIJEKA",Stanovanje,2-sobno,2.0,850.0,EUR,67.0,,,"67 m2, 2-sobno, oddamo. Cena: 850,00 EUR/mes",https://www.nepremicnine.net/oglasi-oddaja/turan-kantrida-costabella-rijeka-stanovanje_7406760/
7407746,"TURAN - KANTRIDA - COSTABELLA, RIJEKA",Stanovanje,3-sobno,3.0,2000.0,EUR,90.0,,,"90 m2, 3-sobno, oddamo. Cena: 2.000,00 EUR/mes",https://www.nepremicnine.net/oglasi-oddaja/turan-kantrida-costabella-rijeka-stanovanje_7407746/
7413763,TURNIĆ - PODMURVICE,Stanovanje,1-sobno,1.0,630.0,EUR,45.0,,,"45 m2, 1-sobno, oddamo. Cena: 630,00 EUR/mes",https://www.nepremicnine.net/oglasi-oddaja/turnic-podmurvice-stanovanje_7413763/
7398325,TURNIĆ - PODMURVICE,Stanovanje,2-sobno,2.0,650.0,EUR,54.0,,,"54 m2, 2-sobno, oddamo. Cena: 650,00 EUR/mes",https://www.nepremicnine.net/oglasi-oddaja/turnic-podmurvice-stanovanje_7398325/
7409717,TURNIĆ - PODMURVICE,Stanovanje,2-sobno,2.0,950.0,EUR,58.0,,,"58 m2, 2-sobno, oddamo. Cena: 950,00 EUR/mes",https://www.nepremicnine.net/oglasi-oddaja/turnic-podmurvice-stanovanje_7409717/
7409716,TURNIĆ - PODMURVICE,Stanovanje,2-sobno,2.0,830.0,EUR,60.0,,,"60 m2, 2-sobno, oddamo. Cena: 830,00 EUR/mes",https://www.nepremicnine.net/oglasi-oddaja/turnic-podmurvice-stanovanje_7409716/
7404016,TURNIĆ - PODMURVICE,Stanovanje,3-sobno,3.0,200.0,EUR,90.0,,,"90 m2, 3-sobno, oddamo. Cena: 200,00 EUR/mes",https://www.nepremicnine.net/oglasi-oddaja/turnic-podmurvice-stanovanje_7404016/
7395422,"TURNIĆ - PODMURVICE, RIJEKA",Stanovanje,2-sobno,2.0,650.0,EUR,53.0,1930,,"53 m2, 2-sobno, zgrajeno l. 1930, oddamo. Cena: 650,00 EUR/mes",https://www.nepremicnine.net/oglasi-oddaja/turnic-podmurvice-rijeka-stanovanje_7395422/
7407772,"TURNIĆ - PODMURVICE, RIJEKA",Stanovanje,2-sobno,2.0,700.0,EUR,65.0,,,"65 m2, 2-sobno, oddamo. Cena: 700,00 EUR/mes",https://www.nepremicnine.net/oglasi-oddaja/turnic-podmurvice-rijeka-stanovanje_7407772/
7392822,"TURNIĆ - PODMURVICE, RIJEKA",Stanovanje,3-sobno,3.0,1100.0,EUR,76.0,,,"76 m2, 3-sobno, oddamo. Cena: 1.100,00 EUR/mes",https://www.nepremicnine.net/oglasi-oddaja/turnic-podmurvice-rijeka-stanovanje_7392822/
7242750,"TURNIĆ - PODMURVICE, RUJEVICA, RIJEKA",Stanovanje,1-sobno,1.0,250.0,EUR,48.0,,,"48 m2, 1-sobno, oddamo. Cena: 250,00 EUR/mes",https://www.nepremicnine.net/oglasi-oddaja/turnic-podmurvice-rujevica-rijeka-stanovanje_7242750/
7393503,"TURNIĆ - PODMURVICE, RUJEVICA, RIJEKA",Stanovanje,2-sobno,2.0,1620.0,EUR,80.0,,,"80 m2, 2-sobno, oddamo. Cena: 1.620,00 EUR/mes",https://www.nepremicnine.net/oglasi-oddaja/turnic-podmurvice-rujevica-rijeka-stanovanje_7393503/
7393501,"TURNIĆ - PODMURVICE, RUJEVICA, RIJEKA",Stanovanje,2-sobno,2.0,1500.0,EUR,80.0,,,"80 m2, 2-sobno, oddamo. Cena: 1.500,00 EUR/mes",https://www.nepremicnine.net/oglasi-oddaja/turnic-podmurvice-rujevica-rijeka-stanovanje_7393501/
7390322,TUSKANAC,Stanovanje,1-sobno,1.0,900.0,EUR,42.0,1930,,"42 m2, 1-sobno, zgrajeno l. 1930, oddamo. Cena: 900,00 EUR/mes",https://www.nepremicnine.net/oglasi-oddaja/tuskanac-stanovanje_7390322/
7256945,TUSKANAC,Stanovanje,1-sobno,1.0,900.0,EUR,56.0,2021,,"56 m2, 1-sobno, novogradnja - zgr. l. 2021, oddamo. Cena: 900,00 EUR/mes",https://www.nepremicnine.net/oglasi-oddaja/tuskanac-stanovanje_7256945/
7291009,TUSKANAC,Stanovanje,2-sobno,2.0,1000.0,EUR,65.0,,,"65 m2, 2-sobno, oddamo. Cena: 1.000,00 EUR/mes",https://www.nepremicnine.net/oglasi-oddaja/tuskanac-stanovanje_7291009/
7371015,TUSKANAC,Stanovanje,2-sobno,2.0,1700.0,EUR,96.0,,,"96 m2, 2-sobno, oddamo. Cena: 1.700,00 EUR/mes",https://www.nepremicnine.net/oglasi-oddaja/tuskanac-stanovanje_7371015/
7375785,TUSKANAC,Stanovanje,2-sobno,2.0,1050.0,EUR,100.0,,,"100 m2, 2-sobno, oddamo. Cena: 1.050,00 EUR/mes",https://www.nepremicnine.net/oglasi-oddaja/tuskanac-stanovanje_7375785/
7268503,TUSKANAC,Stanovanje,3-sobno,3.0,1700.0,EUR,118.0,,,"118 m2, 3-sobno, oddamo. Cena: 1.700,00 EUR/mes",https://www.nepremicnine.net/oglasi-oddaja/tuskanac-stanovanje_7268503/
7334966,TUSKANAC,Stanovanje,3-sobno,3.0,4000.0,EUR,150.0,,,"150 m2, 3-sobno, ""penthouse"", oddamo. Cena: 4.000,00 EUR/mes",https://www.nepremicnine.net/oglasi-oddaja/tuskanac-stanovanje_7334966/
7100718,TUSKANAC,Stanovanje,3-sobno,3.0,2400.0,EUR,159.0,,,"159 m2, 3-sobno, oddamo. Cena: 2.400,00 EUR/mes",https://www.nepremicnine.net/oglasi-oddaja/tuskanac-stanovanje_7100718/
7316588,TUSKANAC,Stanovanje,3-sobno,3.0,2000.0,EUR,160.0,2001,,"160 m2, 3-sobno, zgrajeno l. 2001, oddamo. Cena: 2.000,00 EUR/mes",https://www.nepremicnine.net/oglasi-oddaja/tuskanac-stanovanje_7316588/
7351603,TUSKANAC,Stanovanje,4-sobno,4.0,3500.0,EUR,165.0,2021,,"165 m2, 4-sobno, novogradnja - zgr. l. 2021, oddamo. Cena: 3.500,00 EUR/mes",https://www.nepremicnine.net/oglasi-oddaja/tuskanac-stanovanje_7351603/
7279772,TUSKANAC,Stanovanje,3-sobno,3.0,2400.0,EUR,167.0,,,"167 m2, 3-sobno, oddamo. Cena: 2.400,00 EUR/mes",https://www.nepremicnine.net/oglasi-oddaja/tuskanac-stanovanje_7279772/
7285701,TUSKANAC,Stanovanje,3-sobno,3.0,2500.0,EUR,170.0,2005,,"170 m2, 3-sobno, zgrajeno l. 2005, oddamo. Cena: 2.500,00 EUR/mes",https://www.nepremicnine.net/oglasi-oddaja/tuskanac-stanovanje_7285701/
7095106,TUSKANAC,Stanovanje,4-sobno,4.0,2200.0,EUR,186.0,,,"186 m2, 4-sobno, oddamo. Cena: 2.200,00 EUR/mes",https://www.nepremicnine.net/oglasi-oddaja/tuskanac-stanovanje_7095106/
7334952,TUSKANAC,Stanovanje,4-sobno,4.0,2500.0,EUR,200.0,,,"200 m2, 4-sobno, ""penthouse"", oddamo. Cena: 2.500,00 EUR/mes",https://www.nepremicnine.net/oglasi-oddaja/tuskanac-stanovanje_7334952/
7352983,TUSKANAC,Stanovanje,2-sobno,2.0,3000.0,EUR,200.0,,,"200 m2, 2-sobno, oddamo. Cena: 3.000,00 EUR/mes",https://www.nepremicnine.net/oglasi-oddaja/tuskanac-stanovanje_7352983/
7396199,TUSKANAC,Stanovanje,3-sobno,3.0,2400.0,EUR,200.0,,,"200 m2, 3-sobno, oddamo. Cena: 2.400,00 EUR/mes",https://www.nepremicnine.net/oglasi-oddaja/tuskanac-stanovanje_7396199/
7252302,"TUSKANAC, BRITANAC, GORNJI GRAD - MEDVEŠČA",Stanovanje,2-sobno,2.0,1200.0,EUR,60.0,,,"60 m2, 2-sobno, oddamo. Cena: 1.200,00 EUR/mes",https://www.nepremicnine.net/oglasi-oddaja/tuskanac-britanac-gornji-grad-medvesca-stanovanje_7252302/
6984988,"TUSKANAC, BUCONJIĆEVA",Stanovanje,3-sobno,3.0,2300.0,EUR,226.0,,,"226 m2, 3-sobno, oddamo. Cena: 2.300,00 EUR/mes",https://www.nepremicnine.net/oglasi-oddaja/tuskanac-buconjiceva-stanovanje_6984988/
7412218,"TUSKANAC, DONJI GRAD",Stanovanje,1-sobno,1.0,900.0,EUR,38.0,,,"38 m2, 1-sobno, oddamo. Cena: 900,00 EUR/mes",https://www.nepremicnine.net/oglasi-oddaja/tuskanac-donji-grad-stanovanje_7412218/
7389897,"TUSKANAC, DONJI GRAD",Stanovanje,3-sobno,3.0,2000.0,EUR,140.0,,,"140 m2, 3-sobno, oddamo. Cena: 2.000,00 EUR/mes",https://www.nepremicnine.net/oglasi-oddaja/tuskanac-donji-grad-stanovanje_7389897/
7068841,"TUSKANAC, GOLJAK",Stanovanje,2-sobno,2.0,1300.0,EUR,88.0,,,"88 m2, 2-sobno, oddamo. Cena: 1.300,00 EUR/mes",https://www.nepremicnine.net/oglasi-oddaja/tuskanac-goljak-stanovanje_7068841/
7383069,"TUSKANAC, GOLJAK",Stanovanje,2-sobno,2.0,1400.0,EUR,120.0,,,"120 m2, 2-sobno, oddamo. Cena: 1.400,00 EUR/mes",https://www.nepremicnine.net/oglasi-oddaja/tuskanac-goljak-stanovanje_7383069/
7286525,"TUSKANAC, GORNJE PREKRIZJE",Stanovanje,3-sobno,3.0,1900.0,EUR,160.0,,,"160 m2, 3-sobno, oddamo. Cena: 1.900,00 EUR/mes",https://www.nepremicnine.net/oglasi-oddaja/tuskanac-gornje-prekrizje-stanovanje_7286525/
7352468,"TUSKANAC, GORNJE PREKRIŽJE",Stanovanje,3-sobno,3.0,4990.0,EUR,165.0,,,"165 m2, 3-sobno, oddamo. Cena: 4.990,00 EUR/mes",https://www.nepremicnine.net/oglasi-oddaja/tuskanac-gornje-prekrizje-stanovanje_7352468/
6967757,"TUSKANAC, GORNJI GRAD - MEDVEŠČAK",Stanovanje,2-sobno,2.0,1800.0,EUR,100.0,,,"100 m2, 2-sobno, oddamo. Cena: 1.800,00 EUR/mes",https://www.nepremicnine.net/oglasi-oddaja/tuskanac-gornji-grad-medvescak-stanovanje_6967757/
7127268,"TUSKANAC, GORNJI GRAD - MEDVEŠČAK",Stanovanje,3-sobno,3.0,3500.0,EUR,158.0,,,"158 m2, 3-sobno, oddamo. Cena: 3.500,00 EUR/mes",https://www.nepremicnine.net/oglasi-oddaja/tuskanac-gornji-grad-medvescak-stanovanje_7127268/
6685171,"TUSKANAC, GORNJI GRAD - MEDVEŠČAK",Stanovanje,5 in večsobno,,5200.0,EUR,330.0,,,"330 m2, 5 in večsobno, oddamo. Cena: 5.200,00 EUR/mes",https://www.nepremicnine.net/oglasi-oddaja/tuskanac-gornji-grad-medvescak-stanovanje_6685171/
7285051,"TUSKANAC, HERCEGOVAČKA",Stanovanje,3-sobno,3.0,3000.0,EUR,181.0,,,"181 m2, 3-sobno, oddamo. Cena: 3.000,00 EUR/mes",https://www.nepremicnine.net/oglasi-oddaja/tuskanac-hercegovacka-stanovanje_7285051/
7284955,"TUSKANAC, ILICA",Stanovanje,1-sobno,1.0,700.0,EUR,28.0,,,"28 m2, 1-sobno, oddamo. Cena: 700,00 EUR/mes",https://www.nepremicnine.net/oglasi-oddaja/tuskanac-ilica-stanovanje_7284955/
7284026,"TUSKANAC, ILICA",Stanovanje,1-sobno,1.0,700.0,EUR,31.0,,,"31 m2, 1-sobno, oddamo. Cena: 700,00 EUR/mes",https://www.nepremicnine.net/oglasi-oddaja/tuskanac-ilica-stanovanje_7284026/
7372160,"TUSKANAC, ILICA",Stanovanje,1-sobno,1.0,700.0,EUR,32.0,,,"32 m2, 1-sobno, oddamo. Cena: 700,00 EUR/mes",https://www.nepremicnine.net/oglasi-oddaja/tuskanac-ilica-stanovanje_7372160/
7360148,"TUSKANAC, ILICA",Stanovanje,1-sobno,1.0,700.0,EUR,33.0,,,"33 m2, 1-sobno, oddamo. Cena: 700,00 EUR/mes",https://www.nepremicnine.net/oglasi-oddaja/tuskanac-ilica-stanovanje_7360148/
7283801,"TUSKANAC, ILICA",Stanovanje,1-sobno,1.0,1200.0,EUR,42.0,,,"42 m2, 1-sobno, oddamo. Cena: 1.200,00 EUR/mes",https://www.nepremicnine.net/oglasi-oddaja/tuskanac-ilica-stanovanje_7283801/
7372194,"TUSKANAC, ILICA",Stanovanje,1-sobno,1.0,1100.0,EUR,60.0,,,"60 m2, 1-sobno, oddamo. Cena: 1.100,00 EUR/mes",https://www.nepremicnine.net/oglasi-oddaja/tuskanac-ilica-stanovanje_7372194/
7290511,"TUSKANAC, JABUKOVAC, ZAGREB",Stanovanje,3-sobno,3.0,4500.0,EUR,140.0,2024,,"140 m2, 3-sobno, ""penthouse"", novogradnja - zgr. l. 2024, oddamo. Cena: 4.500,00 EUR/mes",https://www.nepremicnine.net/oglasi-oddaja/tuskanac-jabukovac-zagreb-stanovanje_7290511/
7375874,"TUSKANAC, KRALJEVEC",Stanovanje,2-sobno,2.0,1700.0,EUR,121.0,,,"121 m2, 2-sobno, oddamo. Cena: 1.700,00 EUR/mes",https://www.nepremicnine.net/oglasi-oddaja/tuskanac-kraljevec-stanovanje_7375874/
7284379,"TUSKANAC, KUKULJEVIĆEVA",Stanovanje,1-sobno,1.0,1200.0,EUR,49.0,,,"49 m2, 1-sobno, oddamo. Cena: 1.200,00 EUR/mes",https://www.nepremicnine.net/oglasi-oddaja/tuskanac-kukuljeviceva-stanovanje_7284379/
7372338,"TUSKANAC, KUKULJEVIĆEVA",Stanovanje,2-sobno,2.0,1100.0,EUR,60.0,,,"60 m2, 2-sobno, oddamo. Cena: 1.100,00 EUR/mes",https://www.nepremicnine.net/oglasi-oddaja/tuskanac-kukuljeviceva-stanovanje_7372338/
7361778,"TUSKANAC, NAZOROVA",Stanovanje,2-sobno,2.0,1200.0,EUR,55.0,,,"55 m2, 2-sobno, oddamo. Cena: 1.200,00 EUR/mes",https://www.nepremicnine.net/oglasi-oddaja/tuskanac-nazorova-stanovanje_7361778/
7375962,"TUSKANAC, NAZOROVA",Stanovanje,2-sobno,2.0,1500.0,EUR,100.0,,,"100 m2, 2-sobno, oddamo. Cena: 1.500,00 EUR/mes",https://www.nepremicnine.net/oglasi-oddaja/tuskanac-nazorova-stanovanje_7375962/
7367565,"TUSKANAC, NAZOROVA",Stanovanje,3-sobno,3.0,4900.0,EUR,198.0,,,"198 m2, 3-sobno, oddamo. Cena: 4.900,00 EUR/mes",https://www.nepremicnine.net/oglasi-oddaja/tuskanac-nazorova-stanovanje_7367565/
7326561,"TUSKANAC, PANTOVČAK",Stanovanje,2-sobno,2.0,1300.0,EUR,99.0,,,"99 m2, 2-sobno, oddamo. Cena: 1.300,00 EUR/mes",https://www.nepremicnine.net/oglasi-oddaja/tuskanac-pantovcak-stanovanje_7326561/
7285154,"TUSKANAC, PANTOVČAK",Stanovanje,2-sobno,2.0,1200.0,EUR,102.0,,,"102 m2, 2-sobno, oddamo. Cena: 1.200,00 EUR/mes",https://www.nepremicnine.net/oglasi-oddaja/tuskanac-pantovcak-stanovanje_7285154/
7380376,"TUSKANAC, PANTOVČAK",Stanovanje,3-sobno,3.0,3500.0,EUR,128.0,,,"128 m2, 3-sobno, oddamo. Cena: 3.500,00 EUR/mes",https://www.nepremicnine.net/oglasi-oddaja/tuskanac-pantovcak-stanovanje_7380376/
7282616,"TUSKANAC, PANTOVČAK",Stanovanje,3-sobno,3.0,2500.0,EUR,163.0,,,"163 m2, 3-sobno, oddamo. Cena: 2.500,00 EUR/mes",https://www.nepremicnine.net/oglasi-oddaja/tuskanac-pantovcak-stanovanje_7282616/
7286145,"TUSKANAC, PANTOVČAK",Stanovanje,3-sobno,3.0,2300.0,EUR,170.0,,,"170 m2, 3-sobno, oddamo. Cena: 2.300,00 EUR/mes",https://www.nepremicnine.net/oglasi-oddaja/tuskanac-pantovcak-stanovanje_7286145/
7126933,"TUSKANAC, PANTOVČAK",Stanovanje,3-sobno,3.0,2500.0,EUR,200.0,,,"200 m2, 3-sobno, oddamo. Cena: 2.500,00 EUR/mes",https://www.nepremicnine.net/oglasi-oddaja/tuskanac-pantovcak-stanovanje_7126933/
7126973,"TUSKANAC, PANTOVČAK",Stanovanje,3-sobno,3.0,3850.0,EUR,238.0,,,"238 m2, 3-sobno, oddamo. Cena: 3.850,00 EUR/mes",https://www.nepremicnine.net/oglasi-oddaja/tuskanac-pantovcak-stanovanje_7126973/
7285100,"TUSKANAC, PANTOVČAK",Stanovanje,3-sobno,3.0,4200.0,EUR,280.0,,,"280 m2, 3-sobno, oddamo. Cena: 4.200,00 EUR/mes",https://www.nepremicnine.net/oglasi-oddaja/tuskanac-pantovcak-stanovanje_7285100/
7409008,"TUSKANAC, ŠESTINSKI VRH",Stanovanje,1-sobno,1.0,800.0,EUR,57.0,,,"57 m2, 1-sobno, oddamo. Cena: 800,00 EUR/mes",https://www.nepremicnine.net/oglasi-oddaja/tuskanac-sestinski-vrh-stanovanje_7409008/
7364953,"TUSKANAC, TUŠKANAC",Stanovanje,2-sobno,2.0,1300.0,EUR,85.0,,,"85 m2, 2-sobno, oddamo. Cena: 1.300,00 EUR/mes",https://www.nepremicnine.net/oglasi-oddaja/tuskanac-tuskanac-stanovanje_7364953/
7367554,"TUSKANAC, TUŠKANAC",Stanovanje,2-sobno,2.0,1200.0,EUR,85.0,,,"85 m2, 2-sobno, oddamo. Cena: 1.200,00 EUR/mes",https://www.nepremicnine.net/oglasi-oddaja/tuskanac-tuskanac-stanovanje_7367554/
7372213,"TUSKANAC, TUŠKANAC",Stanovanje,2-sobno,2.0,2400.0,EUR,150.0,,,"150 m2, 2-sobno, oddamo. Cena: 2.400,00 EUR/mes",https://www.nepremicnine.net/oglasi-oddaja/tuskanac-tuskanac-stanovanje_7372213/
6687688,"TUSKANAC, TUŠKANAC",Stanovanje,3-sobno,3.0,4000.0,EUR,150.0,,,"150 m2, 3-sobno, ""penthouse"", oddamo. Cena: 4.000,00 EUR/mes",https://www.nepremicnine.net/oglasi-oddaja/tuskanac-tuskanac-stanovanje_6687688/
6799743,"TUSKANAC, TUŠKANAC",Stanovanje,3-sobno,3.0,4500.0,EUR,151.0,,,"151 m2, 3-sobno, ""penthouse"", oddamo. Cena: 4.500,00 EUR/mes",https://www.nepremicnine.net/oglasi-oddaja/tuskanac-tuskanac-stanovanje_6799743/
7285987,"TUSKANAC, TUŠKANAC",Stanovanje,5 in večsobno,,7500.0,EUR,300.0,,,"300 m2, 5 in večsobno, oddamo. Cena: 7.500,00 EUR/mes",https://www.nepremicnine.net/oglasi-oddaja/tuskanac-tuskanac-stanovanje_7285987/
7241818,"TUSKANAC, TUŠKANAC, GORNJI GRAD - MEDVEŠČA",Stanovanje,1-sobno,1.0,700.0,EUR,65.0,,,"65 m2, 1-sobno, oddamo. Cena: 700,00 EUR/mes",https://www.nepremicnine.net/oglasi-oddaja/tuskanac-tuskanac-gornji-grad-medvesca-stanovanje_7241818/
7373563,"TUSKANAC, ZELENGAJ",Stanovanje,3-sobno,3.0,2300.0,EUR,118.0,,,"118 m2, 3-sobno, ""penthouse"", oddamo. Cena: 2.300,00 EUR/mes",https://www.nepremicnine.net/oglasi-oddaja/tuskanac-zelengaj-stanovanje_7373563/
6687440,"TUSKANAC, ZELENGAJ",Stanovanje,3-sobno,3.0,2300.0,EUR,145.0,,,"145 m2, 3-sobno, ""penthouse"", oddamo. Cena: 2.300,00 EUR/mes",https://www.nepremicnine.net/oglasi-oddaja/tuskanac-zelengaj-stanovanje_6687440/
7086571,UMAG,Stanovanje,2-sobno,2.0,800.0,EUR,45.0,2018,1/2,"45 m2, 2-sobno, zgrajeno l. 2018, 1/2 nad., 45 m2, 2-sobno, l. 2018, 1/2 nad. V sklopu kompleksa Garden Palace Umag odda...",https://www.nepremicnine.net/oglasi-oddaja/umag-stanovanje_7086571/
7305436,UMAG,Stanovanje,2-sobno,2.0,1300.0,EUR,70.0,,,"70 m2, 2-sobno, oddamo. Cena: 1.300,00 EUR/mes",https://www.nepremicnine.net/oglasi-oddaja/umag-stanovanje_7305436/
7352388,UMAG,Stanovanje,2-sobno,2.0,1500.0,EUR,84.0,2025,,"84 m2, 2-sobno, novogradnja - zgr. l. 2025, oddamo. Cena: 1.500,00 EUR/mes",https://www.nepremicnine.net/oglasi-oddaja/umag-stanovanje_7352388/
7369784,UMAG,Stanovanje,3-sobno,3.0,9588.0,EUR,88.61,2008,1/1,"88,61 m2, 3-sobno, zgrajeno l. 2008, 1/1 nad., oddamo. Cena: 9.588,00 EUR/l.",https://www.nepremicnine.net/oglasi-oddaja/umag-stanovanje_7369784/
7303509,UMAG,Stanovanje,3-sobno,3.0,799.0,EUR,88.61,2008,1/1,"88,61 m2, 3-sobno, zgrajeno l. 2008, 1/1 nad., oddamo. Cena: 799,00 EUR/mes",https://www.nepremicnine.net/oglasi-oddaja/umag-stanovanje_7303509/
7371807,"UMAG, 200 M DO MORJA, 500 CENTRA",Stanovanje,1-sobno,1.0,1000.0,EUR,53.0,2020,1/2,"53 m2, 1-sobno, zgrajeno l. 2020, 1/2 nad., oddamo. Cena: 1.000,00 EUR/mes",https://www.nepremicnine.net/oglasi-oddaja/umag-200-m-do-morja-500-centra-stanovanje_7371807/
7408918,UTRINA – TRAVNO - SOPOT,Stanovanje,1-sobno,1.0,700.0,EUR,36.0,,,"36 m2, 1-sobno, oddamo. Cena: 700,00 EUR/mes",https://www.nepremicnine.net/oglasi-oddaja/utrina-travno-sopot-stanovanje_7408918/
7372979,UTRINA – TRAVNO - SOPOT,Stanovanje,1-sobno,1.0,650.0,EUR,40.0,,,"40 m2, 1-sobno, oddamo. Cena: 650,00 EUR/mes",https://www.nepremicnine.net/oglasi-oddaja/utrina-travno-sopot-stanovanje_7372979/
7407069,UTRINA – TRAVNO - SOPOT,Stanovanje,1-sobno,1.0,850.0,EUR,50.0,,,"50 m2, 1-sobno, oddamo. Cena: 850,00 EUR/mes",https://www.nepremicnine.net/oglasi-oddaja/utrina-travno-sopot-stanovanje_7407069/
7281375,UTRINA – TRAVNO - SOPOT,Stanovanje,1-sobno,1.0,1000.0,EUR,50.0,,,"50 m2, 1-sobno, oddamo. Cena: 1.000,00 EUR/mes",https://www.nepremicnine.net/oglasi-oddaja/utrina-travno-sopot-stanovanje_7281375/
7351678,UTRINA – TRAVNO - SOPOT,Stanovanje,1-sobno,1.0,700.0,EUR,54.0,,,"54 m2, 1-sobno, oddamo. Cena: 700,00 EUR/mes",https://www.nepremicnine.net/oglasi-oddaja/utrina-travno-sopot-stanovanje_7351678/
7328061,"UTRINA – TRAVNO - SOPOT, BUNDEK",Stanovanje,1-sobno,1.0,850.0,EUR,48.0,,,"48 m2, 1-sobno, oddamo. Cena: 850,00 EUR/mes",https://www.nepremicnine.net/oglasi-oddaja/utrina-travno-sopot-bundek-stanovanje_7328061/
7243299,"UTRINA – TRAVNO - SOPOT, NOVI ZAGREB - ISTOK",Stanovanje,2-sobno,2.0,250.0,EUR,56.0,,,"56 m2, 2-sobno, oddamo. Cena: 250,00 EUR/mes",https://www.nepremicnine.net/oglasi-oddaja/utrina-travno-sopot-novi-zagreb-istok-stanovanje_7243299/
7243714,"UTRINA – TRAVNO - SOPOT, NOVI ZAGREB - ISTOK",Stanovanje,2-sobno,2.0,200.0,EUR,65.0,,,"65 m2, 2-sobno, oddamo. Cena: 200,00 EUR/mes",https://www.nepremicnine.net/oglasi-oddaja/utrina-travno-sopot-novi-zagreb-istok-stanovanje_7243714/
7254421,"UTRINA – TRAVNO - SOPOT, NOVI ZAGREB - ISTOK",Stanovanje,2-sobno,2.0,200.0,EUR,70.0,,,"70 m2, 2-sobno, oddamo. Cena: 200,00 EUR/mes",https://www.nepremicnine.net/oglasi-oddaja/utrina-travno-sopot-novi-zagreb-istok-stanovanje_7254421/
7252329,"UTRINA – TRAVNO - SOPOT, NOVI ZAGREB - ISTOK",Stanovanje,3-sobno,3.0,230.0,EUR,84.0,,,"84 m2, 3-sobno, oddamo. Cena: 230,00 EUR/mes",https://www.nepremicnine.net/oglasi-oddaja/utrina-travno-sopot-novi-zagreb-istok-stanovanje_7252329/
7252307,"UTRINA – TRAVNO - SOPOT, NOVI ZAGREB - ISTOK",Stanovanje,2-sobno,2.0,200.0,EUR,110.0,,,"110 m2, 2-sobno, oddamo. Cena: 200,00 EUR/mes",https://www.nepremicnine.net/oglasi-oddaja/utrina-travno-sopot-novi-zagreb-istok-stanovanje_7252307/
7403756,VALKANE,Stanovanje,3-sobno,3.0,1500.0,EUR,101.0,,,"101 m2, 3-sobno, oddamo. Cena: 1.500,00 EUR/mes",https://www.nepremicnine.net/oglasi-oddaja/valkane-stanovanje_7403756/
7406544,VALKANE,Stanovanje,3-sobno,3.0,1500.0,EUR,101.0,,,"101 m2, 3-sobno, oddamo. Cena: 1.500,00 EUR/mes",https://www.nepremicnine.net/oglasi-oddaja/valkane-stanovanje_7406544/
7399010,VALKANE,Stanovanje,4-sobno,4.0,2500.0,EUR,139.0,1913,,"139 m2, 4-sobno, zgrajeno l. 1913, oddamo. Cena: 2.500,00 EUR/mes",https://www.nepremicnine.net/oglasi-oddaja/valkane-stanovanje_7399010/
7283558,"VALKANE, STOJA",Stanovanje,4-sobno,4.0,2000.0,EUR,150.0,,,"150 m2, 4-sobno, oddamo. Cena: 2.000,00 EUR/mes",https://www.nepremicnine.net/oglasi-oddaja/valkane-stoja-stanovanje_7283558/
7382606,VARAŽDIN,Stanovanje,1-sobno,1.0,500.0,EUR,52.0,,,"52 m2, 1-sobno, oddamo. Cena: 500,00 EUR/mes",https://www.nepremicnine.net/oglasi-oddaja/varazdin-stanovanje_7382606/
7347462,VARAŽDIN,Stanovanje,3-sobno,3.0,900.0,EUR,74.0,2026,,"74 m2, 3-sobno, novogradnja - zgr. l. 2026, oddamo. Cena: 900,00 EUR/mes",https://www.nepremicnine.net/oglasi-oddaja/varazdin-stanovanje_7347462/
7343284,VARAŽDIN,Stanovanje,2-sobno,2.0,1000.0,EUR,76.0,2005,,"76 m2, 2-sobno, zgrajeno l. 2005, oddamo. Cena: 1.000,00 EUR/mes",https://www.nepremicnine.net/oglasi-oddaja/varazdin-stanovanje_7343284/
7340799,"VARAŽDIN, CENTAR",Stanovanje,1-sobno,1.0,700.0,EUR,30.0,,,"30 m2, 1-sobno, oddamo. Cena: 700,00 EUR/mes",https://www.nepremicnine.net/oglasi-oddaja/varazdin-centar-stanovanje_7340799/
7282466,"VARAŽDIN, CENTAR",Stanovanje,2-sobno,2.0,950.0,EUR,70.0,,,"70 m2, 2-sobno, oddamo. Cena: 950,00 EUR/mes",https://www.nepremicnine.net/oglasi-oddaja/varazdin-centar-stanovanje_7282466/
7397631,"VARAŽDIN, CENTAR",Stanovanje,2-sobno,2.0,900.0,EUR,74.0,,,"74 m2, 2-sobno, oddamo. Cena: 900,00 EUR/mes",https://www.nepremicnine.net/oglasi-oddaja/varazdin-centar-stanovanje_7397631/
7286419,"VARAŽDIN, CENTAR",Stanovanje,3-sobno,3.0,950.0,EUR,110.0,,,"110 m2, 3-sobno, oddamo. Cena: 950,00 EUR/mes",https://www.nepremicnine.net/oglasi-oddaja/varazdin-centar-stanovanje_7286419/
7403211,"VARAŽDIN, JALKOVEČKA",Stanovanje,1-sobno,1.0,1000.0,EUR,62.0,,,"62 m2, 1-sobno, oddamo. Cena: 1.000,00 EUR/mes",https://www.nepremicnine.net/oglasi-oddaja/varazdin-jalkovecka-stanovanje_7403211/
7412083,"VARAŽDIN, KOPRIVNIČKA",Stanovanje,2-sobno,2.0,700.0,EUR,61.0,,,"61 m2, 2-sobno, oddamo. Cena: 700,00 EUR/mes",https://www.nepremicnine.net/oglasi-oddaja/varazdin-koprivnicka-stanovanje_7412083/
7400293,"VAŠE, MIRNA LOKACIJA",Stanovanje,Garsonjera,,780.0,EUR,28.0,2012,1/1,"28 m2, garsonjera, zgrajena l. 2012, adaptirana l. 2022, 1/1 nad., Urejeno stanovanje v hiši z enim parkirnim mestom pre...",https://www.nepremicnine.net/oglasi-oddaja/vase-mirna-lokacija-stanovanje_7400293/
7409712,VELENJE,Stanovanje,2-sobno,2.0,750.0,EUR,55.8,1977,P/6,"55,8 m2, 2-sobno, zgrajeno l. 1977, adaptirano l. 2024, P/6 nad., Moderno opremljeno 2 sobno stanovanje na Gorici, oddam...",https://www.nepremicnine.net/oglasi-oddaja/velenje-stanovanje_7409712/
7313838,VELENJE,Stanovanje,2-sobno,2.0,600.0,EUR,59.43,1961,3/4,"59,43 m2, 2-sobno, zgrajeno l. 1961, adaptirano l. 2026, 3/4 nad., Oddamo 2-sobno stanovanje, 59,4 m2 neto tlorisne povr...",https://www.nepremicnine.net/oglasi-oddaja/velenje-stanovanje_7313838/
7414174,"VELENJE, CENTER",Stanovanje,3-sobno,3.0,750.0,EUR,89.5,1974,3/4,"89,5 m2, 3-sobno, zgrajeno l. 1974, 3/4 nad., oddamo. Cena: 750,00 EUR/mes",https://www.nepremicnine.net/oglasi-oddaja/velenje-center-stanovanje_7414174/
7381316,"VELENJE, DESNI BREG",Stanovanje,1-sobno,1.0,470.0,EUR,44.3,1975,4,"44,3 m2, 1-sobno, v stavbi zgrajeni l. 1975, adaptirano l. 2026, 4. nad., Dolgoročno oddamo takoj vseljivo, obnovljeno, ...",https://www.nepremicnine.net/oglasi-oddaja/velenje-desni-breg-stanovanje_7381316/
6334505,"VELENJE, DO VELENJA JE 4KM",Stanovanje,Soba,,130.0,EUR,22.0,2012,1/2,"22 m2, soba, adaptirana l. 2012, 1/2 nad., Oddamo sobo:- cena na osebo 130 EUR/posteljo/mesec(4 osebe v eni sobi)- cena ...",https://www.nepremicnine.net/oglasi-oddaja/velenje-do-velenja-je-4km-stanovanje_6334505/
6509868,"VELENJE, EFENKOVA CESTA 61",Stanovanje,Soba,,200.0,EUR,15.0,1980,1/4,"15 m2, soba, zgrajena l. 1980, adaptirana l. 2020, 1/4 nad., Soba primerna za delavce, oddamo. Cena: 200,00 EUR/osebo na...",https://www.nepremicnine.net/oglasi-oddaja/velenje-efenkova-cesta-61-stanovanje_6509868/
7382014,"VELENJE, GORICA",Stanovanje,3-sobno,3.0,750.0,EUR,88.0,1976,1/5,"88 m2, 3-sobno, zgrajeno l. 1976, 1/5 nad., Stanovanje je na voljo po 15.7.2026, oddamo. Cena: cca 750,00 EUR/mes",https://www.nepremicnine.net/oglasi-oddaja/velenje-gorica-stanovanje_7382014/
7398379,"VELENJE, GORICA",Stanovanje,5 in večsobno,,900.0,EUR,150.0,1977,P+1+2+M,"150 m2, 5 in večsobno, zgrajeno l. 1977, adaptirano l. 2025, 900 m2 zemljišča, P+1+2+M, Hiša, del hiše, balkon, razgled,...",https://www.nepremicnine.net/oglasi-oddaja/velenje-gorica-stanovanje_7398379/
7367035,"VELENJE, TOMŠIČEVA CESTA 7",Stanovanje,2-sobno,2.0,550.0,EUR,60.0,1961,2/5,"60 m2, 2-sobno, adaptirano l. 1961, adaptirano l. 2025, 2/5 nad., oddamo. Cena: cca 550,00 EUR/mes",https://www.nepremicnine.net/oglasi-oddaja/velenje-tomsiceva-cesta-7-stanovanje_7367035/
7413429,VELESOVO,Stanovanje,2-sobno,2.0,700.0,EUR,70.0,2019,,"70 m2, 2-sobno, adaptirano l. 2019, Stanovanje obsega kuhinjo,dnevno sobo,sobo,kopalnico,hodnik in teraso ter parking.Ce...",https://www.nepremicnine.net/oglasi-oddaja/velesovo-stanovanje_7413429/
7405796,VELIKA GORICA,Stanovanje,1-sobno,1.0,900.0,EUR,61.0,2023,,"61 m2, 1-sobno, novogradnja - zgr. l. 2023, oddamo. Cena: 900,00 EUR/mes",https://www.nepremicnine.net/oglasi-oddaja/velika-gorica-stanovanje_7405796/
7361492,VELIKA GORICA,Stanovanje,2-sobno,2.0,1000.0,EUR,110.0,2025,,"110 m2, 2-sobno, novogradnja - zgr. l. 2025, oddamo. Cena: 1.000,00 EUR/mes",https://www.nepremicnine.net/oglasi-oddaja/velika-gorica-stanovanje_7361492/
7266615,VELIKA GORICA,Stanovanje,3-sobno,3.0,2500.0,EUR,128.0,2025,,"128 m2, 3-sobno, novogradnja - zgr. l. 2025, oddamo. Cena: 2.500,00 EUR/mes",https://www.nepremicnine.net/oglasi-oddaja/velika-gorica-stanovanje_7266615/
7366006,"VELIKA GORICA, CENTAR",Stanovanje,1-sobno,1.0,200.0,EUR,50.0,,,"50 m2, 1-sobno, oddamo. Cena: 200,00 EUR/mes",https://www.nepremicnine.net/oglasi-oddaja/velika-gorica-centar-stanovanje_7366006/
7396026,"VELIKA GORICA, CENTAR",Stanovanje,2-sobno,2.0,1000.0,EUR,69.0,2026,,"69 m2, 2-sobno, novogradnja - zgr. l. 2026, oddamo. Cena: 1.000,00 EUR/mes",https://www.nepremicnine.net/oglasi-oddaja/velika-gorica-centar-stanovanje_7396026/
7305154,"VELIKA GORICA, CENTAR",Stanovanje,3-sobno,3.0,200.0,EUR,80.0,,,"80 m2, 3-sobno, oddamo. Cena: 200,00 EUR/mes",https://www.nepremicnine.net/oglasi-oddaja/velika-gorica-centar-stanovanje_7305154/
7366049,"VELIKA GORICA, CENTAR",Stanovanje,2-sobno,2.0,1500.0,EUR,89.0,,,"89 m2, 2-sobno, oddamo. Cena: 1.500,00 EUR/mes",https://www.nepremicnine.net/oglasi-oddaja/velika-gorica-centar-stanovanje_7366049/
7252757,"VELIKA GORICA, CENTAR",Stanovanje,2-sobno,2.0,200.0,EUR,90.0,,,"90 m2, 2-sobno, oddamo. Cena: 200,00 EUR/mes",https://www.nepremicnine.net/oglasi-oddaja/velika-gorica-centar-stanovanje_7252757/
7239775,"VELIKA GORICA, CENTAR",Stanovanje,5 in večsobno,,200.0,EUR,120.0,,,"120 m2, 5 in večsobno, oddamo. Cena: 200,00 EUR/mes",https://www.nepremicnine.net/oglasi-oddaja/velika-gorica-centar-stanovanje_7239775/
7241025,"VELIKA GORICA, CENTAR",Stanovanje,5 in večsobno,,180.0,EUR,500.0,,,"500 m2, 5 in večsobno, oddamo. Cena: 180,00 EUR/mes",https://www.nepremicnine.net/oglasi-oddaja/velika-gorica-centar-stanovanje_7241025/
7332523,"VELIKA GORICA, GORNJE PODOTOČJE",Stanovanje,2-sobno,2.0,200.0,EUR,58.0,2024,,"58 m2, 2-sobno, novogradnja - zgr. l. 2024, oddamo. Cena: 200,00 EUR/mes",https://www.nepremicnine.net/oglasi-oddaja/velika-gorica-gornje-podotocje-stanovanje_7332523/
7332522,"VELIKA GORICA, GORNJE PODOTOČJE",Stanovanje,2-sobno,2.0,750.0,EUR,60.0,,,"60 m2, 2-sobno, oddamo. Cena: 750,00 EUR/mes",https://www.nepremicnine.net/oglasi-oddaja/velika-gorica-gornje-podotocje-stanovanje_7332522/
7252775,"VELIKA GORICA, GORNJE PODOTOČJE",Stanovanje,3-sobno,3.0,150.0,EUR,100.0,,,"100 m2, 3-sobno, oddamo. Cena: 150,00 EUR/mes",https://www.nepremicnine.net/oglasi-oddaja/velika-gorica-gornje-podotocje-stanovanje_7252775/
7252523,"VELIKA GORICA, KOBILIĆI, OKOLIC",Stanovanje,3-sobno,3.0,170.0,EUR,76.0,,,"76 m2, 3-sobno, oddamo. Cena: 170,00 EUR/mes",https://www.nepremicnine.net/oglasi-oddaja/velika-gorica-kobilici-okolic-stanovanje_7252523/
7241792,"VELIKA GORICA, KURILOVEC",Stanovanje,Drugo,,200.0,EUR,160.0,,,"160 m2, stanovanje, oddamo. Cena: 200,00 EUR/mes",https://www.nepremicnine.net/oglasi-oddaja/velika-gorica-kurilovec-stanovanje_7241792/
7305444,"VELIKA GORICA, KURILOVEC",Stanovanje,3-sobno,3.0,2600.0,EUR,195.0,2025,,"195 m2, 3-sobno, novogradnja - zgr. l. 2025, oddamo. Cena: 2.600,00 EUR/mes",https://www.nepremicnine.net/oglasi-oddaja/velika-gorica-kurilovec-stanovanje_7305444/
7243234,"VELIKA GORICA, LUKAVEC, OKOLICA",Stanovanje,1-sobno,1.0,800.0,EUR,45.0,,,"45 m2, 1-sobno, oddamo. Cena: 800,00 EUR/mes",https://www.nepremicnine.net/oglasi-oddaja/velika-gorica-lukavec-okolica-stanovanje_7243234/
7315791,"VELIKA GORICA, MLAKA",Stanovanje,2-sobno,2.0,1100.0,EUR,75.0,,,"75 m2, 2-sobno, oddamo. Cena: 1.100,00 EUR/mes",https://www.nepremicnine.net/oglasi-oddaja/velika-gorica-mlaka-stanovanje_7315791/
7082109,"VELIKA GORICA, SLAVKA KOLARA",Stanovanje,3-sobno,3.0,1800.0,EUR,160.0,,,"160 m2, 3-sobno, oddamo. Cena: 1.800,00 EUR/mes",https://www.nepremicnine.net/oglasi-oddaja/velika-gorica-slavka-kolara-stanovanje_7082109/
7400403,VELIKA LIGOJNA,Stanovanje,Garsonjera,,570.0,EUR,35.0,2005,1,"35 m2, garsonjera, zgrajena l. 2005, adaptirana l. 2024, 1. nad., oddamo. Cena: 570,00 EUR/mes",https://www.nepremicnine.net/oglasi-oddaja/velika-ligojna-stanovanje_7400403/
7407562,VELIKA RAČNA,Stanovanje,1-sobno,1.0,400.0,EUR,36.0,1968,P,"36 m2, 1-sobno, zgrajeno l. 1968, adaptirano l. 2019, pritličje, oddamo. Cena: 400,00 EUR/mes",https://www.nepremicnine.net/oglasi-oddaja/velika-racna-stanovanje_7407562/
7248350,"VELIKE DOLE, MED IVANČNA GORICO IN TREBNJEM I",Stanovanje,"2,5-sobno",2.5,1000.0,EUR,75.0,2026,2,"75 m2, 2,5-sobno, zgrajeno l. 2026, 2. nad., oddamo. Cena: 1.000,00 EUR/mes",https://www.nepremicnine.net/oglasi-oddaja/velike-dole-med-ivancna-gorico-in-trebnjem-i-stanovanje_7248350/
7374043,VELIKO MLAČEVO,Stanovanje,Soba,,320.0,EUR,16.0,1982,,"16 m2, soba, zgrajena l. 1982, Oddam sobo velikosti 16 m2 v hiši s petimi sobami, oddamo. Cena: 320,00 EUR/osebo na mes",https://www.nepremicnine.net/oglasi-oddaja/veliko-mlacevo-stanovanje_7374043/
7400627,VEPRINAC,Stanovanje,2-sobno,2.0,950.0,EUR,66.0,2008,,"66 m2, 2-sobno, zgrajeno l. 2008, oddamo. Cena: 950,00 EUR/mes",https://www.nepremicnine.net/oglasi-oddaja/veprinac-stanovanje_7400627/
7403280,"VEPRINAC, OPRIĆ, OPATIJA - OKOLICA",Stanovanje,2-sobno,2.0,1800.0,EUR,108.0,2024,,"108 m2, 2-sobno, novogradnja - zgr. l. 2024, oddamo. Cena: 1.800,00 EUR/mes",https://www.nepremicnine.net/oglasi-oddaja/veprinac-opric-opatija-okolica-stanovanje_7403280/
7355549,VERJE,Stanovanje,2-sobno,2.0,950.0,EUR,74.0,1984,1/1,"74 m2, 2-sobno, zgrajeno l. 1984, adaptirano l. 2025, 1/1 nad., odlična lokacija, neposredna bližina Medvod, v celoti op...",https://www.nepremicnine.net/oglasi-oddaja/verje-stanovanje_7355549/
7403856,"VEVČE, PAPIRNIŠKI TRG",Stanovanje,3-sobno,3.0,1200.0,EUR,55.0,1988,2/2,"55 m2, 3-sobno, zgrajeno l. 1988, adaptirano l. 2022, 2/2 nad., Nadstandardno 3-sobno stanovanje z 2 spalnicama in velik...",https://www.nepremicnine.net/oglasi-oddaja/vevce-papirniski-trg-stanovanje_7403856/
7402900,VEZICA - DRAGA,Stanovanje,1-sobno,1.0,700.0,EUR,53.0,,,"53 m2, 1-sobno, oddamo. Cena: 700,00 EUR/mes",https://www.nepremicnine.net/oglasi-oddaja/vezica-draga-stanovanje_7402900/
7413783,VEZICA - DRAGA,Stanovanje,2-sobno,2.0,800.0,EUR,53.0,,,"53 m2, 2-sobno, oddamo. Cena: 800,00 EUR/mes",https://www.nepremicnine.net/oglasi-oddaja/vezica-draga-stanovanje_7413783/
7413970,"VEZICA - DRAGA, DONJA VEŽICA, RIJEKA",Stanovanje,2-sobno,2.0,600.0,EUR,50.0,,,"50 m2, 2-sobno, oddamo. Cena: 600,00 EUR/mes",https://www.nepremicnine.net/oglasi-oddaja/vezica-draga-donja-vezica-rijeka-stanovanje_7413970/
7393372,"VEZICA - DRAGA, DONJA VEŽICA, RIJEKA",Stanovanje,2-sobno,2.0,200.0,EUR,68.0,,,"68 m2, 2-sobno, oddamo. Cena: 200,00 EUR/mes",https://www.nepremicnine.net/oglasi-oddaja/vezica-draga-donja-vezica-rijeka-stanovanje_7393372/
7395423,"VEZICA - DRAGA, GORNJA VEŽICA, RIJEKA",Stanovanje,2-sobno,2.0,650.0,EUR,61.0,,,"61 m2, 2-sobno, oddamo. Cena: 650,00 EUR/mes",https://www.nepremicnine.net/oglasi-oddaja/vezica-draga-gornja-vezica-rijeka-stanovanje_7395423/
7393287,"VEZICA - DRAGA, GORNJA VEŽICA, RIJEKA",Stanovanje,2-sobno,2.0,700.0,EUR,67.0,1970,,"67 m2, 2-sobno, zgrajeno l. 1970, oddamo. Cena: 700,00 EUR/mes",https://www.nepremicnine.net/oglasi-oddaja/vezica-draga-gornja-vezica-rijeka-stanovanje_7393287/
7392329,"VEZICA - DRAGA, GORNJA VEŽICA, RIJEKA",Stanovanje,2-sobno,2.0,950.0,EUR,68.0,,,"68 m2, 2-sobno, oddamo. Cena: 950,00 EUR/mes",https://www.nepremicnine.net/oglasi-oddaja/vezica-draga-gornja-vezica-rijeka-stanovanje_7392329/
7362700,VIDEM,Stanovanje,Garsonjera,,300.0,EUR,23.6,2002,1/1,"23,6 m2, garsonjera, zgrajena l. 2002, 1/1 nad., stanovanje se nahaja v poslovno-stanovanjskem objektu, v centru mesta, ...",https://www.nepremicnine.net/oglasi-oddaja/videm-stanovanje_7362700/
7412034,VIDEM,Stanovanje,"1,5-sobno",1.5,750.0,EUR,46.0,2005,2/2,"46 m2, 1,5-sobno, zgrajeno l. 2005, 2/2 nad., oddamo. Cena: cca 750,00 EUR/mes",https://www.nepremicnine.net/oglasi-oddaja/videm-stanovanje_7412034/
7338050,"VIDEM, DOBREPOLJE",Stanovanje,Garsonjera,,300.0,EUR,23.6,2002,1,"23,6 m2, garsonjera, zgrajena l. 2002, 1. nad., stanovanje se nahaja v poslovno-stanovanjskem objektu, v centru mesta, v...",https://www.nepremicnine.net/oglasi-oddaja/videm-dobrepolje-stanovanje_7338050/
7383198,"VIDEM, DOBREPOLJE",Stanovanje,Garsonjera,,300.0,EUR,23.6,2002,1/M,"23,6 m2, garsonjera, zgrajena l. 2002, 1/M, stanovanje se nahaja v poslovno-stanovanjskem objektu, v centru mesta, v nep...",https://www.nepremicnine.net/oglasi-oddaja/videm-dobrepolje-stanovanje_7383198/
7340841,"VIDEM, DOBREPOLJE",Stanovanje,2-sobno,2.0,600.0,EUR,68.0,1976,P/1,"68 m2, 2-sobno, zgrajeno l. 1976, adaptirano l. 2019, P/1 nad., Stanovanje je vseljivo z 01.09.2026. Za vse informacije ...",https://www.nepremicnine.net/oglasi-oddaja/videm-dobrepolje-stanovanje_7340841/
7406503,"VIDEM, DOL PRI LJUBLJANI",Stanovanje,3-sobno,3.0,1500.0,EUR,138.9,2025,,"138,9 m2, 3-sobno, zgrajeno l. 2025, oddamo. Cena: 1.500,00 EUR/mes",https://www.nepremicnine.net/oglasi-oddaja/videm-dol-pri-ljubljani-stanovanje_7406503/
7354198,VIR PRI STIČNI,Stanovanje,5 in večsobno,,900.0,EUR,125.0,1995,,"125 m2, 5 in večsobno, zgrajeno l. 1995, adaptirano l. 2024, oddamo. Cena: 900,00 EUR/mes",https://www.nepremicnine.net/oglasi-oddaja/vir-pri-sticni-stanovanje_7354198/
7081897,VIR PRI STIČNI,Stanovanje,4-sobno,4.0,1000.0,EUR,130.0,1990,,"130 m2, 4-sobno, zgrajeno l. 1990, oddamo. Cena: 1.000,00 EUR/mes",https://www.nepremicnine.net/oglasi-oddaja/vir-pri-sticni-stanovanje_7081897/
7389153,VIŠKOVO,Stanovanje,1-sobno,1.0,600.0,EUR,35.0,,,"35 m2, 1-sobno, oddamo. Cena: 600,00 EUR/mes",https://www.nepremicnine.net/oglasi-oddaja/viskovo-stanovanje_7389153/
7412165,VIŠKOVO,Stanovanje,2-sobno,2.0,700.0,EUR,67.0,,,"67 m2, 2-sobno, oddamo. Cena: 700,00 EUR/mes",https://www.nepremicnine.net/oglasi-oddaja/viskovo-stanovanje_7412165/
7399366,VIŠKOVO,Stanovanje,2-sobno,2.0,1100.0,EUR,85.0,,,"85 m2, 2-sobno, oddamo. Cena: 1.100,00 EUR/mes",https://www.nepremicnine.net/oglasi-oddaja/viskovo-stanovanje_7399366/
7399369,VIŠKOVO,Stanovanje,2-sobno,2.0,1100.0,EUR,85.0,,,"85 m2, 2-sobno, oddamo. Cena: 1.100,00 EUR/mes",https://www.nepremicnine.net/oglasi-oddaja/viskovo-stanovanje_7399369/
7398818,VIŠKOVO,Stanovanje,2-sobno,2.0,1300.0,EUR,85.0,,,"85 m2, 2-sobno, oddamo. Cena: 1.300,00 EUR/mes",https://www.nepremicnine.net/oglasi-oddaja/viskovo-stanovanje_7398818/
7252013,VIŠKOVO,Stanovanje,3-sobno,3.0,220.0,EUR,90.0,,,"90 m2, 3-sobno, oddamo. Cena: 220,00 EUR/mes",https://www.nepremicnine.net/oglasi-oddaja/viskovo-stanovanje_7252013/
7399354,VIŠKOVO,Stanovanje,2-sobno,2.0,1300.0,EUR,90.0,2025,,"90 m2, 2-sobno, novogradnja - zgr. l. 2025, oddamo. Cena: 1.300,00 EUR/mes",https://www.nepremicnine.net/oglasi-oddaja/viskovo-stanovanje_7399354/
7410781,VIŠKOVO,Stanovanje,3-sobno,3.0,850.0,EUR,100.0,,,"100 m2, 3-sobno, oddamo. Cena: 850,00 EUR/mes",https://www.nepremicnine.net/oglasi-oddaja/viskovo-stanovanje_7410781/
7407790,"VIŠKOVO, MARČELJI",Stanovanje,3-sobno,3.0,1300.0,EUR,75.0,,,"75 m2, 3-sobno, oddamo. Cena: 1.300,00 EUR/mes",https://www.nepremicnine.net/oglasi-oddaja/viskovo-marcelji-stanovanje_7407790/
7407791,"VIŠKOVO, MARČELJI",Stanovanje,3-sobno,3.0,1000.0,EUR,75.0,,,"75 m2, 3-sobno, oddamo. Cena: 1.000,00 EUR/mes",https://www.nepremicnine.net/oglasi-oddaja/viskovo-marcelji-stanovanje_7407791/
7407732,"VIŠKOVO, MARČELJI",Stanovanje,3-sobno,3.0,200.0,EUR,79.0,,,"79 m2, 3-sobno, oddamo. Cena: 200,00 EUR/mes",https://www.nepremicnine.net/oglasi-oddaja/viskovo-marcelji-stanovanje_7407732/
7392913,"VIŠKOVO, MARINIĆI",Stanovanje,3-sobno,3.0,1100.0,EUR,134.0,,,"134 m2, 3-sobno, oddamo. Cena: 1.100,00 EUR/mes",https://www.nepremicnine.net/oglasi-oddaja/viskovo-marinici-stanovanje_7392913/
7411293,VIŠNJA GORA,Stanovanje,Garsonjera,,400.0,EUR,21.0,2004,2/2,"21 m2, garsonjera, zgrajena l. 2004, 2/2 nad., oddamo. Cena: 400,00 EUR/mes",https://www.nepremicnine.net/oglasi-oddaja/visnja-gora-stanovanje_7411293/
7313054,VIŽMARJE,Stanovanje,Garsonjera,,600.0,EUR,24.0,1980,P,"24 m2, garsonjera, zgrajena l. 1980, pritličje, oddamo. Cena: 600,00 EUR/mes",https://www.nepremicnine.net/oglasi-oddaja/vizmarje-stanovanje_7313054/
7387636,VIŽMARJE,Stanovanje,4-sobno,4.0,1590.0,EUR,136.3,1975,1/3,"136,3 m2, 4-sobno, zgrajeno l. 1975, adaptirano l. 2008, 1/3 nad., V naselju hiš skoraj na koncu slepe ulice, tik ob zel...",https://www.nepremicnine.net/oglasi-oddaja/vizmarje-stanovanje_7387636/
6831885,VIŽMARJE,Stanovanje,5 in večsobno,,2900.0,EUR,149.0,2024,1/2,"149 m2, 5 in večsobno, ""penthouse"", zgrajeno l. 2024, 1/2 nad., Novo sodobno duplex - penthouse stanovanje, zn...",https://www.nepremicnine.net/oglasi-oddaja/vizmarje-stanovanje_6831885/
7404875,VODICE,Stanovanje,1-sobno,1.0,600.0,EUR,40.0,2006,,"40 m2, 1-sobno, zgrajeno l. 2006, oddamo. Cena: 600,00 EUR/mes",https://www.nepremicnine.net/oglasi-oddaja/vodice-stanovanje_7404875/
7397669,VODICE,Stanovanje,3-sobno,3.0,900.0,EUR,72.0,2026,P,"72 m2, 3-sobno, novogradnja - zgr. l. 2026, pritličje, Novo, sodobno opremljeno 3-sobno stanovanje v Vodicah (Celoletni ...",https://www.nepremicnine.net/oglasi-oddaja/vodice-stanovanje_7397669/
7407632,VODICE,Stanovanje,2-sobno,2.0,1200.0,EUR,85.0,2010,,"85 m2, 2-sobno, zgrajeno l. 2010, oddamo. Cena: 1.200,00 EUR/mes",https://www.nepremicnine.net/oglasi-oddaja/vodice-stanovanje_7407632/
6926042,VODMAT,Stanovanje,Soba,,300.0,EUR,51.9,1964,P/10,"51,9 m2, soba, zgrajena l. 1964, adaptirana l. 2014, P/10 nad., oddamo. Cena: 300,00 EUR/mes",https://www.nepremicnine.net/oglasi-oddaja/vodmat-stanovanje_6926042/
7368463,VODMAT,Stanovanje,2-sobno,2.0,950.0,EUR,58.0,1964,VP/4,"58 m2, 2-sobno, zgrajeno l. 1964, VP/4 nad., prijetno stanovanje v neposredni bližini UKC, parkiranje za zapornico, odda...",https://www.nepremicnine.net/oglasi-oddaja/vodmat-stanovanje_7368463/
7403974,"VODMAT, 5 MIN PEŠ OD UKC",Stanovanje,"1,5-sobno",1.5,850.0,EUR,33.0,1961,VP/4,"33 m2, 1,5-sobno, zgrajeno l. 1961, VP/4 nad., Oddaja se popolnoma opremljeno 1,5-sobno stanovanje (33 m2) - Potrčeva ul...",https://www.nepremicnine.net/oglasi-oddaja/vodmat-5-min-pes-od-ukc-stanovanje_7403974/
7379642,"VODMAT, BLIZU UKC",Stanovanje,Soba,,600.0,EUR,12.0,1980,1/5,"12 m2, soba, zgrajena l. 1980, adaptirana l. 2023, 1/5 nad., kos specializantka sem delila stanovanje s študentkami.. v ...",https://www.nepremicnine.net/oglasi-oddaja/vodmat-blizu-ukc-stanovanje_7379642/
7411287,"VODMAT, BLIŽINA UKC LJ",Stanovanje,2-sobno,2.0,950.0,EUR,45.0,2023,4/4,"45 m2, 2-sobno, adaptirano l. 2023, 4/4 nad., Oddaja se popolnoma opremljeno stanovanje, 45 m2 v neposredni bližini UKC ...",https://www.nepremicnine.net/oglasi-oddaja/vodmat-blizina-ukc-lj-stanovanje_7411287/
7383309,"VODMAT, POD JEŽAMI",Stanovanje,1-sobno,1.0,1000.0,EUR,37.5,2025,2,"37,5 m2, 1-sobno, zgrajeno l. 2025, 2. nad., Ste pripravljeni na življenje, kjer se mestni utrip sreča z zelenim mirom?,...",https://www.nepremicnine.net/oglasi-oddaja/vodmat-pod-jezami-stanovanje_7383309/
7407593,"VODMAT, PREMIUM NASELJE - POD JEŽAMI 5",Stanovanje,2-sobno,2.0,1350.0,EUR,56.1,2025,2,"56,1 m2, 2-sobno, zgrajeno l. 2025, 2. nad., Novogradnja, še nevseljeno, popolnoma opremljeno, oddamo. Cena: 1.350,00 EU...",https://www.nepremicnine.net/oglasi-oddaja/vodmat-premium-naselje-pod-jezami-5-stanovanje_7407593/
7371000,"VODMAT, REZIDENCA",Stanovanje,"1,5-sobno",1.5,1100.0,EUR,39.79,2026,2/5,"39,79 m2, 1,5-sobno, zgrajeno l. 2026, 2/5 nad., Oddaja se nadstandardno opremljeno 1,5 sobno novo stanovanje s parkirni...",https://www.nepremicnine.net/oglasi-oddaja/vodmat-rezidenca-stanovanje_7371000/
7408387,"VODMAT, REZIDENCA",Stanovanje,1-sobno,1.0,1000.0,EUR,42.0,2025,P/4,"42 m2, 1-sobno, zgrajeno l. 2025, P/4 nad., Oddajamo lepo novo atrijsko stanovanje v soseski Rezidenca Vodmat, oddamo. C...",https://www.nepremicnine.net/oglasi-oddaja/vodmat-rezidenca-stanovanje_7408387/
7371094,"VOJNIK, CELJSKA CESTA 25",Stanovanje,"2,5-sobno",2.5,1400.0,EUR,70.0,2021,1/2,"70 m2, 2,5-sobno, zgrajeno l. 2021, 1/2 nad., Opremljeno stanovanje vsi priključki, klima, ležišč Iza 7-8 oseb, velika k...",https://www.nepremicnine.net/oglasi-oddaja/vojnik-celjska-cesta-25-stanovanje_7371094/
7395397,VOKLO,Stanovanje,"2,5-sobno",2.5,720.0,EUR,75.0,1993,1/2,"75 m2, 2,5-sobno, zgrajeno l. 1993, adaptirano l. 2019, 1/2 nad., Parkirišče, balkon in terasa, T2 optika, oddamo. Cena:...",https://www.nepremicnine.net/oglasi-oddaja/voklo-stanovanje_7395397/
7364075,VOLOVČICA,Stanovanje,1-sobno,1.0,1200.0,EUR,48.0,2025,,"48 m2, 1-sobno, novogradnja - zgr. l. 2025, oddamo. Cena: 1.200,00 EUR/mes",https://www.nepremicnine.net/oglasi-oddaja/volovcica-stanovanje_7364075/
7363019,VOLOVČICA,Stanovanje,1-sobno,1.0,1000.0,EUR,55.0,2015,,"55 m2, 1-sobno, novogradnja - zgr. l. 2015, oddamo. Cena: 1.000,00 EUR/mes",https://www.nepremicnine.net/oglasi-oddaja/volovcica-stanovanje_7363019/
7410017,VOLOVČICA,Stanovanje,2-sobno,2.0,1500.0,EUR,72.0,2024,,"72 m2, 2-sobno, novogradnja - zgr. l. 2024, oddamo. Cena: 1.500,00 EUR/mes",https://www.nepremicnine.net/oglasi-oddaja/volovcica-stanovanje_7410017/
7283791,"VOLOVČICA, BORONGAJ",Stanovanje,2-sobno,2.0,850.0,EUR,65.0,,,"65 m2, 2-sobno, oddamo. Cena: 850,00 EUR/mes",https://www.nepremicnine.net/oglasi-oddaja/volovcica-borongaj-stanovanje_7283791/
7405402,"VOLOVČICA, BORONGAJSKA",Stanovanje,2-sobno,2.0,1400.0,EUR,89.0,,,"89 m2, 2-sobno, ""penthouse"", oddamo. Cena: 1.400,00 EUR/mes",https://www.nepremicnine.net/oglasi-oddaja/volovcica-borongajska-stanovanje_7405402/
7350148,"VOLOVČICA, CHARLESA DARWINA",Stanovanje,2-sobno,2.0,1600.0,EUR,77.0,,,"77 m2, 2-sobno, oddamo. Cena: 1.600,00 EUR/mes",https://www.nepremicnine.net/oglasi-oddaja/volovcica-charlesa-darwina-stanovanje_7350148/
7322681,"VOLOVČICA, CHARLESA DARWINA",Stanovanje,2-sobno,2.0,1600.0,EUR,92.0,,,"92 m2, 2-sobno, oddamo. Cena: 1.600,00 EUR/mes",https://www.nepremicnine.net/oglasi-oddaja/volovcica-charlesa-darwina-stanovanje_7322681/
7382242,"VOLOVČICA, DARWINOVA",Stanovanje,3-sobno,3.0,2400.0,EUR,127.0,,,"127 m2, 3-sobno, oddamo. Cena: 2.400,00 EUR/mes",https://www.nepremicnine.net/oglasi-oddaja/volovcica-darwinova-stanovanje_7382242/
7284445,"VOLOVČICA, DONJE SVETICE",Stanovanje,3-sobno,3.0,3000.0,EUR,143.0,,,"143 m2, 3-sobno, oddamo. Cena: 3.000,00 EUR/mes",https://www.nepremicnine.net/oglasi-oddaja/volovcica-donje-svetice-stanovanje_7284445/
7411353,"VOLOVČICA, DONJE SVETICE",Stanovanje,4-sobno,4.0,3000.0,EUR,149.0,,,"149 m2, 4-sobno, oddamo. Cena: 3.000,00 EUR/mes",https://www.nepremicnine.net/oglasi-oddaja/volovcica-donje-svetice-stanovanje_7411353/
7337693,"VOLOVČICA, FAŽANSKA",Stanovanje,2-sobno,2.0,700.0,EUR,64.0,,,"64 m2, 2-sobno, oddamo. Cena: 700,00 EUR/mes",https://www.nepremicnine.net/oglasi-oddaja/volovcica-fazanska-stanovanje_7337693/
7326920,"VOLOVČICA, FERENŠČICA",Stanovanje,1-sobno,1.0,850.0,EUR,60.0,,,"60 m2, 1-sobno, oddamo. Cena: 850,00 EUR/mes",https://www.nepremicnine.net/oglasi-oddaja/volovcica-ferenscica-stanovanje_7326920/
7394421,"VOLOVČICA, LOVINČIĆEVA",Stanovanje,1-sobno,1.0,900.0,EUR,58.0,,,"58 m2, 1-sobno, oddamo. Cena: 900,00 EUR/mes",https://www.nepremicnine.net/oglasi-oddaja/volovcica-lovinciceva-stanovanje_7394421/
7361577,"VOLOVČICA, LOVINČIĆEVA",Stanovanje,2-sobno,2.0,1300.0,EUR,79.0,,,"79 m2, 2-sobno, oddamo. Cena: 1.300,00 EUR/mes",https://www.nepremicnine.net/oglasi-oddaja/volovcica-lovinciceva-stanovanje_7361577/
7409618,"VOLOVČICA, PEŠČENICA",Stanovanje,2-sobno,2.0,1700.0,EUR,82.0,,,"82 m2, 2-sobno, oddamo. Cena: 1.700,00 EUR/mes",https://www.nepremicnine.net/oglasi-oddaja/volovcica-pescenica-stanovanje_7409618/
7365741,"VOLOVČICA, PEŠČENICA",Stanovanje,2-sobno,2.0,1700.0,EUR,84.0,,,"84 m2, 2-sobno, oddamo. Cena: 1.700,00 EUR/mes",https://www.nepremicnine.net/oglasi-oddaja/volovcica-pescenica-stanovanje_7365741/
7350029,"VOLOVČICA, PEŠČENICA",Stanovanje,2-sobno,2.0,1700.0,EUR,95.0,,,"95 m2, 2-sobno, oddamo. Cena: 1.700,00 EUR/mes",https://www.nepremicnine.net/oglasi-oddaja/volovcica-pescenica-stanovanje_7350029/
6848497,"VOLOVČICA, PEŠČENICA",Stanovanje,3-sobno,3.0,3000.0,EUR,112.0,,,"112 m2, 3-sobno, oddamo. Cena: 3.000,00 EUR/mes",https://www.nepremicnine.net/oglasi-oddaja/volovcica-pescenica-stanovanje_6848497/
7334885,"VOLOVČICA, PLANINSKA",Stanovanje,1-sobno,1.0,550.0,EUR,36.0,,,"36 m2, 1-sobno, oddamo. Cena: 550,00 EUR/mes",https://www.nepremicnine.net/oglasi-oddaja/volovcica-planinska-stanovanje_7334885/
7283357,"VOLOVČICA, SVETICE",Stanovanje,1-sobno,1.0,700.0,EUR,61.0,,,"61 m2, 1-sobno, oddamo. Cena: 700,00 EUR/mes",https://www.nepremicnine.net/oglasi-oddaja/volovcica-svetice-stanovanje_7283357/
7283500,"VOLOVČICA, ŠTRIGINA",Stanovanje,1-sobno,1.0,1750.0,EUR,58.0,,,"58 m2, 1-sobno, oddamo. Cena: 1.750,00 EUR/mes",https://www.nepremicnine.net/oglasi-oddaja/volovcica-strigina-stanovanje_7283500/
7286108,"VOLOVČICA, ŠTRIGINA",Stanovanje,2-sobno,2.0,2000.0,EUR,115.0,,,"115 m2, 2-sobno, oddamo. Cena: 2.000,00 EUR/mes",https://www.nepremicnine.net/oglasi-oddaja/volovcica-strigina-stanovanje_7286108/
7313831,"VRANJI VRH, 3",Stanovanje,3-sobno,3.0,600.0,EUR,90.0,1988,1/2,"90 m2, 3-sobno, adaptirano l. 1988, adaptirano l. 2015, 1/2 nad., obnovljeno stanovanje, mirna lokacija, popolnoma oprem...",https://www.nepremicnine.net/oglasi-oddaja/vranji-vrh-3-stanovanje_7313831/
7411583,VRBIK - CVJETNO NASELJE,Stanovanje,2-sobno,2.0,700.0,EUR,51.0,1960,,"51 m2, 2-sobno, zgrajeno l. 1960, oddamo. Cena: 700,00 EUR/mes",https://www.nepremicnine.net/oglasi-oddaja/vrbik-cvjetno-naselje-stanovanje_7411583/
7115501,VRBIK - CVJETNO NASELJE,Stanovanje,1-sobno,1.0,1450.0,EUR,64.0,,,"64 m2, 1-sobno, oddamo. Cena: 1.450,00 EUR/mes",https://www.nepremicnine.net/oglasi-oddaja/vrbik-cvjetno-naselje-stanovanje_7115501/
7266818,VRBIK - CVJETNO NASELJE,Stanovanje,2-sobno,2.0,1000.0,EUR,70.0,2000,,"70 m2, 2-sobno, zgrajeno l. 2000, oddamo. Cena: 1.000,00 EUR/mes",https://www.nepremicnine.net/oglasi-oddaja/vrbik-cvjetno-naselje-stanovanje_7266818/
6800511,VRBIK - CVJETNO NASELJE,Stanovanje,2-sobno,2.0,1240.0,EUR,72.0,,,"72 m2, 2-sobno, oddamo. Cena: 1.240,00 EUR/mes",https://www.nepremicnine.net/oglasi-oddaja/vrbik-cvjetno-naselje-stanovanje_6800511/
7303544,VRBIK - CVJETNO NASELJE,Stanovanje,2-sobno,2.0,1100.0,EUR,77.0,,,"77 m2, 2-sobno, oddamo. Cena: 1.100,00 EUR/mes",https://www.nepremicnine.net/oglasi-oddaja/vrbik-cvjetno-naselje-stanovanje_7303544/
7122543,VRBIK - CVJETNO NASELJE,Stanovanje,2-sobno,2.0,1100.0,EUR,77.0,,,"77 m2, 2-sobno, oddamo. Cena: 1.100,00 EUR/mes",https://www.nepremicnine.net/oglasi-oddaja/vrbik-cvjetno-naselje-stanovanje_7122543/
7411475,VRBIK - CVJETNO NASELJE,Stanovanje,4-sobno,4.0,1600.0,EUR,120.0,,,"120 m2, 4-sobno, oddamo. Cena: 1.600,00 EUR/mes",https://www.nepremicnine.net/oglasi-oddaja/vrbik-cvjetno-naselje-stanovanje_7411475/
7376121,VRBIK - CVJETNO NASELJE,Stanovanje,4-sobno,4.0,200.0,EUR,120.0,,,"120 m2, 4-sobno, oddamo. Cena: 200,00 EUR/mes",https://www.nepremicnine.net/oglasi-oddaja/vrbik-cvjetno-naselje-stanovanje_7376121/
7254378,"VRBIK - CVJETNO NASELJE, BOROVJE, PEŠČENICA - ŽITNJAK",Stanovanje,2-sobno,2.0,220.0,EUR,55.0,,,"55 m2, 2-sobno, oddamo. Cena: 220,00 EUR/mes",https://www.nepremicnine.net/oglasi-oddaja/vrbik-cvjetno-naselje-borovje-pescenica-zitnjak-stanovanje_7254378/
7384827,"VRBIK - CVJETNO NASELJE, BOROVJE, PEŠČENICA - ŽITNJAK",Stanovanje,2-sobno,2.0,1100.0,EUR,61.0,2026,,"61 m2, 2-sobno, novogradnja - zgr. l. 2026, oddamo. Cena: 1.100,00 EUR/mes",https://www.nepremicnine.net/oglasi-oddaja/vrbik-cvjetno-naselje-borovje-pescenica-zitnjak-stanovanje_7384827/
7384825,"VRBIK - CVJETNO NASELJE, BOROVJE, PEŠČENICA - ŽITNJAK",Stanovanje,2-sobno,2.0,1100.0,EUR,61.0,2026,,"61 m2, 2-sobno, novogradnja - zgr. l. 2026, oddamo. Cena: 1.100,00 EUR/mes",https://www.nepremicnine.net/oglasi-oddaja/vrbik-cvjetno-naselje-borovje-pescenica-zitnjak-stanovanje_7384825/
7414438,"VRBIK - CVJETNO NASELJE, LASTOVSKA",Stanovanje,2-sobno,2.0,1000.0,EUR,68.0,,,"68 m2, 2-sobno, oddamo. Cena: 1.000,00 EUR/mes",https://www.nepremicnine.net/oglasi-oddaja/vrbik-cvjetno-naselje-lastovska-stanovanje_7414438/
7375140,"VRBIK - CVJETNO NASELJE, LJERKE ŠRAM",Stanovanje,2-sobno,2.0,1200.0,EUR,87.0,,,"87 m2, 2-sobno, oddamo. Cena: 1.200,00 EUR/mes",https://www.nepremicnine.net/oglasi-oddaja/vrbik-cvjetno-naselje-ljerke-sram-stanovanje_7375140/
7379655,"VRBIK - CVJETNO NASELJE, SAVICA",Stanovanje,1-sobno,1.0,900.0,EUR,64.0,,,"64 m2, 1-sobno, oddamo. Cena: 900,00 EUR/mes",https://www.nepremicnine.net/oglasi-oddaja/vrbik-cvjetno-naselje-savica-stanovanje_7379655/
7335269,"VRBIK - CVJETNO NASELJE, SAVICA",Stanovanje,2-sobno,2.0,1400.0,EUR,75.0,,,"75 m2, 2-sobno, oddamo. Cena: 1.400,00 EUR/mes",https://www.nepremicnine.net/oglasi-oddaja/vrbik-cvjetno-naselje-savica-stanovanje_7335269/
7241839,"VRBIK - CVJETNO NASELJE, SAVICA, TRNJE",Stanovanje,2-sobno,2.0,200.0,EUR,50.0,,,"50 m2, 2-sobno, oddamo. Cena: 200,00 EUR/mes",https://www.nepremicnine.net/oglasi-oddaja/vrbik-cvjetno-naselje-savica-trnje-stanovanje_7241839/
7350333,"VRBIK - CVJETNO NASELJE, TRNJE",Stanovanje,2-sobno,2.0,650.0,EUR,52.0,,,"52 m2, 2-sobno, oddamo. Cena: 650,00 EUR/mes",https://www.nepremicnine.net/oglasi-oddaja/vrbik-cvjetno-naselje-trnje-stanovanje_7350333/
6796253,"VRBIK - CVJETNO NASELJE, TRNJE",Stanovanje,1-sobno,1.0,1000.0,EUR,70.0,,,"70 m2, 1-sobno, oddamo. Cena: 1.000,00 EUR/mes",https://www.nepremicnine.net/oglasi-oddaja/vrbik-cvjetno-naselje-trnje-stanovanje_6796253/
7065861,"VRBIK - CVJETNO NASELJE, TRNJE",Stanovanje,2-sobno,2.0,1000.0,EUR,75.0,,,"75 m2, 2-sobno, oddamo. Cena: 1.000,00 EUR/mes",https://www.nepremicnine.net/oglasi-oddaja/vrbik-cvjetno-naselje-trnje-stanovanje_7065861/
7368096,"VRBIK - CVJETNO NASELJE, VESLAČKA",Stanovanje,1-sobno,1.0,850.0,EUR,52.0,,,"52 m2, 1-sobno, oddamo. Cena: 850,00 EUR/mes",https://www.nepremicnine.net/oglasi-oddaja/vrbik-cvjetno-naselje-veslacka-stanovanje_7368096/
7408369,VRBOVEC,Stanovanje,2-sobno,2.0,350.0,EUR,80.0,1980,P+1,"80 m2, 2-sobno, zgrajeno l. 1980, adaptirano l. 2020, P+1, Vrbovec, 80.00 m2 (oddaja), oddamo. Cena: 350,00 EUR/mes",https://www.nepremicnine.net/oglasi-oddaja/vrbovec-stanovanje_7408369/
7326186,VRHNIKA,Stanovanje,"1,5-sobno",1.5,590.0,EUR,43.0,2015,P/P,"43 m2, 1,5-sobno, poslovni apartma, zgrajeno l. 2015, adaptirano l. 2025, 939 m2 zemljišča, P/P, oddam opremljen poslovn...",https://www.nepremicnine.net/oglasi-oddaja/vrhnika-stanovanje_7326186/
7412996,VRHOVCI,Stanovanje,Soba,,250.0,EUR,10.0,2025,P/P,"10 m2, soba, adaptirana l. 2025, 100 m2 zemljišča, P/P, oddam sobo, ljubljana, vic/vrhovci +parking, oddamo. Cena: 250,0...",https://www.nepremicnine.net/oglasi-oddaja/vrhovci-stanovanje_7412996/
7390864,VRHOVCI,Stanovanje,Soba,,210.0,EUR,15.0,2023,,"15 m2, soba, adaptirana l. 2023, Oddamo posteljo v dvoposteljni sobi s souporabo kuhinje in kopalnice. Bližina Biotehnič...",https://www.nepremicnine.net/oglasi-oddaja/vrhovci-stanovanje_7390864/
6787588,VRSAR,Stanovanje,1-sobno,1.0,7000.0,EUR,35.0,2023,1/3,"35 m2, 1-sobno, zgrajeno l. 2023, 1/3 nad., oddamo. Cena: 7.000,00 EUR/l.",https://www.nepremicnine.net/oglasi-oddaja/vrsar-stanovanje_6787588/
7394733,"VUZENICA, CENTER",Stanovanje,2-sobno,2.0,380.0,EUR,53.5,1975,1/4,"53,5 m2, 2-sobno, zgrajeno l. 1975, 1/4 nad., oddamo. Cena: 380,00 EUR/mes",https://www.nepremicnine.net/oglasi-oddaja/vuzenica-center-stanovanje_7394733/
7406673,ZABAVLJE,Stanovanje,1-sobno,1.0,600.0,EUR,44.0,1900,P,"44 m2, 1-sobno, zgrajeno l. 1900, adaptirano l. 1997, pritličje, V mirni istrski vasici oddamo popolnoma opremljeno in p...",https://www.nepremicnine.net/oglasi-oddaja/zabavlje-stanovanje_7406673/
6604622,"ZADAR, BILI BRIG",Stanovanje,Apartma,,500.0,EUR,66.0,2022,P/3,"66 m2, apartma, zgrajen l. 2022, 30 m2 zemljišča, P/3 nad., Novo stanovanja, idealno za bivanje dveh oseb, z velikim ogr...",https://www.nepremicnine.net/oglasi-oddaja/zadar-bili-brig-stanovanje_6604622/
7231385,ZADOBROVA,Stanovanje,Soba,,100.0,EUR,8.0,1990,,"8 m2, soba, zgrajena l. 1990, adaptirana l. 2020, Oddam sobo primerno za posameznika, oddamo. Cena: cca 100,00 EUR/osebo...",https://www.nepremicnine.net/oglasi-oddaja/zadobrova-stanovanje_7231385/
7410277,"ZADOBROVA, CELJE",Stanovanje,"2,5-sobno",2.5,700.0,EUR,60.0,2000,1/1,"60 m2, 2,5-sobno, zgrajeno l. 2000, adaptirano l. 2023, 1/1 nad., V Zadobrovi, v bližini Celja se oddaja 2,5-sobno stano...",https://www.nepremicnine.net/oglasi-oddaja/zadobrova-celje-stanovanje_7410277/
7405832,ZAGORJE OB SAVI,Stanovanje,1-sobno,1.0,450.0,EUR,35.0,1950,1/2,"35 m2, 1-sobno, zgrajeno l. 1950, 1/2 nad., Ogledi bodo predvidoma ob sobotah, oddamo. Cena: cca 450,00 EUR/mes",https://www.nepremicnine.net/oglasi-oddaja/zagorje-ob-savi-stanovanje_7405832/
7412974,ZAGORJE OB SAVI,Stanovanje,2-sobno,2.0,550.0,EUR,55.0,1978,2/4,"55 m2, 2-sobno, zgrajeno l. 1978, adaptirano l. 2026, 2/4 nad., Popolnoma prenovljeno stanovanje v Zagorju ob Savi, odda...",https://www.nepremicnine.net/oglasi-oddaja/zagorje-ob-savi-stanovanje_7412974/
7409609,"ZAGORJE OB SAVI, POLJE",Stanovanje,2-sobno,2.0,550.0,EUR,57.2,1965,2/4,"57,2 m2, 2-sobno, zgrajeno l. 1965, 2/4 nad., Zagorje ob Savi - Polje; 2-sobno stanovanje v skupni izmeri 57,20 m2 v 2/4...",https://www.nepremicnine.net/oglasi-oddaja/zagorje-ob-savi-polje-stanovanje_7409609/
7409140,ZALOG,Stanovanje,Garsonjera,,600.0,EUR,20.0,1970,PK/1,"20 m2, garsonjera, zgrajena l. 1970, adaptirana l. 2024, PK/1 nad., Garsonjera, adaptirana, 600 EUR s stroški, oddamo. C...",https://www.nepremicnine.net/oglasi-oddaja/zalog-stanovanje_7409140/
7406657,ZALOG,Stanovanje,2-sobno,2.0,850.0,EUR,52.0,1985,3/4,"52 m2, 2-sobno, zgrajeno l. 1985, 3/4 nad., Oddam prenovljeno stanovanje - Ljubljana Zalog, oddamo. Cena: 850,00 EUR/mes...",https://www.nepremicnine.net/oglasi-oddaja/zalog-stanovanje_7406657/
7290995,"ZALOG, ZALOŠKA CESTA 269, POLEG SPARA",Stanovanje,1-sobno,1.0,600.0,EUR,44.0,1995,2/2,"44 m2, 1-sobno, zgrajeno l. 1995, adaptirano l. 2018, 2/2 nad., Oddam opremljeno enosob stan., ki obsega hodnik, kuhinjo...",https://www.nepremicnine.net/oglasi-oddaja/zalog-zaloska-cesta-269-poleg-spara-stanovanje_7290995/
7407486,ZAMET,Stanovanje,2-sobno,2.0,600.0,EUR,64.0,,,"64 m2, 2-sobno, oddamo. Cena: 600,00 EUR/mes",https://www.nepremicnine.net/oglasi-oddaja/zamet-stanovanje_7407486/
7400984,ZAMET,Stanovanje,2-sobno,2.0,1200.0,EUR,67.0,,,"67 m2, 2-sobno, oddamo. Cena: 1.200,00 EUR/mes",https://www.nepremicnine.net/oglasi-oddaja/zamet-stanovanje_7400984/
7394681,ZAMET,Stanovanje,3-sobno,3.0,300.0,EUR,70.0,,,"70 m2, 3-sobno, oddamo. Cena: 300,00 EUR/mes",https://www.nepremicnine.net/oglasi-oddaja/zamet-stanovanje_7394681/
7405297,ZAMET,Stanovanje,3-sobno,3.0,1300.0,EUR,80.0,,,"80 m2, 3-sobno, oddamo. Cena: 1.300,00 EUR/mes",https://www.nepremicnine.net/oglasi-oddaja/zamet-stanovanje_7405297/
7403082,ZAMET,Stanovanje,2-sobno,2.0,1500.0,EUR,80.0,2012,,"80 m2, 2-sobno, zgrajeno l. 2012, oddamo. Cena: 1.500,00 EUR/mes",https://www.nepremicnine.net/oglasi-oddaja/zamet-stanovanje_7403082/
7405332,ZAMET,Stanovanje,4-sobno,4.0,1800.0,EUR,135.0,,,"135 m2, 4-sobno, oddamo. Cena: 1.800,00 EUR/mes",https://www.nepremicnine.net/oglasi-oddaja/zamet-stanovanje_7405332/
7404752,"ZAMET, GRBCI, RIJEKA",Stanovanje,2-sobno,2.0,250.0,EUR,80.0,,,"80 m2, 2-sobno, oddamo. Cena: 250,00 EUR/mes",https://www.nepremicnine.net/oglasi-oddaja/zamet-grbci-rijeka-stanovanje_7404752/
7392043,"ZAMET, KRNJEVO, RIJEKA",Stanovanje,2-sobno,2.0,800.0,EUR,65.0,,,"65 m2, 2-sobno, oddamo. Cena: 800,00 EUR/mes",https://www.nepremicnine.net/oglasi-oddaja/zamet-krnjevo-rijeka-stanovanje_7392043/
7392250,"ZAMET, KRNJEVO, RIJEKA",Stanovanje,2-sobno,2.0,1100.0,EUR,86.0,,,"86 m2, 2-sobno, oddamo. Cena: 1.100,00 EUR/mes",https://www.nepremicnine.net/oglasi-oddaja/zamet-krnjevo-rijeka-stanovanje_7392250/
7365267,"ZAMET, RIJEKA",Stanovanje,2-sobno,2.0,1200.0,EUR,66.0,1980,,"66 m2, 2-sobno, zgrajeno l. 1980, oddamo. Cena: 1.200,00 EUR/mes",https://www.nepremicnine.net/oglasi-oddaja/zamet-rijeka-stanovanje_7365267/
7407736,"ZAMET, RIJEKA",Stanovanje,3-sobno,3.0,2300.0,EUR,80.0,2024,,"80 m2, 3-sobno, novogradnja - zgr. l. 2024, oddamo. Cena: 2.300,00 EUR/mes",https://www.nepremicnine.net/oglasi-oddaja/zamet-rijeka-stanovanje_7407736/
7393569,"ZAMET, RIJEKA",Stanovanje,2-sobno,2.0,1500.0,EUR,80.0,2012,,"80 m2, 2-sobno, zgrajeno l. 2012, oddamo. Cena: 1.500,00 EUR/mes",https://www.nepremicnine.net/oglasi-oddaja/zamet-rijeka-stanovanje_7393569/
7414773,"ZAMET, RIJEKA",Stanovanje,3-sobno,3.0,900.0,EUR,83.0,,,"83 m2, 3-sobno, oddamo. Cena: 900,00 EUR/mes",https://www.nepremicnine.net/oglasi-oddaja/zamet-rijeka-stanovanje_7414773/
7392344,"ZAMET, RIJEKA",Stanovanje,2-sobno,2.0,1200.0,EUR,86.0,,,"86 m2, 2-sobno, oddamo. Cena: 1.200,00 EUR/mes",https://www.nepremicnine.net/oglasi-oddaja/zamet-rijeka-stanovanje_7392344/
7312043,"ZAPREŠIĆ, CENTAR",Stanovanje,2-sobno,2.0,1500.0,EUR,78.0,,,"78 m2, 2-sobno, oddamo. Cena: 1.500,00 EUR/mes",https://www.nepremicnine.net/oglasi-oddaja/zapresic-centar-stanovanje_7312043/
7243702,"ZAPREŠIĆ, CENTAR",Stanovanje,3-sobno,3.0,200.0,EUR,80.0,,,"80 m2, 3-sobno, oddamo. Cena: 200,00 EUR/mes",https://www.nepremicnine.net/oglasi-oddaja/zapresic-centar-stanovanje_7243702/
7409147,ZELENA JAMA,Stanovanje,Soba,,490.0,EUR,14.17,2022,M/P+1+M,"14,17 m2, soba, adaptirana l. 2022, M/P+1+M, Oddamo lepo in zelo svetlo enoposteljno sobo. Odlična lokacija blizu večine...",https://www.nepremicnine.net/oglasi-oddaja/zelena-jama-stanovanje_7409147/
7411441,ZELENA JAMA,Stanovanje,Soba,,650.0,EUR,18.9,2022,1/P+1+M,"18,9 m2, soba, adaptirana l. 2022, 1/P+1+M, Oddamo opremljeno dvoposteljno sobo z lastno kopalnico - Zelena jama (Ljublj...",https://www.nepremicnine.net/oglasi-oddaja/zelena-jama-stanovanje_7411441/
7412847,ZELENA JAMA,Stanovanje,Garsonjera,,625.0,EUR,28.5,2009,,"28,5 m2, garsonjera, zgrajena l. 2009, vzdrževana garsonjera, oddamo. Cena: 625,00 EUR/mes",https://www.nepremicnine.net/oglasi-oddaja/zelena-jama-stanovanje_7412847/
7198958,ZELENA JAMA,Stanovanje,"1,5-sobno",1.5,800.0,EUR,36.0,1895,2/2,"36 m2, 1,5-sobno, zgrajeno l. 1895, adaptirano l. 2020, 30 m2 zemljišča, 2/2 nad., V adaptirani večstanovanjski hiši na ...",https://www.nepremicnine.net/oglasi-oddaja/zelena-jama-stanovanje_7198958/
7381196,ZELENA JAMA,Stanovanje,2-sobno,2.0,1100.0,EUR,51.8,2009,1/5,"51,8 m2, 2-sobno, zgrajeno l. 2009, 1/5 nad., oddamo. Cena: 1.100,00 EUR/mes",https://www.nepremicnine.net/oglasi-oddaja/zelena-jama-stanovanje_7381196/
6785502,ZELENA JAMA,Stanovanje,2-sobno,2.0,1350.0,EUR,68.3,2003,4,"68,3 m2, 2-sobno, zgrajeno l. 2003, 4. nad., Oddaja Stanovanja v Zeleni Jami, oddamo. Cena: 1.350,00 EUR/mes",https://www.nepremicnine.net/oglasi-oddaja/zelena-jama-stanovanje_6785502/
7403059,ZELENA JAMA,Stanovanje,3-sobno,3.0,1200.0,EUR,70.0,1962,3/4,"70 m2, 3-sobno, zgrajeno l. 1962, 3/4 nad., po meri opremljeno, prostorno, v bližini BTC in centra, zelo urejeno,z nizki...",https://www.nepremicnine.net/oglasi-oddaja/zelena-jama-stanovanje_7403059/
7357159,ZELENA JAMA,Stanovanje,3-sobno,3.0,1200.0,EUR,70.0,1962,3/4,"70 m2, 3-sobno, zgrajeno l. 1962, 3/4 nad., po meri opremljeno, prostorno, b bližini BTC in centra, zelo urejeno,z nizki...",https://www.nepremicnine.net/oglasi-oddaja/zelena-jama-stanovanje_7357159/
7408433,ZELENA JAMA,Stanovanje,3-sobno,3.0,1600.0,EUR,98.6,2024,4/4,"98,6 m2, 3-sobno, novogradnja - zgr. l. 2024, 4/4 nad., oddamo. Cena: 1.600,00 EUR/mes",https://www.nepremicnine.net/oglasi-oddaja/zelena-jama-stanovanje_7408433/
7198212,ZELENA JAMA,Stanovanje,"4,5-sobno",4.5,3500.0,EUR,135.8,2004,4/4,"135,8 m2, 4,5-sobno, zgrajeno l. 2004, 12,3 m2 zemljišča, 4/4 nad., oddamo. Cena: 3.500,00 EUR/mes",https://www.nepremicnine.net/oglasi-oddaja/zelena-jama-stanovanje_7198212/
7391862,ZELENA JAMA,Stanovanje,4-sobno,4.0,3500.0,EUR,231.0,2004,,"231 m2, 4-sobno, zgrajeno l. 2004, oddamo. Cena: 3.500,00 EUR/mes",https://www.nepremicnine.net/oglasi-oddaja/zelena-jama-stanovanje_7391862/
7093135,ZELENA JAMA,Stanovanje,5 in večsobno,,3500.0,EUR,231.4,2004,,"231,4 m2, 5 in večsobno, zgrajeno l. 2004, oddamo. Cena: 3.500,00 EUR/mes",https://www.nepremicnine.net/oglasi-oddaja/zelena-jama-stanovanje_7093135/
7390597,ZG. HRUŠICA,Stanovanje,1-sobno,1.0,700.0,EUR,36.0,2000,P/2,"36 m2, 1-sobno, zgrajeno l. 2000, P/2 nad., Oddam prijetno 1-sobno stanovanje na mirni lokaciji pod Golovcem, parkirno m...",https://www.nepremicnine.net/oglasi-oddaja/zg-hrusica-stanovanje_7390597/
7405868,ZG. KAŠELJ,Stanovanje,1-sobno,1.0,650.0,EUR,35.0,1961,PK,"35 m2, 1-sobno, zgrajeno l. 1961, polklet, oddamo. Cena: 650,00 EUR/mes",https://www.nepremicnine.net/oglasi-oddaja/zg-kaselj-stanovanje_7405868/
7389252,"ZG. KAŠELJ, KAŠELJSKA CESTA",Stanovanje,3-sobno,3.0,1000.0,EUR,72.0,2026,1/2,"72 m2, 3-sobno, zgrajeno l. 2026, 500 m2 zemljišča, 1/2 nad., oddamo. Cena: 1.000,00 EUR/mes",https://www.nepremicnine.net/oglasi-oddaja/zg-kaselj-kaseljska-cesta-stanovanje_7389252/
7289797,ZG. ŠIŠKA,Stanovanje,2-sobno,2.0,750.0,EUR,30.0,1964,2/8,"30 m2, 2-sobno, zgrajeno l. 1964, adaptirano l. 2010, 2/8 nad., oddamo. Cena: do cca 750,00 EUR/mes",https://www.nepremicnine.net/oglasi-oddaja/zg-siska-stanovanje_7289797/
7413977,ZG. ŠIŠKA,Stanovanje,Soba,,450.0,EUR,30.0,1960,,"30 m2, soba, zgrajena l. 1960, Oddamo zelo prostorno sobo v prijetnem stanovanju s souporabo velike kuhinje in balkona, ...",https://www.nepremicnine.net/oglasi-oddaja/zg-siska-stanovanje_7413977/
7405851,ZG. ŠIŠKA,Stanovanje,"2,5-sobno",2.5,950.0,EUR,65.0,1968,3/10,"65 m2, 2,5-sobno, zgrajeno l. 1968, adaptirano l. 2015, 3/10 nad., Oddamo 2,5 sobno, prostorno stanovanje v bližini Alej...",https://www.nepremicnine.net/oglasi-oddaja/zg-siska-stanovanje_7405851/
6571457,ZG. ŠIŠKA,Stanovanje,3-sobno,3.0,890.0,EUR,66.5,1968,10/10,"66,5 m2, 3-sobno, zgrajeno l. 1968, adaptirano l. 2004, 10/10 nad., oddamo. Cena: 890,00 EUR/mes",https://www.nepremicnine.net/oglasi-oddaja/zg-siska-stanovanje_6571457/
7334832,"ZG. ŠIŠKA, BLIZU TRŽNICE KOSEZE",Stanovanje,1-sobno,1.0,650.0,EUR,42.6,1953,PK/1,"42,6 m2, 1-sobno, zgrajeno l. 1953, adaptirano l. 2015, PK/1 nad., oddamo. Cena: 650,00 EUR/mes",https://www.nepremicnine.net/oglasi-oddaja/zg-siska-blizu-trznice-koseze-stanovanje_7334832/
7307351,"ZG. ŠIŠKA, BLIZU TRŽNICE KOSEZE",Stanovanje,2-sobno,2.0,950.0,EUR,78.2,1973,1/1,"78,2 m2, 2-sobno, zgrajeno l. 1973, adaptirano l. 2023, 1/1 nad., Dvosobno stanovanje v hiši, balkon, mirna lokacija, od...",https://www.nepremicnine.net/oglasi-oddaja/zg-siska-blizu-trznice-koseze-stanovanje_7307351/
7269948,"ZG. ŠIŠKA, BLIZU TRŽNICE KOSEZE",Stanovanje,"3,5-sobno",3.5,1300.0,EUR,100.56,1973,1/1,"100,56 m2, 3,5-sobno, zgrajeno l. 1973, adaptirano l. 2023, 1/1 nad., oddamo. Cena: 1.300,00 EUR/mes",https://www.nepremicnine.net/oglasi-oddaja/zg-siska-blizu-trznice-koseze-stanovanje_7269948/
7412203,"ZG. ŠIŠKA, LITOSTROJ",Stanovanje,"1,5-sobno",1.5,950.0,EUR,40.0,1978,2/4,"40 m2, 1,5-sobno, zgrajeno l. 1978, adaptirano l. 2018, 2/4 nad., prenovljeno stanovanje, prijeten okoliš, bližina vse p...",https://www.nepremicnine.net/oglasi-oddaja/zg-siska-litostroj-stanovanje_7412203/
7402801,"ZG. ŠIŠKA, SPEKTRA",Stanovanje,2-sobno,2.0,1300.0,EUR,46.2,2023,2/21,"46,2 m2, 2-sobno, zgrajeno l. 2023, 2/21 nad., Moderno in funkcionalno opremljeno stanovanje v kompleksu Spektra, blizu ...",https://www.nepremicnine.net/oglasi-oddaja/zg-siska-spektra-stanovanje_7402801/
7350959,"ZG. ŠIŠKA, SPEKTRA ZRAVEN ALEJE",Stanovanje,2-sobno,2.0,1500.0,EUR,53.0,2023,3/22,"53 m2, 2-sobno, poslovni apartma, zgrajeno l. 2023, 3/22 nad., Na izjemni lokaciji, z neposrednim dostopom do obvoznice,...",https://www.nepremicnine.net/oglasi-oddaja/zg-siska-spektra-zraven-aleje-stanovanje_7350959/
7388362,"ZG. ŠIŠKA, ZRAVEN ALEJE",Stanovanje,2-sobno,2.0,1400.0,EUR,61.3,2023,9/11,"61,3 m2, 2-sobno, zgrajeno l. 2023, 9/11 nad., oddamo. Cena: 1.400,00 EUR/mes",https://www.nepremicnine.net/oglasi-oddaja/zg-siska-zraven-aleje-stanovanje_7388362/
7371808,ZG. ZADOBROVA,Stanovanje,1-sobno,1.0,1000.0,EUR,50.1,2025,P/2,"50,1 m2, 1-sobno, zgrajeno l. 2025, P/2 nad., oddamo. Cena: 1.000,00 EUR/mes",https://www.nepremicnine.net/oglasi-oddaja/zg-zadobrova-stanovanje_7371808/
7270763,ZG. ZADOBROVA,Stanovanje,4-sobno,4.0,1800.0,EUR,77.9,2025,1,"77,9 m2, 4-sobno, novogradnja - zgr. l. 2025, 1. nad., oddaja se moderno 4-sobno stanovanje - zadobrovška cesta, oddamo....",https://www.nepremicnine.net/oglasi-oddaja/zg-zadobrova-stanovanje_7270763/
7352305,ZGORNJE BITNJE,Stanovanje,Soba,,250.0,EUR,15.0,2026,,"15 m2, soba, adaptirana l. 2026, KRANJ, Zgornje Bitnje 15 m2, soba, adaptirana l. 2026, K+P+M, oddamo v najem več sob, o...",https://www.nepremicnine.net/oglasi-oddaja/zgornje-bitnje-stanovanje_7352305/
7365824,ZGORNJE HOČE,Stanovanje,"1,5-sobno",1.5,480.0,EUR,50.0,2019,1/1,"50 m2, 1,5-sobno, zgrajeno l. 2019, adaptirano l. 2026, 1/1 nad., Hoče, 50 m2, oddaja, stanovanje, 1,5 sobno in teraso, ...",https://www.nepremicnine.net/oglasi-oddaja/zgornje-hoce-stanovanje_7365824/
7327306,"ZGORNJE JARŠE, MIRNA LOKACIJA",Stanovanje,2-sobno,2.0,975.0,EUR,52.0,2026,M,"52 m2, 2-sobno, poslovni apartma, adaptirano l. 2026, mansarda, Novo še nevseljeno stanovanje v hiši. Nizki obratovalni ...",https://www.nepremicnine.net/oglasi-oddaja/zgornje-jarse-mirna-lokacija-stanovanje_7327306/
6934679,ZGORNJE PIRNIČE,Stanovanje,"3,5-sobno",3.5,1300.0,EUR,95.0,2024,P/3,"95 m2, 3,5-sobno, adaptirano l. 2024, 60 m2 zemljišča, P/3 nad., oddamo. Cena: 1.300,00 EUR/mes",https://www.nepremicnine.net/oglasi-oddaja/zgornje-pirnice-stanovanje_6934679/
7389249,ZGORNJE RADVANJE,Stanovanje,"1,5-sobno",1.5,700.0,EUR,41.5,2003,2/4,"41,5 m2, 1,5-sobno, zgrajeno l. 2003, 2/4 nad., oddamo. Cena: 700,00 EUR/mes",https://www.nepremicnine.net/oglasi-oddaja/zgornje-radvanje-stanovanje_7389249/
7389882,ZGORNJE STRANJE,Stanovanje,2-sobno,2.0,690.0,EUR,65.0,2024,P/2,"65 m2, 2-sobno, adaptirano l. 2024, P/2 nad., oddamo. Cena: 690,00 EUR/mes",https://www.nepremicnine.net/oglasi-oddaja/zgornje-stranje-stanovanje_7389882/
7367307,ZNJAN - STOBREC,Stanovanje,2-sobno,2.0,1200.0,EUR,65.0,,,"65 m2, 2-sobno, oddamo. Cena: 1.200,00 EUR/mes",https://www.nepremicnine.net/oglasi-oddaja/znjan-stobrec-stanovanje_7367307/
7365570,ZNJAN - STOBREC,Stanovanje,2-sobno,2.0,1500.0,EUR,68.0,2006,,"68 m2, 2-sobno, zgrajeno l. 2006, oddamo. Cena: 1.500,00 EUR/mes",https://www.nepremicnine.net/oglasi-oddaja/znjan-stobrec-stanovanje_7365570/
7403153,"ZNJAN - STOBREC, MERTOJAK",Stanovanje,2-sobno,2.0,1000.0,EUR,51.0,,,"51 m2, 2-sobno, oddamo. Cena: 1.000,00 EUR/mes",https://www.nepremicnine.net/oglasi-oddaja/znjan-stobrec-mertojak-stanovanje_7403153/
6838217,"ZNJAN - STOBREC, PAZDIGRAD",Stanovanje,1-sobno,1.0,1350.0,EUR,58.0,,,"58 m2, 1-sobno, oddamo. Cena: 1.350,00 EUR/mes",https://www.nepremicnine.net/oglasi-oddaja/znjan-stobrec-pazdigrad-stanovanje_6838217/
6837907,"ZNJAN - STOBREC, PAZDIGRAD",Stanovanje,3-sobno,3.0,3100.0,EUR,150.0,,,"150 m2, 3-sobno, oddamo. Cena: 3.100,00 EUR/mes",https://www.nepremicnine.net/oglasi-oddaja/znjan-stobrec-pazdigrad-stanovanje_6837907/
7352303,"ZNJAN - STOBREC, STOBREČ",Stanovanje,2-sobno,2.0,750.0,EUR,57.0,,,"57 m2, 2-sobno, oddamo. Cena: 750,00 EUR/mes",https://www.nepremicnine.net/oglasi-oddaja/znjan-stobrec-stobrec-stanovanje_7352303/
7352302,"ZNJAN - STOBREC, STOBREČ",Stanovanje,2-sobno,2.0,750.0,EUR,57.0,,,"57 m2, 2-sobno, oddamo. Cena: 750,00 EUR/mes",https://www.nepremicnine.net/oglasi-oddaja/znjan-stobrec-stobrec-stanovanje_7352302/
7382067,"ZNJAN - STOBREC, ŽNJAN",Stanovanje,2-sobno,2.0,1000.0,EUR,56.0,,,"56 m2, 2-sobno, oddamo. Cena: 1.000,00 EUR/mes",https://www.nepremicnine.net/oglasi-oddaja/znjan-stobrec-znjan-stanovanje_7382067/
7283205,"ZNJAN - STOBREC, ŽNJAN",Stanovanje,1-sobno,1.0,900.0,EUR,58.0,,,"58 m2, 1-sobno, oddamo. Cena: 900,00 EUR/mes",https://www.nepremicnine.net/oglasi-oddaja/znjan-stobrec-znjan-stanovanje_7283205/
7286526,"ZNJAN - STOBREC, ŽNJAN",Stanovanje,2-sobno,2.0,1300.0,EUR,60.0,,,"60 m2, 2-sobno, oddamo. Cena: 1.300,00 EUR/mes",https://www.nepremicnine.net/oglasi-oddaja/znjan-stobrec-znjan-stanovanje_7286526/
7372196,"ZNJAN - STOBREC, ŽNJAN",Stanovanje,2-sobno,2.0,1500.0,EUR,63.0,,,"63 m2, 2-sobno, oddamo. Cena: 1.500,00 EUR/mes",https://www.nepremicnine.net/oglasi-oddaja/znjan-stobrec-znjan-stanovanje_7372196/
7344736,"ZNJAN - STOBREC, ŽNJAN",Stanovanje,3-sobno,3.0,1150.0,EUR,80.0,,,"80 m2, 3-sobno, oddamo. Cena: 1.150,00 EUR/mes",https://www.nepremicnine.net/oglasi-oddaja/znjan-stobrec-znjan-stanovanje_7344736/
6860850,"ZNJAN - STOBREC, ŽNJAN",Stanovanje,2-sobno,2.0,1800.0,EUR,87.0,,,"87 m2, 2-sobno, oddamo. Cena: 1.800,00 EUR/mes",https://www.nepremicnine.net/oglasi-oddaja/znjan-stobrec-znjan-stanovanje_6860850/
6882437,"ZNJAN - STOBREC, ŽNJAN",Stanovanje,2-sobno,2.0,1600.0,EUR,93.0,,,"93 m2, 2-sobno, oddamo. Cena: 1.600,00 EUR/mes",https://www.nepremicnine.net/oglasi-oddaja/znjan-stobrec-znjan-stanovanje_6882437/
7374063,"ZNJAN - STOBREC, ŽNJAN",Stanovanje,1-sobno,1.0,1500.0,EUR,152.0,,,"152 m2, 1-sobno, oddamo. Cena: 1.500,00 EUR/mes",https://www.nepremicnine.net/oglasi-oddaja/znjan-stobrec-znjan-stanovanje_7374063/
7050516,ZREČE,Stanovanje,Garsonjera,,330.0,EUR,21.0,2021,1/1,"21 m2, garsonjera, adaptirana l. 2021, 1/1 nad., vseljivo takojcena najema brez stroškov.primerno za 1-2 osebi.dolgoročn...",https://www.nepremicnine.net/oglasi-oddaja/zrece-stanovanje_7050516/
7413743,ZREČE,Stanovanje,Garsonjera,,400.0,EUR,25.0,2006,1/3,"25 m2, garsonjera, zgrajena l. 2006, 1/3 nad., oddamo. Cena: 400,00 EUR/mes",https://www.nepremicnine.net/oglasi-oddaja/zrece-stanovanje_7413743/
7384779,ZREČE,Stanovanje,Garsonjera,,360.0,EUR,25.8,1978,P/4,"25,8 m2, garsonjera, zgrajena l. 1978, P/4 nad., Garsonjera Zreče, oddamo. Cena: cca 360,00 EUR/mes",https://www.nepremicnine.net/oglasi-oddaja/zrece-stanovanje_7384779/
7391871,ZREČE,Stanovanje,3-sobno,3.0,700.0,EUR,80.0,2005,2/3,"80 m2, 3-sobno, zgrajeno l. 2005, adaptirano l. 2012, 2/3 nad., oddamo. Cena: 700,00 EUR/mes",https://www.nepremicnine.net/oglasi-oddaja/zrece-stanovanje_7391871/
7410046,ZRINJEVAC - CVJETNI TRG,Stanovanje,1-sobno,1.0,900.0,EUR,25.0,1903,,"25 m2, 1-sobno, zgrajeno l. 1903, oddamo. Cena: 900,00 EUR/mes",https://www.nepremicnine.net/oglasi-oddaja/zrinjevac-cvjetni-trg-stanovanje_7410046/
7370924,ZRINJEVAC - CVJETNI TRG,Stanovanje,1-sobno,1.0,900.0,EUR,65.0,1940,,"65 m2, 1-sobno, zgrajeno l. 1940, oddamo. Cena: 900,00 EUR/mes",https://www.nepremicnine.net/oglasi-oddaja/zrinjevac-cvjetni-trg-stanovanje_7370924/
7394821,ZRINJEVAC - CVJETNI TRG,Stanovanje,2-sobno,2.0,1300.0,EUR,70.0,1930,,"70 m2, 2-sobno, zgrajeno l. 1930, oddamo. Cena: 1.300,00 EUR/mes",https://www.nepremicnine.net/oglasi-oddaja/zrinjevac-cvjetni-trg-stanovanje_7394821/
7357426,ZRINJEVAC - CVJETNI TRG,Stanovanje,1-sobno,1.0,2200.0,EUR,73.0,2011,,"73 m2, 1-sobno, zgrajeno l. 2011, oddamo. Cena: 2.200,00 EUR/mes",https://www.nepremicnine.net/oglasi-oddaja/zrinjevac-cvjetni-trg-stanovanje_7357426/
7394820,ZRINJEVAC - CVJETNI TRG,Stanovanje,2-sobno,2.0,1400.0,EUR,79.0,1960,,"79 m2, 2-sobno, zgrajeno l. 1960, oddamo. Cena: 1.400,00 EUR/mes",https://www.nepremicnine.net/oglasi-oddaja/zrinjevac-cvjetni-trg-stanovanje_7394820/
7266972,ZRINJEVAC - CVJETNI TRG,Stanovanje,3-sobno,3.0,1200.0,EUR,100.0,1895,,"100 m2, 3-sobno, zgrajeno l. 1895, oddamo. Cena: 1.200,00 EUR/mes",https://www.nepremicnine.net/oglasi-oddaja/zrinjevac-cvjetni-trg-stanovanje_7266972/
7267225,ZRINJEVAC - CVJETNI TRG,Stanovanje,2-sobno,2.0,2600.0,EUR,106.0,2006,,"106 m2, 2-sobno, zgrajeno l. 2006, oddamo. Cena: 2.600,00 EUR/mes",https://www.nepremicnine.net/oglasi-oddaja/zrinjevac-cvjetni-trg-stanovanje_7267225/
7127248,ZRINJEVAC - CVJETNI TRG,Stanovanje,1-sobno,1.0,2500.0,EUR,110.0,,,"110 m2, 1-sobno, ""penthouse"", oddamo. Cena: 2.500,00 EUR/mes",https://www.nepremicnine.net/oglasi-oddaja/zrinjevac-cvjetni-trg-stanovanje_7127248/
7410860,ZRINJEVAC - CVJETNI TRG,Stanovanje,5 in večsobno,,2000.0,EUR,119.0,1905,,"119 m2, 5 in večsobno, zgrajeno l. 1905, oddamo. Cena: 2.000,00 EUR/mes",https://www.nepremicnine.net/oglasi-oddaja/zrinjevac-cvjetni-trg-stanovanje_7410860/
7390501,ZRINJEVAC - CVJETNI TRG,Stanovanje,3-sobno,3.0,2300.0,EUR,136.0,1928,,"136 m2, 3-sobno, zgrajeno l. 1928, oddamo. Cena: 2.300,00 EUR/mes",https://www.nepremicnine.net/oglasi-oddaja/zrinjevac-cvjetni-trg-stanovanje_7390501/
7291227,ZRINJEVAC - CVJETNI TRG,Stanovanje,4-sobno,4.0,2000.0,EUR,163.0,,,"163 m2, 4-sobno, oddamo. Cena: 2.000,00 EUR/mes",https://www.nepremicnine.net/oglasi-oddaja/zrinjevac-cvjetni-trg-stanovanje_7291227/
7292382,ZRINJEVAC - CVJETNI TRG,Stanovanje,2-sobno,2.0,2000.0,EUR,180.0,1928,,"180 m2, 2-sobno, zgrajeno l. 1928, oddamo. Cena: 2.000,00 EUR/mes",https://www.nepremicnine.net/oglasi-oddaja/zrinjevac-cvjetni-trg-stanovanje_7292382/
7306604,ZRINJEVAC - CVJETNI TRG,Stanovanje,2-sobno,2.0,4000.0,EUR,183.0,,,"183 m2, 2-sobno, oddamo. Cena: 4.000,00 EUR/mes",https://www.nepremicnine.net/oglasi-oddaja/zrinjevac-cvjetni-trg-stanovanje_7306604/
7036426,"ZRINJEVAC - CVJETNI TRG, BERISLAVIĆEVA",Stanovanje,5 in večsobno,,3500.0,EUR,220.0,,,"220 m2, 5 in večsobno, oddamo. Cena: 3.500,00 EUR/mes",https://www.nepremicnine.net/oglasi-oddaja/zrinjevac-cvjetni-trg-berislaviceva-stanovanje_7036426/
7394597,"ZRINJEVAC - CVJETNI TRG, CENTAR",Stanovanje,3-sobno,3.0,1450.0,EUR,148.0,,,"148 m2, 3-sobno, oddamo. Cena: 1.450,00 EUR/mes",https://www.nepremicnine.net/oglasi-oddaja/zrinjevac-cvjetni-trg-centar-stanovanje_7394597/
7300881,"ZRINJEVAC - CVJETNI TRG, DONJI GRAD",Stanovanje,1-sobno,1.0,1100.0,EUR,33.0,,,"33 m2, 1-sobno, oddamo. Cena: 1.100,00 EUR/mes",https://www.nepremicnine.net/oglasi-oddaja/zrinjevac-cvjetni-trg-donji-grad-stanovanje_7300881/
7286601,"ZRINJEVAC - CVJETNI TRG, DONJI GRAD",Stanovanje,1-sobno,1.0,950.0,EUR,38.0,,,"38 m2, 1-sobno, oddamo. Cena: 950,00 EUR/mes",https://www.nepremicnine.net/oglasi-oddaja/zrinjevac-cvjetni-trg-donji-grad-stanovanje_7286601/
7306537,"ZRINJEVAC - CVJETNI TRG, DONJI GRAD",Stanovanje,1-sobno,1.0,1100.0,EUR,45.0,,,"45 m2, 1-sobno, oddamo. Cena: 1.100,00 EUR/mes",https://www.nepremicnine.net/oglasi-oddaja/zrinjevac-cvjetni-trg-donji-grad-stanovanje_7306537/
7309608,"ZRINJEVAC - CVJETNI TRG, DONJI GRAD",Stanovanje,1-sobno,1.0,900.0,EUR,65.0,,,"65 m2, 1-sobno, oddamo. Cena: 900,00 EUR/mes",https://www.nepremicnine.net/oglasi-oddaja/zrinjevac-cvjetni-trg-donji-grad-stanovanje_7309608/
7388311,"ZRINJEVAC - CVJETNI TRG, DONJI GRAD",Stanovanje,1-sobno,1.0,1150.0,EUR,70.0,,,"70 m2, 1-sobno, oddamo. Cena: 1.150,00 EUR/mes",https://www.nepremicnine.net/oglasi-oddaja/zrinjevac-cvjetni-trg-donji-grad-stanovanje_7388311/
6897216,"ZRINJEVAC - CVJETNI TRG, DONJI GRAD",Stanovanje,2-sobno,2.0,2000.0,EUR,85.0,,,"85 m2, 2-sobno, oddamo. Cena: 2.000,00 EUR/mes",https://www.nepremicnine.net/oglasi-oddaja/zrinjevac-cvjetni-trg-donji-grad-stanovanje_6897216/
6682173,"ZRINJEVAC - CVJETNI TRG, DONJI GRAD",Stanovanje,3-sobno,3.0,2300.0,EUR,116.0,,,"116 m2, 3-sobno, oddamo. Cena: 2.300,00 EUR/mes",https://www.nepremicnine.net/oglasi-oddaja/zrinjevac-cvjetni-trg-donji-grad-stanovanje_6682173/
7359530,"ZRINJEVAC - CVJETNI TRG, FRANE PETRIĆA",Stanovanje,1-sobno,1.0,1100.0,EUR,47.0,,,"47 m2, 1-sobno, oddamo. Cena: 1.100,00 EUR/mes",https://www.nepremicnine.net/oglasi-oddaja/zrinjevac-cvjetni-trg-frane-petrica-stanovanje_7359530/
7371040,"ZRINJEVAC - CVJETNI TRG, IGNJATA ĐORĐIĆA",Stanovanje,1-sobno,1.0,850.0,EUR,31.0,,,"31 m2, 1-sobno, oddamo. Cena: 850,00 EUR/mes",https://www.nepremicnine.net/oglasi-oddaja/zrinjevac-cvjetni-trg-ignjata-dordica-stanovanje_7371040/
6981941,"ZRINJEVAC - CVJETNI TRG, JURIŠIĆEVA",Stanovanje,2-sobno,2.0,1200.0,EUR,100.0,,,"100 m2, 2-sobno, oddamo. Cena: 1.200,00 EUR/mes",https://www.nepremicnine.net/oglasi-oddaja/zrinjevac-cvjetni-trg-jurisiceva-stanovanje_6981941/
7375178,"ZRINJEVAC - CVJETNI TRG, TESLINA",Stanovanje,1-sobno,1.0,800.0,EUR,28.0,,,"28 m2, 1-sobno, oddamo. Cena: 800,00 EUR/mes",https://www.nepremicnine.net/oglasi-oddaja/zrinjevac-cvjetni-trg-teslina-stanovanje_7375178/
7285035,"ZRINJEVAC - CVJETNI TRG, TESLINA",Stanovanje,2-sobno,2.0,1600.0,EUR,74.0,,,"74 m2, 2-sobno, oddamo. Cena: 1.600,00 EUR/mes",https://www.nepremicnine.net/oglasi-oddaja/zrinjevac-cvjetni-trg-teslina-stanovanje_7285035/
7359514,"ZRINJEVAC - CVJETNI TRG, TESLINA",Stanovanje,2-sobno,2.0,2000.0,EUR,76.0,,,"76 m2, 2-sobno, oddamo. Cena: 2.000,00 EUR/mes",https://www.nepremicnine.net/oglasi-oddaja/zrinjevac-cvjetni-trg-teslina-stanovanje_7359514/
7392074,ZUPANČIČEVA JAMA,Stanovanje,2-sobno,2.0,1060.0,EUR,50.0,2005,1,"50 m2, 2-sobno, zgrajeno l. 2005, adaptirano l. 2020, 1. nad., oddamo. Cena: 1.060,00 EUR/mes",https://www.nepremicnine.net/oglasi-oddaja/zupanciceva-jama-stanovanje_7392074/
7075218,ZUPANČIČEVA JAMA,Stanovanje,2-sobno,2.0,1400.0,EUR,74.7,2018,5,"74,7 m2, 2-sobno, zgrajeno l. 2018, 5. nad., oddamo. Cena: 1.400,00 EUR/mes",https://www.nepremicnine.net/oglasi-oddaja/zupanciceva-jama-stanovanje_7075218/
7351146,ZUPANČIČEVA JAMA,Stanovanje,2-sobno,2.0,1400.0,EUR,74.7,2018,5,"74,7 m2, 2-sobno, zgrajeno l. 2018, adaptirano l. 2022, 5. nad., Oddamo čudovito, dizajnersko opremljeno stanovanje po m...",https://www.nepremicnine.net/oglasi-oddaja/zupanciceva-jama-stanovanje_7351146/
7396029,ZUPANČIČEVA JAMA,Stanovanje,"3,5-sobno",3.5,2450.0,EUR,108.0,2005,5/7,"108 m2, 3,5-sobno, zgrajeno l. 2005, 5/7 nad., Svetlo, prostorno 3,5-sobno stanovanje 108 m2 bivalne površine, z ložo, g...",https://www.nepremicnine.net/oglasi-oddaja/zupanciceva-jama-stanovanje_7396029/
7402925,ZUPANČIČEVA JAMA,Stanovanje,3-sobno,3.0,1700.0,EUR,108.6,1997,3/3,"108,6 m2, 3-sobno, zgrajeno l. 1997, 3/3 nad., oddamo. Cena: 1.700,00 EUR/mes",https://www.nepremicnine.net/oglasi-oddaja/zupanciceva-jama-stanovanje_7402925/
7363259,ZUPANČIČEVA JAMA,Stanovanje,3-sobno,3.0,1700.0,EUR,110.0,1997,3/3,"110 m2, 3-sobno, zgrajeno l. 1997, 3/3 nad., Oddamo luksuzni 3- sobni stanovanjski dupleks, v velikosti 110 m2 v Zupanči...",https://www.nepremicnine.net/oglasi-oddaja/zupanciceva-jama-stanovanje_7363259/
7383358,ZUPANČIČEVA JAMA,Stanovanje,3-sobno,3.0,1700.0,EUR,110.1,1997,3/3,"110,1 m2, 3-sobno, zgrajeno l. 1997, 3/3 nad., svetlo, s kvalitetno opremo, oddamo. Cena: 1.700,00 EUR/mes",https://www.nepremicnine.net/oglasi-oddaja/zupanciceva-jama-stanovanje_7383358/
7404703,ZUPANČIČEVA JAMA,Stanovanje,3-sobno,3.0,1700.0,EUR,110.1,1997,3/3,"110,1 m2, 3-sobno, zgrajeno l. 1997, 3/3 nad., V Zupančičevi jami v Ljubljani oddamo svetlo 3-sobno dupleks stanovanje v...",https://www.nepremicnine.net/oglasi-oddaja/zupanciceva-jama-stanovanje_7404703/
7380464,ZUPANČIČEVA JAMA,Stanovanje,3-sobno,3.0,1700.0,EUR,110.1,1997,4/4,"110,1 m2, 3-sobno, zgrajeno l. 1997, 4/4 nad., oddaja se svetel in nadstandardno opremljen 3 sobni dupleks v zupančičevi...",https://www.nepremicnine.net/oglasi-oddaja/zupanciceva-jama-stanovanje_7380464/
7408955,ZUPANČIČEVA JAMA,Stanovanje,4-sobno,4.0,2500.0,EUR,137.3,1995,4/5,"137,3 m2, 4-sobno, zgrajeno l. 1995, adaptirano l. 2021, 4/5 nad., oddamo. Cena: 2.500,00 EUR/mes",https://www.nepremicnine.net/oglasi-oddaja/zupanciceva-jama-stanovanje_7408955/
7381138,ZUPANČIČEVA JAMA,Stanovanje,4-sobno,4.0,2500.0,EUR,137.3,1995,4,"137,3 m2, 4-sobno, zgrajeno l. 1995, 4. nad., oddamo. Cena: 2.500,00 EUR/mes",https://www.nepremicnine.net/oglasi-oddaja/zupanciceva-jama-stanovanje_7381138/
7382008,ZUPANČIČEVA JAMA,Stanovanje,5 in večsobno,,4000.0,EUR,336.1,2005,5,"336,1 m2, 5 in večsobno, zgrajeno l. 2005, 5. nad., oddamo. Cena: 4.000,00 EUR/mes",https://www.nepremicnine.net/oglasi-oddaja/zupanciceva-jama-stanovanje_7382008/
7412205,"ZUPANČIČEVA JAMA, BEŽIGRAD",Stanovanje,2-sobno,2.0,1000.0,EUR,54.0,1991,2,"54 m2, 2-sobno, zgrajeno l. 1991, adaptirano l. 2023, 2. nad., ODDAMO, 2-sobno stanovanje, 54 m2 + garaža / opremljeno/ ...",https://www.nepremicnine.net/oglasi-oddaja/zupanciceva-jama-bezigrad-stanovanje_7412205/
7385657,"ZUPANČIČEVA JAMA, HACQUETOVA ULICA",Stanovanje,4-sobno,4.0,3700.0,EUR,211.0,1997,3/4,"211 m2, 4-sobno, ""penthouse"", zgrajeno l. 1997, adaptirano l. 2017, 3/4 nad., Oddam ekskluzivno 4 sobno prosto...",https://www.nepremicnine.net/oglasi-oddaja/zupanciceva-jama-hacquetova-ulica-stanovanje_7385657/
6959619,"ZUPANČIČEVA JAMA, LJ.",Stanovanje,Soba,,230.0,EUR,15.0,1995,5/5,"15 m2, soba, zgrajena l. 1995, 5/5 nad., oddamo(primerno za študent(k)e);2-posteljno sobo,zupančičeva jama,bežigrad;15 m...",https://www.nepremicnine.net/oglasi-oddaja/zupanciceva-jama-lj-stanovanje_6959619/
7411462,"ZUPANČIČEVA JAMA, LJ.",Stanovanje,"2,5-sobno",2.5,1200.0,EUR,53.0,1995,5/5,"53 m2, 2,5-sobno, zgrajeno l. 1995, 5/5 nad., oddamo(primerno za študent(k)e) 2,5-sobno stan.,zupančičevajama,bežigrad;5...",https://www.nepremicnine.net/oglasi-oddaja/zupanciceva-jama-lj-stanovanje_7411462/
7412862,"ŽABNICA, KRANJ",Stanovanje,Soba,,450.0,EUR,12.0,2015,1/1,"12 m2, soba, zgrajena l. 2015, 1/1 nad., oddamo. Cena: 450,00 EUR/mes",https://www.nepremicnine.net/oglasi-oddaja/zabnica-kranj-stanovanje_7412862/
7389983,ŽALEC,Stanovanje,"2,5-sobno",2.5,650.0,EUR,62.0,1958,3/4,"62 m2, 2,5-sobno, v stavbi zgrajeni l. 1958, 3/4 nad., oddamo. Cena: 650,00 EUR/mes",https://www.nepremicnine.net/oglasi-oddaja/zalec-stanovanje_7389983/
7397728,"ŽALEC, BEVKOVA ULICA 9",Stanovanje,2-sobno,2.0,600.0,EUR,58.0,1989,2/6,"58 m2, 2-sobno, zgrajeno l. 1989, adaptirano l. 2022, 2/6 nad., Opremljeno, oddamo. Cena: 600,00 EUR/mes",https://www.nepremicnine.net/oglasi-oddaja/zalec-bevkova-ulica-9-stanovanje_7397728/
7413013,"ŽALEC, KIDRIČEVA ULICA",Stanovanje,Garsonjera,,400.0,EUR,28.0,1990,4/6,"28 m2, garsonjera, zgrajena l. 1990, 4/6 nad., Oddam garsonjero v Žalcu. Primerno za eno osebo. 400 EUR + cca 150 EUR st...",https://www.nepremicnine.net/oglasi-oddaja/zalec-kidriceva-ulica-stanovanje_7413013/
7403245,"ŽALEC, SOSESKA FRENGA",Stanovanje,"2,5-sobno",2.5,850.0,EUR,58.4,2025,3/5,"58,4 m2, 2,5-sobno, zgrajeno l. 2025, 3/5 nad., oddamo. Cena: 850,00 EUR/mes",https://www.nepremicnine.net/oglasi-oddaja/zalec-soseska-frenga-stanovanje_7403245/
7408415,"ŽALEC, SOSESKA FRENGA",Stanovanje,3-sobno,3.0,1100.0,EUR,122.3,2020,P/5,"122,3 m2, 3-sobno, novogradnja - zgr. l. 2020, P/5 nad., Svetlo, prostorno in nadstandardno opremljeno 3-sobno stanovanj...",https://www.nepremicnine.net/oglasi-oddaja/zalec-soseska-frenga-stanovanje_7408415/
7380367,"ŽALEC, SOSESKA FRENGA, ARNIČEVA 4",Stanovanje,3-sobno,3.0,850.0,EUR,67.0,2020,4/5,"67 m2, 3-sobno, zgrajeno l. 2020, 4/5 nad., oddamo. Cena: 850,00 EUR/mes",https://www.nepremicnine.net/oglasi-oddaja/zalec-soseska-frenga-arniceva-4-stanovanje_7380367/
7409610,ŽELEZNIKI,Stanovanje,Garsonjera,,350.0,EUR,23.7,1965,,"23,7 m2, garsonjera, zgrajena l. 1965, oddamo. Cena: 350,00 EUR/mes",https://www.nepremicnine.net/oglasi-oddaja/zelezniki-stanovanje_7409610/
7413796,ŽELEZNIKI,Stanovanje,3-sobno,3.0,600.0,EUR,76.0,1975,5/5,"76 m2, 3-sobno, zgrajeno l. 1975, adaptirano l. 2006, 5/5 nad., oddamo. Cena: 600,00 EUR/mes",https://www.nepremicnine.net/oglasi-oddaja/zelezniki-stanovanje_7413796/
7296089,"ŽITNJAK, DAVORA ZBILJSKOG",Stanovanje,1-sobno,1.0,900.0,EUR,59.0,,,"59 m2, 1-sobno, oddamo. Cena: 900,00 EUR/mes",https://www.nepremicnine.net/oglasi-oddaja/zitnjak-davora-zbiljskog-stanovanje_7296089/
7250297,"ŽITNJAK, IVANJA REKA, PEŠČENICA",Stanovanje,2-sobno,2.0,160.0,EUR,70.0,,,"70 m2, 2-sobno, oddamo. Cena: 160,00 EUR/mes",https://www.nepremicnine.net/oglasi-oddaja/zitnjak-ivanja-reka-pescenica-stanovanje_7250297/
7254069,"ŽITNJAK, KOZARI BOK, PEŠČENICA",Stanovanje,3-sobno,3.0,180.0,EUR,100.0,,,"100 m2, 3-sobno, oddamo. Cena: 180,00 EUR/mes",https://www.nepremicnine.net/oglasi-oddaja/zitnjak-kozari-bok-pescenica-stanovanje_7254069/
7243217,"ŽITNJAK, KOZARI PUT, PEŠČENICA",Stanovanje,Drugo,,500.0,EUR,20.0,,,"20 m2, stanovanje, oddamo. Cena: 500,00 EUR/mes",https://www.nepremicnine.net/oglasi-oddaja/zitnjak-kozari-put-pescenica-stanovanje_7243217/
7319096,"ŽITNJAK, KOZARI PUT, PEŠČENICA",Stanovanje,2-sobno,2.0,1000.0,EUR,40.0,,,"40 m2, 2-sobno, oddamo. Cena: 1.000,00 EUR/mes",https://www.nepremicnine.net/oglasi-oddaja/zitnjak-kozari-put-pescenica-stanovanje_7319096/
7252618,"ŽITNJAK, KOZARI PUT, PEŠČENICA",Stanovanje,2-sobno,2.0,1000.0,EUR,75.0,,,"75 m2, 2-sobno, oddamo. Cena: 1.000,00 EUR/mes",https://www.nepremicnine.net/oglasi-oddaja/zitnjak-kozari-put-pescenica-stanovanje_7252618/
7243195,"ŽITNJAK, KOZARI PUT, PEŠČENICA",Stanovanje,3-sobno,3.0,180.0,EUR,92.0,,,"92 m2, 3-sobno, oddamo. Cena: 180,00 EUR/mes",https://www.nepremicnine.net/oglasi-oddaja/zitnjak-kozari-put-pescenica-stanovanje_7243195/
7243187,"ŽITNJAK, KOZARI PUT, PEŠČENICA",Stanovanje,3-sobno,3.0,250.0,EUR,120.0,,,"120 m2, 3-sobno, oddamo. Cena: 250,00 EUR/mes",https://www.nepremicnine.net/oglasi-oddaja/zitnjak-kozari-put-pescenica-stanovanje_7243187/
7243165,"ŽITNJAK, KOZARI PUT, PEŠČENICA",Stanovanje,3-sobno,3.0,250.0,EUR,120.0,,,"120 m2, 3-sobno, oddamo. Cena: 250,00 EUR/mes",https://www.nepremicnine.net/oglasi-oddaja/zitnjak-kozari-put-pescenica-stanovanje_7243165/
7242436,"ŽITNJAK, KOZARI, PEŠČENICA",Stanovanje,3-sobno,3.0,1320.0,EUR,60.0,,,"60 m2, 3-sobno, oddamo. Cena: 1.320,00 EUR/mes",https://www.nepremicnine.net/oglasi-oddaja/zitnjak-kozari-pescenica-stanovanje_7242436/
7243203,"ŽITNJAK, KOZARI, PEŠČENICA",Stanovanje,3-sobno,3.0,1000.0,EUR,65.0,,,"65 m2, 3-sobno, oddamo. Cena: 1.000,00 EUR/mes",https://www.nepremicnine.net/oglasi-oddaja/zitnjak-kozari-pescenica-stanovanje_7243203/
7243291,"ŽITNJAK, KOZARI, PEŠČENICA",Stanovanje,3-sobno,3.0,190.0,EUR,85.0,,,"85 m2, 3-sobno, oddamo. Cena: 190,00 EUR/mes",https://www.nepremicnine.net/oglasi-oddaja/zitnjak-kozari-pescenica-stanovanje_7243291/
7252125,"ŽITNJAK, KOZARI, PEŠČENICA",Stanovanje,3-sobno,3.0,200.0,EUR,85.0,,,"85 m2, 3-sobno, oddamo. Cena: 200,00 EUR/mes",https://www.nepremicnine.net/oglasi-oddaja/zitnjak-kozari-pescenica-stanovanje_7252125/
7315266,"ŽITNJAK, KOZARI, PEŠČENICA",Stanovanje,Drugo,,200.0,EUR,130.0,,,"130 m2, stanovanje, oddamo. Cena: 200,00 EUR/mes",https://www.nepremicnine.net/oglasi-oddaja/zitnjak-kozari-pescenica-stanovanje_7315266/
7372266,"ŽITNJAK, PEŠČENICA",Stanovanje,1-sobno,1.0,1000.0,EUR,55.0,,,"55 m2, 1-sobno, oddamo. Cena: 1.000,00 EUR/mes",https://www.nepremicnine.net/oglasi-oddaja/zitnjak-pescenica-stanovanje_7372266/
7243581,"ŽITNJAK, PEŠČENICA",Stanovanje,3-sobno,3.0,240.0,EUR,90.0,,,"90 m2, 3-sobno, oddamo. Cena: 240,00 EUR/mes",https://www.nepremicnine.net/oglasi-oddaja/zitnjak-pescenica-stanovanje_7243581/
7400443,"ŽITNJAK, PETRUŠEVEC",Stanovanje,2-sobno,2.0,800.0,EUR,53.0,,,"53 m2, 2-sobno, oddamo. Cena: 800,00 EUR/mes",https://www.nepremicnine.net/oglasi-oddaja/zitnjak-petrusevec-stanovanje_7400443/
7397641,"ŽITNJAK, PETRUŠEVEC",Stanovanje,2-sobno,2.0,900.0,EUR,60.0,,,"60 m2, 2-sobno, oddamo. Cena: 900,00 EUR/mes",https://www.nepremicnine.net/oglasi-oddaja/zitnjak-petrusevec-stanovanje_7397641/
7254446,"ŽITNJAK, PETRUŠEVEC, PEŠČENICA",Stanovanje,3-sobno,3.0,200.0,EUR,100.0,,,"100 m2, 3-sobno, oddamo. Cena: 200,00 EUR/mes",https://www.nepremicnine.net/oglasi-oddaja/zitnjak-petrusevec-pescenica-stanovanje_7254446/
7408307,"ŽLEBE, 4KM IZ MEDVOD",Stanovanje,2-sobno,2.0,600.0,EUR,60.0,1956,P,"60 m2, 2-sobno, zgrajeno l. 1956, pritličje, oddamo. Cena: 600,00 EUR/mes",https://www.nepremicnine.net/oglasi-oddaja/zlebe-4km-iz-medvod-stanovanje_7408307/
7365893,ŽRNOVNICA,Stanovanje,1-sobno,1.0,1000.0,EUR,44.0,,,"44 m2, 1-sobno, oddamo. Cena: 1.000,00 EUR/mes",https://www.nepremicnine.net/oglasi-oddaja/zrnovnica-stanovanje_7365893/
